[0.154s] DEBUG:colcon:Command line arguments: ['/usr/bin/colcon', 'build', '--symlink-install']
[0.154s] DEBUG:colcon:Parsed command line arguments: Namespace(log_base=None, log_level=None, verb_name='build', build_base='build', install_base='install', merge_install=False, symlink_install=True, test_result_base=None, continue_on_error=False, executor='parallel', parallel_workers=8, event_handlers=None, ignore_user_meta=False, metas=['./colcon.meta'], base_paths=['.'], packages_ignore=None, packages_ignore_regex=None, paths=None, packages_up_to=None, packages_up_to_regex=None, packages_above=None, packages_above_and_dependencies=None, packages_above_depth=None, packages_select_by_dep=None, packages_skip_by_dep=None, packages_skip_up_to=None, packages_select_build_failed=False, packages_skip_build_finished=False, packages_select_test_failures=False, packages_skip_test_passed=False, packages_select=None, packages_skip=None, packages_select_regex=None, packages_skip_regex=None, packages_start=None, packages_end=None, allow_overriding=[], cmake_args=None, cmake_target=None, cmake_target_skip_unavailable=False, cmake_clean_cache=False, cmake_clean_first=False, cmake_force_configure=False, ament_cmake_args=None, catkin_cmake_args=None, catkin_skip_building_tests=False, mixin_files=None, mixin=None, verb_parser=<colcon_mixin.mixin.mixin_argument.MixinArgumentDecorator object at 0xe42215e85e50>, verb_extension=<colcon_core.verb.build.BuildVerb object at 0xe42216063b90>, main=<bound method BuildVerb.main of <colcon_core.verb.build.BuildVerb object at 0xe42216063b90>>, mixin_verb=('build',))
[0.201s] Level 1:colcon.colcon_core.package_discovery:discover_packages(colcon_meta) check parameters
[0.201s] Level 1:colcon.colcon_core.package_discovery:discover_packages(recursive) check parameters
[0.201s] Level 1:colcon.colcon_core.package_discovery:discover_packages(ignore) check parameters
[0.201s] Level 1:colcon.colcon_core.package_discovery:discover_packages(path) check parameters
[0.201s] Level 1:colcon.colcon_core.package_discovery:discover_packages(colcon_meta) discover
[0.201s] Level 1:colcon.colcon_core.package_discovery:discover_packages(recursive) discover
[0.201s] INFO:colcon.colcon_core.package_discovery:Crawling recursively for packages in '/home/maksmykha/Documents/RobotikProject'
[0.201s] Level 1:colcon.colcon_core.package_identification:_identify(.) by extensions ['ignore', 'ignore_ament_install']
[0.201s] Level 1:colcon.colcon_core.package_identification:_identify(.) by extension 'ignore'
[0.201s] Level 1:colcon.colcon_core.package_identification:_identify(.) by extension 'ignore_ament_install'
[0.201s] Level 1:colcon.colcon_core.package_identification:_identify(.) by extensions ['colcon_pkg']
[0.201s] Level 1:colcon.colcon_core.package_identification:_identify(.) by extension 'colcon_pkg'
[0.201s] Level 1:colcon.colcon_core.package_identification:_identify(.) by extensions ['colcon_meta']
[0.201s] Level 1:colcon.colcon_core.package_identification:_identify(.) by extension 'colcon_meta'
[0.202s] Level 1:colcon.colcon_core.package_identification:_identify(.) by extensions ['ros']
[0.202s] Level 1:colcon.colcon_core.package_identification:_identify(.) by extension 'ros'
[0.226s] Level 1:colcon.colcon_core.package_identification:_identify(.) by extensions ['cmake', 'python']
[0.226s] Level 1:colcon.colcon_core.package_identification:_identify(.) by extension 'cmake'
[0.226s] Level 1:colcon.colcon_core.package_identification:_identify(.) by extension 'python'
[0.226s] Level 1:colcon.colcon_core.package_identification:_identify(.) by extensions ['python_setup_py']
[0.226s] Level 1:colcon.colcon_core.package_identification:_identify(.) by extension 'python_setup_py'
[0.226s] Level 1:colcon.colcon_core.package_identification:_identify(build) by extensions ['ignore', 'ignore_ament_install']
[0.226s] Level 1:colcon.colcon_core.package_identification:_identify(build) by extension 'ignore'
[0.226s] Level 1:colcon.colcon_core.package_identification:_identify(build) ignored
[0.226s] Level 1:colcon.colcon_core.package_identification:_identify(install) by extensions ['ignore', 'ignore_ament_install']
[0.226s] Level 1:colcon.colcon_core.package_identification:_identify(install) by extension 'ignore'
[0.226s] Level 1:colcon.colcon_core.package_identification:_identify(install) ignored
[0.226s] Level 1:colcon.colcon_core.package_identification:_identify(log) by extensions ['ignore', 'ignore_ament_install']
[0.226s] Level 1:colcon.colcon_core.package_identification:_identify(log) by extension 'ignore'
[0.227s] Level 1:colcon.colcon_core.package_identification:_identify(log) ignored
[0.227s] Level 1:colcon.colcon_core.package_identification:_identify(src) by extensions ['ignore', 'ignore_ament_install']
[0.227s] Level 1:colcon.colcon_core.package_identification:_identify(src) by extension 'ignore'
[0.227s] Level 1:colcon.colcon_core.package_identification:_identify(src) by extension 'ignore_ament_install'
[0.227s] Level 1:colcon.colcon_core.package_identification:_identify(src) by extensions ['colcon_pkg']
[0.227s] Level 1:colcon.colcon_core.package_identification:_identify(src) by extension 'colcon_pkg'
[0.227s] Level 1:colcon.colcon_core.package_identification:_identify(src) by extensions ['colcon_meta']
[0.227s] Level 1:colcon.colcon_core.package_identification:_identify(src) by extension 'colcon_meta'
[0.227s] Level 1:colcon.colcon_core.package_identification:_identify(src) by extensions ['ros']
[0.227s] Level 1:colcon.colcon_core.package_identification:_identify(src) by extension 'ros'
[0.227s] Level 1:colcon.colcon_core.package_identification:_identify(src) by extensions ['cmake', 'python']
[0.227s] Level 1:colcon.colcon_core.package_identification:_identify(src) by extension 'cmake'
[0.227s] Level 1:colcon.colcon_core.package_identification:_identify(src) by extension 'python'
[0.227s] Level 1:colcon.colcon_core.package_identification:_identify(src) by extensions ['python_setup_py']
[0.227s] Level 1:colcon.colcon_core.package_identification:_identify(src) by extension 'python_setup_py'
[0.228s] Level 1:colcon.colcon_core.package_identification:_identify(src/robot_description) by extensions ['ignore', 'ignore_ament_install']
[0.228s] Level 1:colcon.colcon_core.package_identification:_identify(src/robot_description) by extension 'ignore'
[0.228s] Level 1:colcon.colcon_core.package_identification:_identify(src/robot_description) by extension 'ignore_ament_install'
[0.228s] Level 1:colcon.colcon_core.package_identification:_identify(src/robot_description) by extensions ['colcon_pkg']
[0.228s] Level 1:colcon.colcon_core.package_identification:_identify(src/robot_description) by extension 'colcon_pkg'
[0.228s] Level 1:colcon.colcon_core.package_identification:_identify(src/robot_description) by extensions ['colcon_meta']
[0.228s] Level 1:colcon.colcon_core.package_identification:_identify(src/robot_description) by extension 'colcon_meta'
[0.228s] Level 1:colcon.colcon_core.package_identification:_identify(src/robot_description) by extensions ['ros']
[0.228s] Level 1:colcon.colcon_core.package_identification:_identify(src/robot_description) by extension 'ros'
[0.231s] DEBUG:colcon.colcon_core.package_identification:Package 'src/robot_description' with type 'ros.ament_cmake' and name 'robot_description'
[0.231s] Level 1:colcon.colcon_core.package_identification:_identify(src/robotik_bringup) by extensions ['ignore', 'ignore_ament_install']
[0.231s] Level 1:colcon.colcon_core.package_identification:_identify(src/robotik_bringup) by extension 'ignore'
[0.231s] Level 1:colcon.colcon_core.package_identification:_identify(src/robotik_bringup) by extension 'ignore_ament_install'
[0.231s] Level 1:colcon.colcon_core.package_identification:_identify(src/robotik_bringup) by extensions ['colcon_pkg']
[0.232s] Level 1:colcon.colcon_core.package_identification:_identify(src/robotik_bringup) by extension 'colcon_pkg'
[0.232s] Level 1:colcon.colcon_core.package_identification:_identify(src/robotik_bringup) by extensions ['colcon_meta']
[0.232s] Level 1:colcon.colcon_core.package_identification:_identify(src/robotik_bringup) by extension 'colcon_meta'
[0.232s] Level 1:colcon.colcon_core.package_identification:_identify(src/robotik_bringup) by extensions ['ros']
[0.232s] Level 1:colcon.colcon_core.package_identification:_identify(src/robotik_bringup) by extension 'ros'
[0.232s] DEBUG:colcon.colcon_core.package_identification:Package 'src/robotik_bringup' with type 'ros.ament_python' and name 'robotik_bringup'
[0.233s] Level 1:colcon.colcon_core.package_identification:_identify(src/robotik_control) by extensions ['ignore', 'ignore_ament_install']
[0.233s] Level 1:colcon.colcon_core.package_identification:_identify(src/robotik_control) by extension 'ignore'
[0.233s] Level 1:colcon.colcon_core.package_identification:_identify(src/robotik_control) by extension 'ignore_ament_install'
[0.233s] Level 1:colcon.colcon_core.package_identification:_identify(src/robotik_control) by extensions ['colcon_pkg']
[0.233s] Level 1:colcon.colcon_core.package_identification:_identify(src/robotik_control) by extension 'colcon_pkg'
[0.233s] Level 1:colcon.colcon_core.package_identification:_identify(src/robotik_control) by extensions ['colcon_meta']
[0.233s] Level 1:colcon.colcon_core.package_identification:_identify(src/robotik_control) by extension 'colcon_meta'
[0.233s] Level 1:colcon.colcon_core.package_identification:_identify(src/robotik_control) by extensions ['ros']
[0.233s] Level 1:colcon.colcon_core.package_identification:_identify(src/robotik_control) by extension 'ros'
[0.234s] DEBUG:colcon.colcon_core.package_identification:Package 'src/robotik_control' with type 'ros.ament_python' and name 'robotik_control'
[0.234s] Level 1:colcon.colcon_core.package_identification:_identify(src/robotik_description) by extensions ['ignore', 'ignore_ament_install']
[0.234s] Level 1:colcon.colcon_core.package_identification:_identify(src/robotik_description) by extension 'ignore'
[0.234s] Level 1:colcon.colcon_core.package_identification:_identify(src/robotik_description) by extension 'ignore_ament_install'
[0.234s] Level 1:colcon.colcon_core.package_identification:_identify(src/robotik_description) by extensions ['colcon_pkg']
[0.234s] Level 1:colcon.colcon_core.package_identification:_identify(src/robotik_description) by extension 'colcon_pkg'
[0.234s] Level 1:colcon.colcon_core.package_identification:_identify(src/robotik_description) by extensions ['colcon_meta']
[0.234s] Level 1:colcon.colcon_core.package_identification:_identify(src/robotik_description) by extension 'colcon_meta'
[0.234s] Level 1:colcon.colcon_core.package_identification:_identify(src/robotik_description) by extensions ['ros']
[0.234s] Level 1:colcon.colcon_core.package_identification:_identify(src/robotik_description) by extension 'ros'
[0.235s] DEBUG:colcon.colcon_core.package_identification:Package 'src/robotik_description' with type 'ros.ament_cmake' and name 'robotik_description'
[0.235s] Level 1:colcon.colcon_core.package_identification:_identify(src/robotik_gazebo) by extensions ['ignore', 'ignore_ament_install']
[0.235s] Level 1:colcon.colcon_core.package_identification:_identify(src/robotik_gazebo) by extension 'ignore'
[0.235s] Level 1:colcon.colcon_core.package_identification:_identify(src/robotik_gazebo) by extension 'ignore_ament_install'
[0.235s] Level 1:colcon.colcon_core.package_identification:_identify(src/robotik_gazebo) by extensions ['colcon_pkg']
[0.235s] Level 1:colcon.colcon_core.package_identification:_identify(src/robotik_gazebo) by extension 'colcon_pkg'
[0.235s] Level 1:colcon.colcon_core.package_identification:_identify(src/robotik_gazebo) by extensions ['colcon_meta']
[0.235s] Level 1:colcon.colcon_core.package_identification:_identify(src/robotik_gazebo) by extension 'colcon_meta'
[0.235s] Level 1:colcon.colcon_core.package_identification:_identify(src/robotik_gazebo) by extensions ['ros']
[0.235s] Level 1:colcon.colcon_core.package_identification:_identify(src/robotik_gazebo) by extension 'ros'
[0.236s] DEBUG:colcon.colcon_core.package_identification:Package 'src/robotik_gazebo' with type 'ros.ament_python' and name 'robotik_gazebo'
[0.236s] Level 1:colcon.colcon_core.package_identification:_identify(src/robotik_sorting) by extensions ['ignore', 'ignore_ament_install']
[0.236s] Level 1:colcon.colcon_core.package_identification:_identify(src/robotik_sorting) by extension 'ignore'
[0.236s] Level 1:colcon.colcon_core.package_identification:_identify(src/robotik_sorting) by extension 'ignore_ament_install'
[0.236s] Level 1:colcon.colcon_core.package_identification:_identify(src/robotik_sorting) by extensions ['colcon_pkg']
[0.236s] Level 1:colcon.colcon_core.package_identification:_identify(src/robotik_sorting) by extension 'colcon_pkg'
[0.236s] Level 1:colcon.colcon_core.package_identification:_identify(src/robotik_sorting) by extensions ['colcon_meta']
[0.236s] Level 1:colcon.colcon_core.package_identification:_identify(src/robotik_sorting) by extension 'colcon_meta'
[0.236s] Level 1:colcon.colcon_core.package_identification:_identify(src/robotik_sorting) by extensions ['ros']
[0.236s] Level 1:colcon.colcon_core.package_identification:_identify(src/robotik_sorting) by extension 'ros'
[0.236s] DEBUG:colcon.colcon_core.package_identification:Package 'src/robotik_sorting' with type 'ros.ament_python' and name 'robotik_sorting'
[0.237s] Level 1:colcon.colcon_core.package_identification:_identify(src/robotik_vision) by extensions ['ignore', 'ignore_ament_install']
[0.237s] Level 1:colcon.colcon_core.package_identification:_identify(src/robotik_vision) by extension 'ignore'
[0.237s] Level 1:colcon.colcon_core.package_identification:_identify(src/robotik_vision) by extension 'ignore_ament_install'
[0.237s] Level 1:colcon.colcon_core.package_identification:_identify(src/robotik_vision) by extensions ['colcon_pkg']
[0.237s] Level 1:colcon.colcon_core.package_identification:_identify(src/robotik_vision) by extension 'colcon_pkg'
[0.237s] Level 1:colcon.colcon_core.package_identification:_identify(src/robotik_vision) by extensions ['colcon_meta']
[0.237s] Level 1:colcon.colcon_core.package_identification:_identify(src/robotik_vision) by extension 'colcon_meta'
[0.237s] Level 1:colcon.colcon_core.package_identification:_identify(src/robotik_vision) by extensions ['ros']
[0.237s] Level 1:colcon.colcon_core.package_identification:_identify(src/robotik_vision) by extension 'ros'
[0.237s] DEBUG:colcon.colcon_core.package_identification:Package 'src/robotik_vision' with type 'ros.ament_python' and name 'robotik_vision'
[0.237s] Level 1:colcon.colcon_core.package_identification:_identify(src/yolo_ros) by extensions ['ignore', 'ignore_ament_install']
[0.238s] Level 1:colcon.colcon_core.package_identification:_identify(src/yolo_ros) by extension 'ignore'
[0.238s] Level 1:colcon.colcon_core.package_identification:_identify(src/yolo_ros) by extension 'ignore_ament_install'
[0.238s] Level 1:colcon.colcon_core.package_identification:_identify(src/yolo_ros) by extensions ['colcon_pkg']
[0.238s] Level 1:colcon.colcon_core.package_identification:_identify(src/yolo_ros) by extension 'colcon_pkg'
[0.238s] Level 1:colcon.colcon_core.package_identification:_identify(src/yolo_ros) by extensions ['colcon_meta']
[0.238s] Level 1:colcon.colcon_core.package_identification:_identify(src/yolo_ros) by extension 'colcon_meta'
[0.238s] Level 1:colcon.colcon_core.package_identification:_identify(src/yolo_ros) by extensions ['ros']
[0.238s] Level 1:colcon.colcon_core.package_identification:_identify(src/yolo_ros) by extension 'ros'
[0.238s] Level 1:colcon.colcon_core.package_identification:_identify(src/yolo_ros) by extensions ['cmake', 'python']
[0.238s] Level 1:colcon.colcon_core.package_identification:_identify(src/yolo_ros) by extension 'cmake'
[0.238s] Level 1:colcon.colcon_core.package_identification:_identify(src/yolo_ros) by extension 'python'
[0.238s] Level 1:colcon.colcon_core.package_identification:_identify(src/yolo_ros) by extensions ['python_setup_py']
[0.238s] Level 1:colcon.colcon_core.package_identification:_identify(src/yolo_ros) by extension 'python_setup_py'
[0.238s] Level 1:colcon.colcon_core.package_identification:_identify(src/yolo_ros/docs) by extensions ['ignore', 'ignore_ament_install']
[0.238s] Level 1:colcon.colcon_core.package_identification:_identify(src/yolo_ros/docs) by extension 'ignore'
[0.238s] Level 1:colcon.colcon_core.package_identification:_identify(src/yolo_ros/docs) by extension 'ignore_ament_install'
[0.238s] Level 1:colcon.colcon_core.package_identification:_identify(src/yolo_ros/docs) by extensions ['colcon_pkg']
[0.238s] Level 1:colcon.colcon_core.package_identification:_identify(src/yolo_ros/docs) by extension 'colcon_pkg'
[0.238s] Level 1:colcon.colcon_core.package_identification:_identify(src/yolo_ros/docs) by extensions ['colcon_meta']
[0.238s] Level 1:colcon.colcon_core.package_identification:_identify(src/yolo_ros/docs) by extension 'colcon_meta'
[0.238s] Level 1:colcon.colcon_core.package_identification:_identify(src/yolo_ros/docs) by extensions ['ros']
[0.238s] Level 1:colcon.colcon_core.package_identification:_identify(src/yolo_ros/docs) by extension 'ros'
[0.238s] Level 1:colcon.colcon_core.package_identification:_identify(src/yolo_ros/docs) by extensions ['cmake', 'python']
[0.238s] Level 1:colcon.colcon_core.package_identification:_identify(src/yolo_ros/docs) by extension 'cmake'
[0.238s] Level 1:colcon.colcon_core.package_identification:_identify(src/yolo_ros/docs) by extension 'python'
[0.238s] Level 1:colcon.colcon_core.package_identification:_identify(src/yolo_ros/docs) by extensions ['python_setup_py']
[0.238s] Level 1:colcon.colcon_core.package_identification:_identify(src/yolo_ros/docs) by extension 'python_setup_py'
[0.238s] Level 1:colcon.colcon_core.package_identification:_identify(src/yolo_ros/yolo_bringup) by extensions ['ignore', 'ignore_ament_install']
[0.238s] Level 1:colcon.colcon_core.package_identification:_identify(src/yolo_ros/yolo_bringup) by extension 'ignore'
[0.238s] Level 1:colcon.colcon_core.package_identification:_identify(src/yolo_ros/yolo_bringup) by extension 'ignore_ament_install'
[0.238s] Level 1:colcon.colcon_core.package_identification:_identify(src/yolo_ros/yolo_bringup) by extensions ['colcon_pkg']
[0.238s] Level 1:colcon.colcon_core.package_identification:_identify(src/yolo_ros/yolo_bringup) by extension 'colcon_pkg'
[0.239s] Level 1:colcon.colcon_core.package_identification:_identify(src/yolo_ros/yolo_bringup) by extensions ['colcon_meta']
[0.239s] Level 1:colcon.colcon_core.package_identification:_identify(src/yolo_ros/yolo_bringup) by extension 'colcon_meta'
[0.239s] Level 1:colcon.colcon_core.package_identification:_identify(src/yolo_ros/yolo_bringup) by extensions ['ros']
[0.239s] Level 1:colcon.colcon_core.package_identification:_identify(src/yolo_ros/yolo_bringup) by extension 'ros'
[0.240s] DEBUG:colcon.colcon_core.package_identification:Package 'src/yolo_ros/yolo_bringup' with type 'ros.ament_cmake' and name 'yolo_bringup'
[0.240s] Level 1:colcon.colcon_core.package_identification:_identify(src/yolo_ros/yolo_msgs) by extensions ['ignore', 'ignore_ament_install']
[0.240s] Level 1:colcon.colcon_core.package_identification:_identify(src/yolo_ros/yolo_msgs) by extension 'ignore'
[0.240s] Level 1:colcon.colcon_core.package_identification:_identify(src/yolo_ros/yolo_msgs) by extension 'ignore_ament_install'
[0.240s] Level 1:colcon.colcon_core.package_identification:_identify(src/yolo_ros/yolo_msgs) by extensions ['colcon_pkg']
[0.240s] Level 1:colcon.colcon_core.package_identification:_identify(src/yolo_ros/yolo_msgs) by extension 'colcon_pkg'
[0.240s] Level 1:colcon.colcon_core.package_identification:_identify(src/yolo_ros/yolo_msgs) by extensions ['colcon_meta']
[0.240s] Level 1:colcon.colcon_core.package_identification:_identify(src/yolo_ros/yolo_msgs) by extension 'colcon_meta'
[0.240s] Level 1:colcon.colcon_core.package_identification:_identify(src/yolo_ros/yolo_msgs) by extensions ['ros']
[0.240s] Level 1:colcon.colcon_core.package_identification:_identify(src/yolo_ros/yolo_msgs) by extension 'ros'
[0.241s] DEBUG:colcon.colcon_core.package_identification:Package 'src/yolo_ros/yolo_msgs' with type 'ros.ament_cmake' and name 'yolo_msgs'
[0.241s] Level 1:colcon.colcon_core.package_identification:_identify(src/yolo_ros/yolo_ros) by extensions ['ignore', 'ignore_ament_install']
[0.241s] Level 1:colcon.colcon_core.package_identification:_identify(src/yolo_ros/yolo_ros) by extension 'ignore'
[0.241s] Level 1:colcon.colcon_core.package_identification:_identify(src/yolo_ros/yolo_ros) by extension 'ignore_ament_install'
[0.241s] Level 1:colcon.colcon_core.package_identification:_identify(src/yolo_ros/yolo_ros) by extensions ['colcon_pkg']
[0.241s] Level 1:colcon.colcon_core.package_identification:_identify(src/yolo_ros/yolo_ros) by extension 'colcon_pkg'
[0.241s] Level 1:colcon.colcon_core.package_identification:_identify(src/yolo_ros/yolo_ros) by extensions ['colcon_meta']
[0.241s] Level 1:colcon.colcon_core.package_identification:_identify(src/yolo_ros/yolo_ros) by extension 'colcon_meta'
[0.241s] Level 1:colcon.colcon_core.package_identification:_identify(src/yolo_ros/yolo_ros) by extensions ['ros']
[0.241s] Level 1:colcon.colcon_core.package_identification:_identify(src/yolo_ros/yolo_ros) by extension 'ros'
[0.242s] DEBUG:colcon.colcon_core.package_identification:Package 'src/yolo_ros/yolo_ros' with type 'ros.ament_python' and name 'yolo_ros'
[0.242s] Level 1:colcon.colcon_core.package_discovery:discover_packages(recursive) using defaults
[0.242s] Level 1:colcon.colcon_core.package_discovery:discover_packages(ignore) discover
[0.242s] Level 1:colcon.colcon_core.package_discovery:discover_packages(ignore) using defaults
[0.242s] Level 1:colcon.colcon_core.package_discovery:discover_packages(path) discover
[0.242s] Level 1:colcon.colcon_core.package_discovery:discover_packages(path) using defaults
[0.267s] Level 1:colcon.colcon_core.package_discovery:discover_packages(prefix_path) check parameters
[0.267s] Level 1:colcon.colcon_core.package_discovery:discover_packages(prefix_path) discover
[0.273s] DEBUG:colcon.colcon_installed_package_information.package_discovery:Found 10 installed packages in /home/maksmykha/Documents/RobotikProject/install
[0.275s] DEBUG:colcon.colcon_installed_package_information.package_discovery:Found 428 installed packages in /opt/ros/jazzy
[0.276s] Level 1:colcon.colcon_core.package_discovery:discover_packages(prefix_path) using defaults
[0.330s] Level 5:colcon.colcon_core.verb:set package 'robot_description' build argument 'cmake_args' from command line to 'None'
[0.330s] Level 5:colcon.colcon_core.verb:set package 'robot_description' build argument 'cmake_target' from command line to 'None'
[0.330s] Level 5:colcon.colcon_core.verb:set package 'robot_description' build argument 'cmake_target_skip_unavailable' from command line to 'False'
[0.330s] Level 5:colcon.colcon_core.verb:set package 'robot_description' build argument 'cmake_clean_cache' from command line to 'False'
[0.330s] Level 5:colcon.colcon_core.verb:set package 'robot_description' build argument 'cmake_clean_first' from command line to 'False'
[0.330s] Level 5:colcon.colcon_core.verb:set package 'robot_description' build argument 'cmake_force_configure' from command line to 'False'
[0.330s] Level 5:colcon.colcon_core.verb:set package 'robot_description' build argument 'ament_cmake_args' from command line to 'None'
[0.330s] Level 5:colcon.colcon_core.verb:set package 'robot_description' build argument 'catkin_cmake_args' from command line to 'None'
[0.330s] Level 5:colcon.colcon_core.verb:set package 'robot_description' build argument 'catkin_skip_building_tests' from command line to 'False'
[0.330s] DEBUG:colcon.colcon_core.verb:Building package 'robot_description' with the following arguments: {'ament_cmake_args': None, 'build_base': '/home/maksmykha/Documents/RobotikProject/build/robot_description', 'catkin_cmake_args': None, 'catkin_skip_building_tests': False, 'cmake_args': None, 'cmake_clean_cache': False, 'cmake_clean_first': False, 'cmake_force_configure': False, 'cmake_target': None, 'cmake_target_skip_unavailable': False, 'install_base': '/home/maksmykha/Documents/RobotikProject/install/robot_description', 'merge_install': False, 'path': '/home/maksmykha/Documents/RobotikProject/src/robot_description', 'symlink_install': True, 'test_result_base': None}
[0.330s] Level 5:colcon.colcon_core.verb:set package 'robotik_bringup' build argument 'cmake_args' from command line to 'None'
[0.330s] Level 5:colcon.colcon_core.verb:set package 'robotik_bringup' build argument 'cmake_target' from command line to 'None'
[0.330s] Level 5:colcon.colcon_core.verb:set package 'robotik_bringup' build argument 'cmake_target_skip_unavailable' from command line to 'False'
[0.330s] Level 5:colcon.colcon_core.verb:set package 'robotik_bringup' build argument 'cmake_clean_cache' from command line to 'False'
[0.330s] Level 5:colcon.colcon_core.verb:set package 'robotik_bringup' build argument 'cmake_clean_first' from command line to 'False'
[0.330s] Level 5:colcon.colcon_core.verb:set package 'robotik_bringup' build argument 'cmake_force_configure' from command line to 'False'
[0.330s] Level 5:colcon.colcon_core.verb:set package 'robotik_bringup' build argument 'ament_cmake_args' from command line to 'None'
[0.330s] Level 5:colcon.colcon_core.verb:set package 'robotik_bringup' build argument 'catkin_cmake_args' from command line to 'None'
[0.330s] Level 5:colcon.colcon_core.verb:set package 'robotik_bringup' build argument 'catkin_skip_building_tests' from command line to 'False'
[0.330s] DEBUG:colcon.colcon_core.verb:Building package 'robotik_bringup' with the following arguments: {'ament_cmake_args': None, 'build_base': '/home/maksmykha/Documents/RobotikProject/build/robotik_bringup', 'catkin_cmake_args': None, 'catkin_skip_building_tests': False, 'cmake_args': None, 'cmake_clean_cache': False, 'cmake_clean_first': False, 'cmake_force_configure': False, 'cmake_target': None, 'cmake_target_skip_unavailable': False, 'install_base': '/home/maksmykha/Documents/RobotikProject/install/robotik_bringup', 'merge_install': False, 'path': '/home/maksmykha/Documents/RobotikProject/src/robotik_bringup', 'symlink_install': True, 'test_result_base': None}
[0.330s] Level 5:colcon.colcon_core.verb:set package 'robotik_control' build argument 'cmake_args' from command line to 'None'
[0.330s] Level 5:colcon.colcon_core.verb:set package 'robotik_control' build argument 'cmake_target' from command line to 'None'
[0.330s] Level 5:colcon.colcon_core.verb:set package 'robotik_control' build argument 'cmake_target_skip_unavailable' from command line to 'False'
[0.330s] Level 5:colcon.colcon_core.verb:set package 'robotik_control' build argument 'cmake_clean_cache' from command line to 'False'
[0.330s] Level 5:colcon.colcon_core.verb:set package 'robotik_control' build argument 'cmake_clean_first' from command line to 'False'
[0.330s] Level 5:colcon.colcon_core.verb:set package 'robotik_control' build argument 'cmake_force_configure' from command line to 'False'
[0.330s] Level 5:colcon.colcon_core.verb:set package 'robotik_control' build argument 'ament_cmake_args' from command line to 'None'
[0.330s] Level 5:colcon.colcon_core.verb:set package 'robotik_control' build argument 'catkin_cmake_args' from command line to 'None'
[0.330s] Level 5:colcon.colcon_core.verb:set package 'robotik_control' build argument 'catkin_skip_building_tests' from command line to 'False'
[0.330s] DEBUG:colcon.colcon_core.verb:Building package 'robotik_control' with the following arguments: {'ament_cmake_args': None, 'build_base': '/home/maksmykha/Documents/RobotikProject/build/robotik_control', 'catkin_cmake_args': None, 'catkin_skip_building_tests': False, 'cmake_args': None, 'cmake_clean_cache': False, 'cmake_clean_first': False, 'cmake_force_configure': False, 'cmake_target': None, 'cmake_target_skip_unavailable': False, 'install_base': '/home/maksmykha/Documents/RobotikProject/install/robotik_control', 'merge_install': False, 'path': '/home/maksmykha/Documents/RobotikProject/src/robotik_control', 'symlink_install': True, 'test_result_base': None}
[0.330s] Level 5:colcon.colcon_core.verb:set package 'robotik_description' build argument 'cmake_args' from command line to 'None'
[0.330s] Level 5:colcon.colcon_core.verb:set package 'robotik_description' build argument 'cmake_target' from command line to 'None'
[0.330s] Level 5:colcon.colcon_core.verb:set package 'robotik_description' build argument 'cmake_target_skip_unavailable' from command line to 'False'
[0.330s] Level 5:colcon.colcon_core.verb:set package 'robotik_description' build argument 'cmake_clean_cache' from command line to 'False'
[0.330s] Level 5:colcon.colcon_core.verb:set package 'robotik_description' build argument 'cmake_clean_first' from command line to 'False'
[0.330s] Level 5:colcon.colcon_core.verb:set package 'robotik_description' build argument 'cmake_force_configure' from command line to 'False'
[0.330s] Level 5:colcon.colcon_core.verb:set package 'robotik_description' build argument 'ament_cmake_args' from command line to 'None'
[0.330s] Level 5:colcon.colcon_core.verb:set package 'robotik_description' build argument 'catkin_cmake_args' from command line to 'None'
[0.330s] Level 5:colcon.colcon_core.verb:set package 'robotik_description' build argument 'catkin_skip_building_tests' from command line to 'False'
[0.330s] DEBUG:colcon.colcon_core.verb:Building package 'robotik_description' with the following arguments: {'ament_cmake_args': None, 'build_base': '/home/maksmykha/Documents/RobotikProject/build/robotik_description', 'catkin_cmake_args': None, 'catkin_skip_building_tests': False, 'cmake_args': None, 'cmake_clean_cache': False, 'cmake_clean_first': False, 'cmake_force_configure': False, 'cmake_target': None, 'cmake_target_skip_unavailable': False, 'install_base': '/home/maksmykha/Documents/RobotikProject/install/robotik_description', 'merge_install': False, 'path': '/home/maksmykha/Documents/RobotikProject/src/robotik_description', 'symlink_install': True, 'test_result_base': None}
[0.331s] Level 5:colcon.colcon_core.verb:set package 'robotik_gazebo' build argument 'cmake_args' from command line to 'None'
[0.331s] Level 5:colcon.colcon_core.verb:set package 'robotik_gazebo' build argument 'cmake_target' from command line to 'None'
[0.331s] Level 5:colcon.colcon_core.verb:set package 'robotik_gazebo' build argument 'cmake_target_skip_unavailable' from command line to 'False'
[0.331s] Level 5:colcon.colcon_core.verb:set package 'robotik_gazebo' build argument 'cmake_clean_cache' from command line to 'False'
[0.331s] Level 5:colcon.colcon_core.verb:set package 'robotik_gazebo' build argument 'cmake_clean_first' from command line to 'False'
[0.331s] Level 5:colcon.colcon_core.verb:set package 'robotik_gazebo' build argument 'cmake_force_configure' from command line to 'False'
[0.331s] Level 5:colcon.colcon_core.verb:set package 'robotik_gazebo' build argument 'ament_cmake_args' from command line to 'None'
[0.331s] Level 5:colcon.colcon_core.verb:set package 'robotik_gazebo' build argument 'catkin_cmake_args' from command line to 'None'
[0.331s] Level 5:colcon.colcon_core.verb:set package 'robotik_gazebo' build argument 'catkin_skip_building_tests' from command line to 'False'
[0.331s] DEBUG:colcon.colcon_core.verb:Building package 'robotik_gazebo' with the following arguments: {'ament_cmake_args': None, 'build_base': '/home/maksmykha/Documents/RobotikProject/build/robotik_gazebo', 'catkin_cmake_args': None, 'catkin_skip_building_tests': False, 'cmake_args': None, 'cmake_clean_cache': False, 'cmake_clean_first': False, 'cmake_force_configure': False, 'cmake_target': None, 'cmake_target_skip_unavailable': False, 'install_base': '/home/maksmykha/Documents/RobotikProject/install/robotik_gazebo', 'merge_install': False, 'path': '/home/maksmykha/Documents/RobotikProject/src/robotik_gazebo', 'symlink_install': True, 'test_result_base': None}
[0.331s] Level 5:colcon.colcon_core.verb:set package 'robotik_sorting' build argument 'cmake_args' from command line to 'None'
[0.331s] Level 5:colcon.colcon_core.verb:set package 'robotik_sorting' build argument 'cmake_target' from command line to 'None'
[0.331s] Level 5:colcon.colcon_core.verb:set package 'robotik_sorting' build argument 'cmake_target_skip_unavailable' from command line to 'False'
[0.331s] Level 5:colcon.colcon_core.verb:set package 'robotik_sorting' build argument 'cmake_clean_cache' from command line to 'False'
[0.331s] Level 5:colcon.colcon_core.verb:set package 'robotik_sorting' build argument 'cmake_clean_first' from command line to 'False'
[0.331s] Level 5:colcon.colcon_core.verb:set package 'robotik_sorting' build argument 'cmake_force_configure' from command line to 'False'
[0.331s] Level 5:colcon.colcon_core.verb:set package 'robotik_sorting' build argument 'ament_cmake_args' from command line to 'None'
[0.331s] Level 5:colcon.colcon_core.verb:set package 'robotik_sorting' build argument 'catkin_cmake_args' from command line to 'None'
[0.331s] Level 5:colcon.colcon_core.verb:set package 'robotik_sorting' build argument 'catkin_skip_building_tests' from command line to 'False'
[0.331s] DEBUG:colcon.colcon_core.verb:Building package 'robotik_sorting' with the following arguments: {'ament_cmake_args': None, 'build_base': '/home/maksmykha/Documents/RobotikProject/build/robotik_sorting', 'catkin_cmake_args': None, 'catkin_skip_building_tests': False, 'cmake_args': None, 'cmake_clean_cache': False, 'cmake_clean_first': False, 'cmake_force_configure': False, 'cmake_target': None, 'cmake_target_skip_unavailable': False, 'install_base': '/home/maksmykha/Documents/RobotikProject/install/robotik_sorting', 'merge_install': False, 'path': '/home/maksmykha/Documents/RobotikProject/src/robotik_sorting', 'symlink_install': True, 'test_result_base': None}
[0.331s] Level 5:colcon.colcon_core.verb:set package 'robotik_vision' build argument 'cmake_args' from command line to 'None'
[0.331s] Level 5:colcon.colcon_core.verb:set package 'robotik_vision' build argument 'cmake_target' from command line to 'None'
[0.331s] Level 5:colcon.colcon_core.verb:set package 'robotik_vision' build argument 'cmake_target_skip_unavailable' from command line to 'False'
[0.331s] Level 5:colcon.colcon_core.verb:set package 'robotik_vision' build argument 'cmake_clean_cache' from command line to 'False'
[0.331s] Level 5:colcon.colcon_core.verb:set package 'robotik_vision' build argument 'cmake_clean_first' from command line to 'False'
[0.331s] Level 5:colcon.colcon_core.verb:set package 'robotik_vision' build argument 'cmake_force_configure' from command line to 'False'
[0.331s] Level 5:colcon.colcon_core.verb:set package 'robotik_vision' build argument 'ament_cmake_args' from command line to 'None'
[0.331s] Level 5:colcon.colcon_core.verb:set package 'robotik_vision' build argument 'catkin_cmake_args' from command line to 'None'
[0.331s] Level 5:colcon.colcon_core.verb:set package 'robotik_vision' build argument 'catkin_skip_building_tests' from command line to 'False'
[0.331s] DEBUG:colcon.colcon_core.verb:Building package 'robotik_vision' with the following arguments: {'ament_cmake_args': None, 'build_base': '/home/maksmykha/Documents/RobotikProject/build/robotik_vision', 'catkin_cmake_args': None, 'catkin_skip_building_tests': False, 'cmake_args': None, 'cmake_clean_cache': False, 'cmake_clean_first': False, 'cmake_force_configure': False, 'cmake_target': None, 'cmake_target_skip_unavailable': False, 'install_base': '/home/maksmykha/Documents/RobotikProject/install/robotik_vision', 'merge_install': False, 'path': '/home/maksmykha/Documents/RobotikProject/src/robotik_vision', 'symlink_install': True, 'test_result_base': None}
[0.331s] Level 5:colcon.colcon_core.verb:set package 'yolo_msgs' build argument 'cmake_args' from command line to 'None'
[0.331s] Level 5:colcon.colcon_core.verb:set package 'yolo_msgs' build argument 'cmake_target' from command line to 'None'
[0.331s] Level 5:colcon.colcon_core.verb:set package 'yolo_msgs' build argument 'cmake_target_skip_unavailable' from command line to 'False'
[0.331s] Level 5:colcon.colcon_core.verb:set package 'yolo_msgs' build argument 'cmake_clean_cache' from command line to 'False'
[0.331s] Level 5:colcon.colcon_core.verb:set package 'yolo_msgs' build argument 'cmake_clean_first' from command line to 'False'
[0.331s] Level 5:colcon.colcon_core.verb:set package 'yolo_msgs' build argument 'cmake_force_configure' from command line to 'False'
[0.331s] Level 5:colcon.colcon_core.verb:set package 'yolo_msgs' build argument 'ament_cmake_args' from command line to 'None'
[0.331s] Level 5:colcon.colcon_core.verb:set package 'yolo_msgs' build argument 'catkin_cmake_args' from command line to 'None'
[0.331s] Level 5:colcon.colcon_core.verb:set package 'yolo_msgs' build argument 'catkin_skip_building_tests' from command line to 'False'
[0.331s] DEBUG:colcon.colcon_core.verb:Building package 'yolo_msgs' with the following arguments: {'ament_cmake_args': None, 'build_base': '/home/maksmykha/Documents/RobotikProject/build/yolo_msgs', 'catkin_cmake_args': None, 'catkin_skip_building_tests': False, 'cmake_args': None, 'cmake_clean_cache': False, 'cmake_clean_first': False, 'cmake_force_configure': False, 'cmake_target': None, 'cmake_target_skip_unavailable': False, 'install_base': '/home/maksmykha/Documents/RobotikProject/install/yolo_msgs', 'merge_install': False, 'path': '/home/maksmykha/Documents/RobotikProject/src/yolo_ros/yolo_msgs', 'symlink_install': True, 'test_result_base': None}
[0.331s] Level 5:colcon.colcon_core.verb:set package 'yolo_ros' build argument 'cmake_args' from command line to 'None'
[0.331s] Level 5:colcon.colcon_core.verb:set package 'yolo_ros' build argument 'cmake_target' from command line to 'None'
[0.331s] Level 5:colcon.colcon_core.verb:set package 'yolo_ros' build argument 'cmake_target_skip_unavailable' from command line to 'False'
[0.331s] Level 5:colcon.colcon_core.verb:set package 'yolo_ros' build argument 'cmake_clean_cache' from command line to 'False'
[0.331s] Level 5:colcon.colcon_core.verb:set package 'yolo_ros' build argument 'cmake_clean_first' from command line to 'False'
[0.331s] Level 5:colcon.colcon_core.verb:set package 'yolo_ros' build argument 'cmake_force_configure' from command line to 'False'
[0.331s] Level 5:colcon.colcon_core.verb:set package 'yolo_ros' build argument 'ament_cmake_args' from command line to 'None'
[0.331s] Level 5:colcon.colcon_core.verb:set package 'yolo_ros' build argument 'catkin_cmake_args' from command line to 'None'
[0.331s] Level 5:colcon.colcon_core.verb:set package 'yolo_ros' build argument 'catkin_skip_building_tests' from command line to 'False'
[0.331s] DEBUG:colcon.colcon_core.verb:Building package 'yolo_ros' with the following arguments: {'ament_cmake_args': None, 'build_base': '/home/maksmykha/Documents/RobotikProject/build/yolo_ros', 'catkin_cmake_args': None, 'catkin_skip_building_tests': False, 'cmake_args': None, 'cmake_clean_cache': False, 'cmake_clean_first': False, 'cmake_force_configure': False, 'cmake_target': None, 'cmake_target_skip_unavailable': False, 'install_base': '/home/maksmykha/Documents/RobotikProject/install/yolo_ros', 'merge_install': False, 'path': '/home/maksmykha/Documents/RobotikProject/src/yolo_ros/yolo_ros', 'symlink_install': True, 'test_result_base': None}
[0.331s] Level 5:colcon.colcon_core.verb:set package 'yolo_bringup' build argument 'cmake_args' from command line to 'None'
[0.331s] Level 5:colcon.colcon_core.verb:set package 'yolo_bringup' build argument 'cmake_target' from command line to 'None'
[0.331s] Level 5:colcon.colcon_core.verb:set package 'yolo_bringup' build argument 'cmake_target_skip_unavailable' from command line to 'False'
[0.331s] Level 5:colcon.colcon_core.verb:set package 'yolo_bringup' build argument 'cmake_clean_cache' from command line to 'False'
[0.331s] Level 5:colcon.colcon_core.verb:set package 'yolo_bringup' build argument 'cmake_clean_first' from command line to 'False'
[0.331s] Level 5:colcon.colcon_core.verb:set package 'yolo_bringup' build argument 'cmake_force_configure' from command line to 'False'
[0.331s] Level 5:colcon.colcon_core.verb:set package 'yolo_bringup' build argument 'ament_cmake_args' from command line to 'None'
[0.331s] Level 5:colcon.colcon_core.verb:set package 'yolo_bringup' build argument 'catkin_cmake_args' from command line to 'None'
[0.332s] Level 5:colcon.colcon_core.verb:set package 'yolo_bringup' build argument 'catkin_skip_building_tests' from command line to 'False'
[0.332s] DEBUG:colcon.colcon_core.verb:Building package 'yolo_bringup' with the following arguments: {'ament_cmake_args': None, 'build_base': '/home/maksmykha/Documents/RobotikProject/build/yolo_bringup', 'catkin_cmake_args': None, 'catkin_skip_building_tests': False, 'cmake_args': None, 'cmake_clean_cache': False, 'cmake_clean_first': False, 'cmake_force_configure': False, 'cmake_target': None, 'cmake_target_skip_unavailable': False, 'install_base': '/home/maksmykha/Documents/RobotikProject/install/yolo_bringup', 'merge_install': False, 'path': '/home/maksmykha/Documents/RobotikProject/src/yolo_ros/yolo_bringup', 'symlink_install': True, 'test_result_base': None}
[0.332s] INFO:colcon.colcon_core.executor:Executing jobs using 'parallel' executor
[0.332s] DEBUG:colcon.colcon_parallel_executor.executor.parallel:run_until_complete
[0.332s] INFO:colcon.colcon_ros.task.ament_cmake.build:Building ROS package in '/home/maksmykha/Documents/RobotikProject/src/yolo_ros/yolo_msgs' with build type 'ament_cmake'
[0.333s] INFO:colcon.colcon_cmake.task.cmake.build:Building CMake package in '/home/maksmykha/Documents/RobotikProject/src/yolo_ros/yolo_msgs'
[0.384s] INFO:colcon.colcon_core.plugin_system:Skipping extension 'colcon_core.shell.bat': Not used on non-Windows systems
[0.384s] INFO:colcon.colcon_core.shell:Skip shell extension 'powershell' for command environment: Not usable outside of PowerShell
[0.384s] DEBUG:colcon.colcon_core.shell:Skip shell extension 'dsv' for command environment
[0.397s] INFO:colcon.colcon_ros.task.ament_cmake.build:Building ROS package in '/home/maksmykha/Documents/RobotikProject/src/robot_description' with build type 'ament_cmake'
[0.397s] INFO:colcon.colcon_cmake.task.cmake.build:Building CMake package in '/home/maksmykha/Documents/RobotikProject/src/robot_description'
[0.398s] INFO:colcon.colcon_core.shell:Skip shell extension 'powershell' for command environment: Not usable outside of PowerShell
[0.398s] DEBUG:colcon.colcon_core.shell:Skip shell extension 'dsv' for command environment
[0.402s] INFO:colcon.colcon_ros.task.ament_python.build:Building ROS package in '/home/maksmykha/Documents/RobotikProject/src/robotik_bringup' with build type 'ament_python'
[0.402s] Level 1:colcon.colcon_core.shell:create_environment_hook('robotik_bringup', 'ament_prefix_path')
[0.403s] INFO:colcon.colcon_core.shell:Creating environment hook '/home/maksmykha/Documents/RobotikProject/install/robotik_bringup/share/robotik_bringup/hook/ament_prefix_path.ps1'
[0.405s] INFO:colcon.colcon_core.shell:Creating environment descriptor '/home/maksmykha/Documents/RobotikProject/install/robotik_bringup/share/robotik_bringup/hook/ament_prefix_path.dsv'
[0.415s] INFO:colcon.colcon_core.shell:Creating environment hook '/home/maksmykha/Documents/RobotikProject/install/robotik_bringup/share/robotik_bringup/hook/ament_prefix_path.sh'
[0.419s] INFO:colcon.colcon_core.shell:Skip shell extension 'powershell' for command environment: Not usable outside of PowerShell
[0.419s] DEBUG:colcon.colcon_core.shell:Skip shell extension 'dsv' for command environment
[0.449s] INFO:colcon.colcon_ros.task.ament_python.build:Building ROS package in '/home/maksmykha/Documents/RobotikProject/src/robotik_control' with build type 'ament_python'
[0.449s] Level 1:colcon.colcon_core.shell:create_environment_hook('robotik_control', 'ament_prefix_path')
[0.450s] INFO:colcon.colcon_core.shell:Creating environment hook '/home/maksmykha/Documents/RobotikProject/install/robotik_control/share/robotik_control/hook/ament_prefix_path.ps1'
[0.452s] INFO:colcon.colcon_core.shell:Creating environment descriptor '/home/maksmykha/Documents/RobotikProject/install/robotik_control/share/robotik_control/hook/ament_prefix_path.dsv'
[0.455s] INFO:colcon.colcon_core.shell:Creating environment hook '/home/maksmykha/Documents/RobotikProject/install/robotik_control/share/robotik_control/hook/ament_prefix_path.sh'
[0.456s] INFO:colcon.colcon_core.shell:Skip shell extension 'powershell' for command environment: Not usable outside of PowerShell
[0.457s] DEBUG:colcon.colcon_core.shell:Skip shell extension 'dsv' for command environment
[0.470s] INFO:colcon.colcon_ros.task.ament_cmake.build:Building ROS package in '/home/maksmykha/Documents/RobotikProject/src/robotik_description' with build type 'ament_cmake'
[0.472s] INFO:colcon.colcon_cmake.task.cmake.build:Building CMake package in '/home/maksmykha/Documents/RobotikProject/src/robotik_description'
[0.473s] INFO:colcon.colcon_core.shell:Skip shell extension 'powershell' for command environment: Not usable outside of PowerShell
[0.473s] DEBUG:colcon.colcon_core.shell:Skip shell extension 'dsv' for command environment
[0.485s] INFO:colcon.colcon_ros.task.ament_python.build:Building ROS package in '/home/maksmykha/Documents/RobotikProject/src/robotik_gazebo' with build type 'ament_python'
[0.485s] Level 1:colcon.colcon_core.shell:create_environment_hook('robotik_gazebo', 'ament_prefix_path')
[0.485s] INFO:colcon.colcon_core.shell:Creating environment hook '/home/maksmykha/Documents/RobotikProject/install/robotik_gazebo/share/robotik_gazebo/hook/ament_prefix_path.ps1'
[0.485s] INFO:colcon.colcon_core.shell:Creating environment descriptor '/home/maksmykha/Documents/RobotikProject/install/robotik_gazebo/share/robotik_gazebo/hook/ament_prefix_path.dsv'
[0.486s] INFO:colcon.colcon_core.shell:Creating environment hook '/home/maksmykha/Documents/RobotikProject/install/robotik_gazebo/share/robotik_gazebo/hook/ament_prefix_path.sh'
[0.486s] INFO:colcon.colcon_core.shell:Skip shell extension 'powershell' for command environment: Not usable outside of PowerShell
[0.486s] DEBUG:colcon.colcon_core.shell:Skip shell extension 'dsv' for command environment
[0.493s] INFO:colcon.colcon_ros.task.ament_python.build:Building ROS package in '/home/maksmykha/Documents/RobotikProject/src/robotik_sorting' with build type 'ament_python'
[0.493s] Level 1:colcon.colcon_core.shell:create_environment_hook('robotik_sorting', 'ament_prefix_path')
[0.493s] INFO:colcon.colcon_core.shell:Creating environment hook '/home/maksmykha/Documents/RobotikProject/install/robotik_sorting/share/robotik_sorting/hook/ament_prefix_path.ps1'
[0.494s] INFO:colcon.colcon_core.shell:Creating environment descriptor '/home/maksmykha/Documents/RobotikProject/install/robotik_sorting/share/robotik_sorting/hook/ament_prefix_path.dsv'
[0.494s] INFO:colcon.colcon_core.shell:Creating environment hook '/home/maksmykha/Documents/RobotikProject/install/robotik_sorting/share/robotik_sorting/hook/ament_prefix_path.sh'
[0.495s] INFO:colcon.colcon_core.shell:Skip shell extension 'powershell' for command environment: Not usable outside of PowerShell
[0.495s] DEBUG:colcon.colcon_core.shell:Skip shell extension 'dsv' for command environment
[0.498s] INFO:colcon.colcon_ros.task.ament_python.build:Building ROS package in '/home/maksmykha/Documents/RobotikProject/src/robotik_vision' with build type 'ament_python'
[0.498s] Level 1:colcon.colcon_core.shell:create_environment_hook('robotik_vision', 'ament_prefix_path')
[0.498s] INFO:colcon.colcon_core.shell:Creating environment hook '/home/maksmykha/Documents/RobotikProject/install/robotik_vision/share/robotik_vision/hook/ament_prefix_path.ps1'
[0.499s] INFO:colcon.colcon_core.shell:Creating environment descriptor '/home/maksmykha/Documents/RobotikProject/install/robotik_vision/share/robotik_vision/hook/ament_prefix_path.dsv'
[0.500s] INFO:colcon.colcon_core.shell:Creating environment hook '/home/maksmykha/Documents/RobotikProject/install/robotik_vision/share/robotik_vision/hook/ament_prefix_path.sh'
[0.500s] INFO:colcon.colcon_core.shell:Skip shell extension 'powershell' for command environment: Not usable outside of PowerShell
[0.500s] DEBUG:colcon.colcon_core.shell:Skip shell extension 'dsv' for command environment
[0.512s] DEBUG:colcon.colcon_core.event_handler.log_command:Invoking command in '/home/maksmykha/Documents/RobotikProject/build/yolo_msgs': CMAKE_PREFIX_PATH=${CMAKE_PREFIX_PATH}:/home/maksmykha/Documents/RobotikProject/install/yolo_ros:/home/maksmykha/Documents/RobotikProject/install/robotik_vision:/home/maksmykha/Documents/RobotikProject/install/robotik_sorting:/home/maksmykha/Documents/RobotikProject/install/robotik_gazebo:/home/maksmykha/Documents/RobotikProject/install/robotik_control:/home/maksmykha/Documents/RobotikProject/install/robotik_bringup:/opt/ros/jazzy DEBUGINFOD_URLS=https://debuginfod.ubuntu.com /usr/bin/cmake --build /home/maksmykha/Documents/RobotikProject/build/yolo_msgs -- -j8 -l8
[0.520s] DEBUG:colcon.colcon_core.event_handler.log_command:Invoking command in '/home/maksmykha/Documents/RobotikProject/build/robot_description': CMAKE_PREFIX_PATH=${CMAKE_PREFIX_PATH}:/home/maksmykha/Documents/RobotikProject/install/yolo_ros:/home/maksmykha/Documents/RobotikProject/install/robotik_vision:/home/maksmykha/Documents/RobotikProject/install/robotik_sorting:/home/maksmykha/Documents/RobotikProject/install/robotik_gazebo:/home/maksmykha/Documents/RobotikProject/install/robotik_control:/home/maksmykha/Documents/RobotikProject/install/robotik_bringup:/opt/ros/jazzy DEBUGINFOD_URLS=https://debuginfod.ubuntu.com /usr/bin/cmake --build /home/maksmykha/Documents/RobotikProject/build/robot_description -- -j8 -l8
[0.726s] INFO:colcon.colcon_core.task.python.build:Building Python package in '/home/maksmykha/Documents/RobotikProject/src/robotik_bringup'
[0.726s] INFO:colcon.colcon_core.shell:Skip shell extension 'powershell' for command environment: Not usable outside of PowerShell
[0.726s] DEBUG:colcon.colcon_core.shell:Skip shell extension 'dsv' for command environment
[0.934s] INFO:colcon.colcon_core.task.python.build:Building Python package in '/home/maksmykha/Documents/RobotikProject/src/robotik_control'
[0.934s] INFO:colcon.colcon_core.shell:Skip shell extension 'powershell' for command environment: Not usable outside of PowerShell
[0.934s] DEBUG:colcon.colcon_core.shell:Skip shell extension 'dsv' for command environment
[0.951s] DEBUG:colcon.colcon_core.event_handler.log_command:Invoking command in '/home/maksmykha/Documents/RobotikProject/build/robotik_description': CMAKE_PREFIX_PATH=${CMAKE_PREFIX_PATH}:/home/maksmykha/Documents/RobotikProject/install/yolo_ros:/home/maksmykha/Documents/RobotikProject/install/robotik_vision:/home/maksmykha/Documents/RobotikProject/install/robotik_sorting:/home/maksmykha/Documents/RobotikProject/install/robotik_gazebo:/home/maksmykha/Documents/RobotikProject/install/robotik_control:/home/maksmykha/Documents/RobotikProject/install/robotik_bringup:/opt/ros/jazzy DEBUGINFOD_URLS=https://debuginfod.ubuntu.com /usr/bin/cmake --build /home/maksmykha/Documents/RobotikProject/build/robotik_description -- -j8 -l8
[1.152s] INFO:colcon.colcon_core.task.python.build:Building Python package in '/home/maksmykha/Documents/RobotikProject/src/robotik_gazebo'
[1.152s] INFO:colcon.colcon_core.shell:Skip shell extension 'powershell' for command environment: Not usable outside of PowerShell
[1.152s] DEBUG:colcon.colcon_core.shell:Skip shell extension 'dsv' for command environment
[1.278s] INFO:colcon.colcon_core.task.python.build:Building Python package in '/home/maksmykha/Documents/RobotikProject/src/robotik_sorting'
[1.278s] INFO:colcon.colcon_core.shell:Skip shell extension 'powershell' for command environment: Not usable outside of PowerShell
[1.278s] DEBUG:colcon.colcon_core.shell:Skip shell extension 'dsv' for command environment
[1.419s] INFO:colcon.colcon_core.task.python.build:Building Python package in '/home/maksmykha/Documents/RobotikProject/src/robotik_vision'
[1.419s] INFO:colcon.colcon_core.shell:Skip shell extension 'powershell' for command environment: Not usable outside of PowerShell
[1.419s] DEBUG:colcon.colcon_core.shell:Skip shell extension 'dsv' for command environment
[1.423s] DEBUG:colcon.colcon_core.event_handler.log_command:Invoked command in '/home/maksmykha/Documents/RobotikProject/build/yolo_msgs' returned '0': CMAKE_PREFIX_PATH=${CMAKE_PREFIX_PATH}:/home/maksmykha/Documents/RobotikProject/install/yolo_ros:/home/maksmykha/Documents/RobotikProject/install/robotik_vision:/home/maksmykha/Documents/RobotikProject/install/robotik_sorting:/home/maksmykha/Documents/RobotikProject/install/robotik_gazebo:/home/maksmykha/Documents/RobotikProject/install/robotik_control:/home/maksmykha/Documents/RobotikProject/install/robotik_bringup:/opt/ros/jazzy DEBUGINFOD_URLS=https://debuginfod.ubuntu.com /usr/bin/cmake --build /home/maksmykha/Documents/RobotikProject/build/yolo_msgs -- -j8 -l8
[1.430s] DEBUG:colcon.colcon_core.event_handler.log_command:Invoking command in '/home/maksmykha/Documents/RobotikProject/build/yolo_msgs': CMAKE_PREFIX_PATH=${CMAKE_PREFIX_PATH}:/home/maksmykha/Documents/RobotikProject/install/yolo_ros:/home/maksmykha/Documents/RobotikProject/install/robotik_vision:/home/maksmykha/Documents/RobotikProject/install/robotik_sorting:/home/maksmykha/Documents/RobotikProject/install/robotik_gazebo:/home/maksmykha/Documents/RobotikProject/install/robotik_control:/home/maksmykha/Documents/RobotikProject/install/robotik_bringup:/opt/ros/jazzy DEBUGINFOD_URLS=https://debuginfod.ubuntu.com /usr/bin/cmake --install /home/maksmykha/Documents/RobotikProject/build/yolo_msgs
[1.430s] DEBUG:colcon.colcon_core.event_handler.log_command:Invoked command in '/home/maksmykha/Documents/RobotikProject/build/robotik_description' returned '0': CMAKE_PREFIX_PATH=${CMAKE_PREFIX_PATH}:/home/maksmykha/Documents/RobotikProject/install/yolo_ros:/home/maksmykha/Documents/RobotikProject/install/robotik_vision:/home/maksmykha/Documents/RobotikProject/install/robotik_sorting:/home/maksmykha/Documents/RobotikProject/install/robotik_gazebo:/home/maksmykha/Documents/RobotikProject/install/robotik_control:/home/maksmykha/Documents/RobotikProject/install/robotik_bringup:/opt/ros/jazzy DEBUGINFOD_URLS=https://debuginfod.ubuntu.com /usr/bin/cmake --build /home/maksmykha/Documents/RobotikProject/build/robotik_description -- -j8 -l8
[1.432s] DEBUG:colcon.colcon_core.event_handler.log_command:Invoking command in '/home/maksmykha/Documents/RobotikProject/build/robotik_description': CMAKE_PREFIX_PATH=${CMAKE_PREFIX_PATH}:/home/maksmykha/Documents/RobotikProject/install/yolo_ros:/home/maksmykha/Documents/RobotikProject/install/robotik_vision:/home/maksmykha/Documents/RobotikProject/install/robotik_sorting:/home/maksmykha/Documents/RobotikProject/install/robotik_gazebo:/home/maksmykha/Documents/RobotikProject/install/robotik_control:/home/maksmykha/Documents/RobotikProject/install/robotik_bringup:/opt/ros/jazzy DEBUGINFOD_URLS=https://debuginfod.ubuntu.com /usr/bin/cmake --install /home/maksmykha/Documents/RobotikProject/build/robotik_description
[1.432s] DEBUG:colcon.colcon_core.event_handler.log_command:Invoked command in '/home/maksmykha/Documents/RobotikProject/build/robot_description' returned '0': CMAKE_PREFIX_PATH=${CMAKE_PREFIX_PATH}:/home/maksmykha/Documents/RobotikProject/install/yolo_ros:/home/maksmykha/Documents/RobotikProject/install/robotik_vision:/home/maksmykha/Documents/RobotikProject/install/robotik_sorting:/home/maksmykha/Documents/RobotikProject/install/robotik_gazebo:/home/maksmykha/Documents/RobotikProject/install/robotik_control:/home/maksmykha/Documents/RobotikProject/install/robotik_bringup:/opt/ros/jazzy DEBUGINFOD_URLS=https://debuginfod.ubuntu.com /usr/bin/cmake --build /home/maksmykha/Documents/RobotikProject/build/robot_description -- -j8 -l8
[1.434s] DEBUG:colcon.colcon_core.event_handler.log_command:Invoking command in '/home/maksmykha/Documents/RobotikProject/build/robot_description': CMAKE_PREFIX_PATH=${CMAKE_PREFIX_PATH}:/home/maksmykha/Documents/RobotikProject/install/yolo_ros:/home/maksmykha/Documents/RobotikProject/install/robotik_vision:/home/maksmykha/Documents/RobotikProject/install/robotik_sorting:/home/maksmykha/Documents/RobotikProject/install/robotik_gazebo:/home/maksmykha/Documents/RobotikProject/install/robotik_control:/home/maksmykha/Documents/RobotikProject/install/robotik_bringup:/opt/ros/jazzy DEBUGINFOD_URLS=https://debuginfod.ubuntu.com /usr/bin/cmake --install /home/maksmykha/Documents/RobotikProject/build/robot_description
[1.462s] Level 1:colcon.colcon_core.environment:create_environment_scripts_only(robotik_description)
[1.464s] DEBUG:colcon.colcon_core.event_handler.log_command:Invoked command in '/home/maksmykha/Documents/RobotikProject/build/robotik_description' returned '0': CMAKE_PREFIX_PATH=${CMAKE_PREFIX_PATH}:/home/maksmykha/Documents/RobotikProject/install/yolo_ros:/home/maksmykha/Documents/RobotikProject/install/robotik_vision:/home/maksmykha/Documents/RobotikProject/install/robotik_sorting:/home/maksmykha/Documents/RobotikProject/install/robotik_gazebo:/home/maksmykha/Documents/RobotikProject/install/robotik_control:/home/maksmykha/Documents/RobotikProject/install/robotik_bringup:/opt/ros/jazzy DEBUGINFOD_URLS=https://debuginfod.ubuntu.com /usr/bin/cmake --install /home/maksmykha/Documents/RobotikProject/build/robotik_description
[1.485s] Level 1:colcon.colcon_core.environment:checking '/home/maksmykha/Documents/RobotikProject/install/robotik_description' for CMake module files
[1.486s] Level 1:colcon.colcon_core.environment:checking '/home/maksmykha/Documents/RobotikProject/install/robotik_description' for CMake config files
[1.488s] Level 1:colcon.colcon_core.shell:create_environment_hook('robotik_description', 'cmake_prefix_path')
[1.490s] INFO:colcon.colcon_core.shell:Creating environment hook '/home/maksmykha/Documents/RobotikProject/install/robotik_description/share/robotik_description/hook/cmake_prefix_path.ps1'
[1.491s] INFO:colcon.colcon_core.shell:Creating environment descriptor '/home/maksmykha/Documents/RobotikProject/install/robotik_description/share/robotik_description/hook/cmake_prefix_path.dsv'
[1.494s] INFO:colcon.colcon_core.shell:Creating environment hook '/home/maksmykha/Documents/RobotikProject/install/robotik_description/share/robotik_description/hook/cmake_prefix_path.sh'
[1.495s] Level 1:colcon.colcon_core.environment:checking '/home/maksmykha/Documents/RobotikProject/install/robotik_description/bin'
[1.495s] Level 1:colcon.colcon_core.environment:checking '/home/maksmykha/Documents/RobotikProject/install/robotik_description/lib/pkgconfig/robotik_description.pc'
[1.496s] Level 1:colcon.colcon_core.environment:checking '/home/maksmykha/Documents/RobotikProject/install/robotik_description/lib/python3.12/site-packages'
[1.496s] Level 1:colcon.colcon_core.environment:checking '/home/maksmykha/Documents/RobotikProject/install/robotik_description/bin'
[1.496s] INFO:colcon.colcon_core.shell:Creating package script '/home/maksmykha/Documents/RobotikProject/install/robotik_description/share/robotik_description/package.ps1'
[1.498s] INFO:colcon.colcon_core.shell:Creating package descriptor '/home/maksmykha/Documents/RobotikProject/install/robotik_description/share/robotik_description/package.dsv'
[1.499s] INFO:colcon.colcon_core.shell:Creating package script '/home/maksmykha/Documents/RobotikProject/install/robotik_description/share/robotik_description/package.sh'
[1.501s] INFO:colcon.colcon_core.shell:Creating package script '/home/maksmykha/Documents/RobotikProject/install/robotik_description/share/robotik_description/package.bash'
[1.502s] INFO:colcon.colcon_core.shell:Creating package script '/home/maksmykha/Documents/RobotikProject/install/robotik_description/share/robotik_description/package.zsh'
[1.503s] Level 1:colcon.colcon_core.environment:create_file_with_runtime_dependencies(/home/maksmykha/Documents/RobotikProject/install/robotik_description/share/colcon-core/packages/robotik_description)
[1.505s] Level 1:colcon.colcon_core.environment:create_environment_scripts_only(robotik_description)
[1.505s] Level 1:colcon.colcon_core.environment:checking '/home/maksmykha/Documents/RobotikProject/install/robotik_description' for CMake module files
[1.506s] Level 1:colcon.colcon_core.environment:checking '/home/maksmykha/Documents/RobotikProject/install/robotik_description' for CMake config files
[1.506s] Level 1:colcon.colcon_core.shell:create_environment_hook('robotik_description', 'cmake_prefix_path')
[1.506s] INFO:colcon.colcon_core.shell:Creating environment hook '/home/maksmykha/Documents/RobotikProject/install/robotik_description/share/robotik_description/hook/cmake_prefix_path.ps1'
[1.508s] INFO:colcon.colcon_core.shell:Creating environment descriptor '/home/maksmykha/Documents/RobotikProject/install/robotik_description/share/robotik_description/hook/cmake_prefix_path.dsv'
[1.509s] INFO:colcon.colcon_core.shell:Creating environment hook '/home/maksmykha/Documents/RobotikProject/install/robotik_description/share/robotik_description/hook/cmake_prefix_path.sh'
[1.510s] Level 1:colcon.colcon_core.environment:checking '/home/maksmykha/Documents/RobotikProject/install/robotik_description/bin'
[1.510s] Level 1:colcon.colcon_core.environment:checking '/home/maksmykha/Documents/RobotikProject/install/robotik_description/lib/pkgconfig/robotik_description.pc'
[1.510s] Level 1:colcon.colcon_core.environment:checking '/home/maksmykha/Documents/RobotikProject/install/robotik_description/lib/python3.12/site-packages'
[1.510s] Level 1:colcon.colcon_core.environment:checking '/home/maksmykha/Documents/RobotikProject/install/robotik_description/bin'
[1.511s] INFO:colcon.colcon_core.shell:Creating package script '/home/maksmykha/Documents/RobotikProject/install/robotik_description/share/robotik_description/package.ps1'
[1.511s] INFO:colcon.colcon_core.shell:Creating package descriptor '/home/maksmykha/Documents/RobotikProject/install/robotik_description/share/robotik_description/package.dsv'
[1.512s] INFO:colcon.colcon_core.shell:Creating package script '/home/maksmykha/Documents/RobotikProject/install/robotik_description/share/robotik_description/package.sh'
[1.513s] INFO:colcon.colcon_core.shell:Creating package script '/home/maksmykha/Documents/RobotikProject/install/robotik_description/share/robotik_description/package.bash'
[1.513s] INFO:colcon.colcon_core.shell:Creating package script '/home/maksmykha/Documents/RobotikProject/install/robotik_description/share/robotik_description/package.zsh'
[1.513s] Level 1:colcon.colcon_core.environment:create_file_with_runtime_dependencies(/home/maksmykha/Documents/RobotikProject/install/robotik_description/share/colcon-core/packages/robotik_description)
[1.516s] Level 1:colcon.colcon_core.environment:create_environment_scripts_only(robot_description)
[1.517s] Level 1:colcon.colcon_core.environment:checking '/home/maksmykha/Documents/RobotikProject/install/robot_description' for CMake module files
[1.518s] DEBUG:colcon.colcon_core.event_handler.log_command:Invoked command in '/home/maksmykha/Documents/RobotikProject/build/robot_description' returned '0': CMAKE_PREFIX_PATH=${CMAKE_PREFIX_PATH}:/home/maksmykha/Documents/RobotikProject/install/yolo_ros:/home/maksmykha/Documents/RobotikProject/install/robotik_vision:/home/maksmykha/Documents/RobotikProject/install/robotik_sorting:/home/maksmykha/Documents/RobotikProject/install/robotik_gazebo:/home/maksmykha/Documents/RobotikProject/install/robotik_control:/home/maksmykha/Documents/RobotikProject/install/robotik_bringup:/opt/ros/jazzy DEBUGINFOD_URLS=https://debuginfod.ubuntu.com /usr/bin/cmake --install /home/maksmykha/Documents/RobotikProject/build/robot_description
[1.518s] Level 1:colcon.colcon_core.environment:checking '/home/maksmykha/Documents/RobotikProject/install/robot_description' for CMake config files
[1.519s] Level 1:colcon.colcon_core.shell:create_environment_hook('robot_description', 'cmake_prefix_path')
[1.521s] INFO:colcon.colcon_core.shell:Creating environment hook '/home/maksmykha/Documents/RobotikProject/install/robot_description/share/robot_description/hook/cmake_prefix_path.ps1'
[1.522s] INFO:colcon.colcon_core.shell:Creating environment descriptor '/home/maksmykha/Documents/RobotikProject/install/robot_description/share/robot_description/hook/cmake_prefix_path.dsv'
[1.522s] INFO:colcon.colcon_core.shell:Creating environment hook '/home/maksmykha/Documents/RobotikProject/install/robot_description/share/robot_description/hook/cmake_prefix_path.sh'
[1.523s] Level 1:colcon.colcon_core.environment:checking '/home/maksmykha/Documents/RobotikProject/install/robot_description/bin'
[1.523s] Level 1:colcon.colcon_core.environment:checking '/home/maksmykha/Documents/RobotikProject/install/robot_description/lib/pkgconfig/robot_description.pc'
[1.523s] Level 1:colcon.colcon_core.environment:checking '/home/maksmykha/Documents/RobotikProject/install/robot_description/lib/python3.12/site-packages'
[1.523s] Level 1:colcon.colcon_core.environment:checking '/home/maksmykha/Documents/RobotikProject/install/robot_description/bin'
[1.524s] INFO:colcon.colcon_core.shell:Creating package script '/home/maksmykha/Documents/RobotikProject/install/robot_description/share/robot_description/package.ps1'
[1.524s] INFO:colcon.colcon_core.shell:Creating package descriptor '/home/maksmykha/Documents/RobotikProject/install/robot_description/share/robot_description/package.dsv'
[1.524s] INFO:colcon.colcon_core.shell:Creating package script '/home/maksmykha/Documents/RobotikProject/install/robot_description/share/robot_description/package.sh'
[1.525s] INFO:colcon.colcon_core.shell:Creating package script '/home/maksmykha/Documents/RobotikProject/install/robot_description/share/robot_description/package.bash'
[1.525s] INFO:colcon.colcon_core.shell:Creating package script '/home/maksmykha/Documents/RobotikProject/install/robot_description/share/robot_description/package.zsh'
[1.525s] Level 1:colcon.colcon_core.environment:create_file_with_runtime_dependencies(/home/maksmykha/Documents/RobotikProject/install/robot_description/share/colcon-core/packages/robot_description)
[1.526s] Level 1:colcon.colcon_core.environment:create_environment_scripts_only(robot_description)
[1.526s] Level 1:colcon.colcon_core.environment:checking '/home/maksmykha/Documents/RobotikProject/install/robot_description' for CMake module files
[1.526s] Level 1:colcon.colcon_core.environment:checking '/home/maksmykha/Documents/RobotikProject/install/robot_description' for CMake config files
[1.528s] Level 1:colcon.colcon_core.shell:create_environment_hook('robot_description', 'cmake_prefix_path')
[1.529s] INFO:colcon.colcon_core.shell:Creating environment hook '/home/maksmykha/Documents/RobotikProject/install/robot_description/share/robot_description/hook/cmake_prefix_path.ps1'
[1.531s] INFO:colcon.colcon_core.shell:Creating environment descriptor '/home/maksmykha/Documents/RobotikProject/install/robot_description/share/robot_description/hook/cmake_prefix_path.dsv'
[1.531s] INFO:colcon.colcon_core.shell:Creating environment hook '/home/maksmykha/Documents/RobotikProject/install/robot_description/share/robot_description/hook/cmake_prefix_path.sh'
[1.532s] Level 1:colcon.colcon_core.environment:checking '/home/maksmykha/Documents/RobotikProject/install/robot_description/bin'
[1.532s] Level 1:colcon.colcon_core.environment:checking '/home/maksmykha/Documents/RobotikProject/install/robot_description/lib/pkgconfig/robot_description.pc'
[1.532s] Level 1:colcon.colcon_core.environment:checking '/home/maksmykha/Documents/RobotikProject/install/robot_description/lib/python3.12/site-packages'
[1.534s] Level 1:colcon.colcon_core.environment:checking '/home/maksmykha/Documents/RobotikProject/install/robot_description/bin'
[1.534s] INFO:colcon.colcon_core.shell:Creating package script '/home/maksmykha/Documents/RobotikProject/install/robot_description/share/robot_description/package.ps1'
[1.536s] INFO:colcon.colcon_core.shell:Creating package descriptor '/home/maksmykha/Documents/RobotikProject/install/robot_description/share/robot_description/package.dsv'
[1.537s] INFO:colcon.colcon_core.shell:Creating package script '/home/maksmykha/Documents/RobotikProject/install/robot_description/share/robot_description/package.sh'
[1.537s] INFO:colcon.colcon_core.shell:Creating package script '/home/maksmykha/Documents/RobotikProject/install/robot_description/share/robot_description/package.bash'
[1.539s] INFO:colcon.colcon_core.shell:Creating package script '/home/maksmykha/Documents/RobotikProject/install/robot_description/share/robot_description/package.zsh'
[1.541s] Level 1:colcon.colcon_core.environment:create_file_with_runtime_dependencies(/home/maksmykha/Documents/RobotikProject/install/robot_description/share/colcon-core/packages/robot_description)
[1.748s] Level 1:colcon.colcon_core.environment:create_environment_scripts_only(yolo_msgs)
[1.749s] Level 1:colcon.colcon_core.environment:checking '/home/maksmykha/Documents/RobotikProject/install/yolo_msgs' for CMake module files
[1.749s] DEBUG:colcon.colcon_core.event_handler.log_command:Invoked command in '/home/maksmykha/Documents/RobotikProject/build/yolo_msgs' returned '0': CMAKE_PREFIX_PATH=${CMAKE_PREFIX_PATH}:/home/maksmykha/Documents/RobotikProject/install/yolo_ros:/home/maksmykha/Documents/RobotikProject/install/robotik_vision:/home/maksmykha/Documents/RobotikProject/install/robotik_sorting:/home/maksmykha/Documents/RobotikProject/install/robotik_gazebo:/home/maksmykha/Documents/RobotikProject/install/robotik_control:/home/maksmykha/Documents/RobotikProject/install/robotik_bringup:/opt/ros/jazzy DEBUGINFOD_URLS=https://debuginfod.ubuntu.com /usr/bin/cmake --install /home/maksmykha/Documents/RobotikProject/build/yolo_msgs
[1.750s] Level 1:colcon.colcon_core.environment:checking '/home/maksmykha/Documents/RobotikProject/install/yolo_msgs' for CMake config files
[1.750s] Level 1:colcon.colcon_core.shell:create_environment_hook('yolo_msgs', 'cmake_prefix_path')
[1.750s] INFO:colcon.colcon_core.shell:Creating environment hook '/home/maksmykha/Documents/RobotikProject/install/yolo_msgs/share/yolo_msgs/hook/cmake_prefix_path.ps1'
[1.750s] INFO:colcon.colcon_core.shell:Creating environment descriptor '/home/maksmykha/Documents/RobotikProject/install/yolo_msgs/share/yolo_msgs/hook/cmake_prefix_path.dsv'
[1.751s] INFO:colcon.colcon_core.shell:Creating environment hook '/home/maksmykha/Documents/RobotikProject/install/yolo_msgs/share/yolo_msgs/hook/cmake_prefix_path.sh'
[1.751s] Level 1:colcon.colcon_core.environment:checking '/home/maksmykha/Documents/RobotikProject/install/yolo_msgs/lib'
[1.751s] Level 1:colcon.colcon_core.shell:create_environment_hook('yolo_msgs', 'ld_library_path_lib')
[1.751s] INFO:colcon.colcon_core.shell:Creating environment hook '/home/maksmykha/Documents/RobotikProject/install/yolo_msgs/share/yolo_msgs/hook/ld_library_path_lib.ps1'
[1.751s] INFO:colcon.colcon_core.shell:Creating environment descriptor '/home/maksmykha/Documents/RobotikProject/install/yolo_msgs/share/yolo_msgs/hook/ld_library_path_lib.dsv'
[1.752s] INFO:colcon.colcon_core.shell:Creating environment hook '/home/maksmykha/Documents/RobotikProject/install/yolo_msgs/share/yolo_msgs/hook/ld_library_path_lib.sh'
[1.752s] Level 1:colcon.colcon_core.environment:checking '/home/maksmykha/Documents/RobotikProject/install/yolo_msgs/bin'
[1.752s] Level 1:colcon.colcon_core.environment:checking '/home/maksmykha/Documents/RobotikProject/install/yolo_msgs/lib/pkgconfig/yolo_msgs.pc'
[1.752s] Level 1:colcon.colcon_core.environment:checking '/home/maksmykha/Documents/RobotikProject/install/yolo_msgs/lib/python3.12/site-packages'
[1.752s] Level 1:colcon.colcon_core.shell:create_environment_hook('yolo_msgs', 'pythonpath')
[1.752s] INFO:colcon.colcon_core.shell:Creating environment hook '/home/maksmykha/Documents/RobotikProject/install/yolo_msgs/share/yolo_msgs/hook/pythonpath.ps1'
[1.752s] INFO:colcon.colcon_core.shell:Creating environment descriptor '/home/maksmykha/Documents/RobotikProject/install/yolo_msgs/share/yolo_msgs/hook/pythonpath.dsv'
[1.753s] INFO:colcon.colcon_core.shell:Creating environment hook '/home/maksmykha/Documents/RobotikProject/install/yolo_msgs/share/yolo_msgs/hook/pythonpath.sh'
[1.753s] Level 1:colcon.colcon_core.environment:checking '/home/maksmykha/Documents/RobotikProject/install/yolo_msgs/bin'
[1.753s] INFO:colcon.colcon_core.shell:Creating package script '/home/maksmykha/Documents/RobotikProject/install/yolo_msgs/share/yolo_msgs/package.ps1'
[1.754s] INFO:colcon.colcon_core.shell:Creating package descriptor '/home/maksmykha/Documents/RobotikProject/install/yolo_msgs/share/yolo_msgs/package.dsv'
[1.754s] INFO:colcon.colcon_core.shell:Creating package script '/home/maksmykha/Documents/RobotikProject/install/yolo_msgs/share/yolo_msgs/package.sh'
[1.755s] INFO:colcon.colcon_core.shell:Creating package script '/home/maksmykha/Documents/RobotikProject/install/yolo_msgs/share/yolo_msgs/package.bash'
[1.755s] INFO:colcon.colcon_core.shell:Creating package script '/home/maksmykha/Documents/RobotikProject/install/yolo_msgs/share/yolo_msgs/package.zsh'
[1.755s] Level 1:colcon.colcon_core.environment:create_file_with_runtime_dependencies(/home/maksmykha/Documents/RobotikProject/install/yolo_msgs/share/colcon-core/packages/yolo_msgs)
[1.755s] Level 1:colcon.colcon_core.environment:create_environment_scripts_only(yolo_msgs)
[1.755s] Level 1:colcon.colcon_core.environment:checking '/home/maksmykha/Documents/RobotikProject/install/yolo_msgs' for CMake module files
[1.756s] Level 1:colcon.colcon_core.environment:checking '/home/maksmykha/Documents/RobotikProject/install/yolo_msgs' for CMake config files
[1.757s] Level 1:colcon.colcon_core.shell:create_environment_hook('yolo_msgs', 'cmake_prefix_path')
[1.757s] INFO:colcon.colcon_core.shell:Creating environment hook '/home/maksmykha/Documents/RobotikProject/install/yolo_msgs/share/yolo_msgs/hook/cmake_prefix_path.ps1'
[1.757s] INFO:colcon.colcon_core.shell:Creating environment descriptor '/home/maksmykha/Documents/RobotikProject/install/yolo_msgs/share/yolo_msgs/hook/cmake_prefix_path.dsv'
[1.757s] INFO:colcon.colcon_core.shell:Creating environment hook '/home/maksmykha/Documents/RobotikProject/install/yolo_msgs/share/yolo_msgs/hook/cmake_prefix_path.sh'
[1.758s] Level 1:colcon.colcon_core.environment:checking '/home/maksmykha/Documents/RobotikProject/install/yolo_msgs/lib'
[1.758s] Level 1:colcon.colcon_core.shell:create_environment_hook('yolo_msgs', 'ld_library_path_lib')
[1.758s] INFO:colcon.colcon_core.shell:Creating environment hook '/home/maksmykha/Documents/RobotikProject/install/yolo_msgs/share/yolo_msgs/hook/ld_library_path_lib.ps1'
[1.758s] INFO:colcon.colcon_core.shell:Creating environment descriptor '/home/maksmykha/Documents/RobotikProject/install/yolo_msgs/share/yolo_msgs/hook/ld_library_path_lib.dsv'
[1.759s] INFO:colcon.colcon_core.shell:Creating environment hook '/home/maksmykha/Documents/RobotikProject/install/yolo_msgs/share/yolo_msgs/hook/ld_library_path_lib.sh'
[1.759s] Level 1:colcon.colcon_core.environment:checking '/home/maksmykha/Documents/RobotikProject/install/yolo_msgs/bin'
[1.759s] Level 1:colcon.colcon_core.environment:checking '/home/maksmykha/Documents/RobotikProject/install/yolo_msgs/lib/pkgconfig/yolo_msgs.pc'
[1.759s] Level 1:colcon.colcon_core.environment:checking '/home/maksmykha/Documents/RobotikProject/install/yolo_msgs/lib/python3.12/site-packages'
[1.759s] Level 1:colcon.colcon_core.shell:create_environment_hook('yolo_msgs', 'pythonpath')
[1.759s] INFO:colcon.colcon_core.shell:Creating environment hook '/home/maksmykha/Documents/RobotikProject/install/yolo_msgs/share/yolo_msgs/hook/pythonpath.ps1'
[1.760s] INFO:colcon.colcon_core.shell:Creating environment descriptor '/home/maksmykha/Documents/RobotikProject/install/yolo_msgs/share/yolo_msgs/hook/pythonpath.dsv'
[1.760s] INFO:colcon.colcon_core.shell:Creating environment hook '/home/maksmykha/Documents/RobotikProject/install/yolo_msgs/share/yolo_msgs/hook/pythonpath.sh'
[1.760s] Level 1:colcon.colcon_core.environment:checking '/home/maksmykha/Documents/RobotikProject/install/yolo_msgs/bin'
[1.761s] INFO:colcon.colcon_core.shell:Creating package script '/home/maksmykha/Documents/RobotikProject/install/yolo_msgs/share/yolo_msgs/package.ps1'
[1.761s] INFO:colcon.colcon_core.shell:Creating package descriptor '/home/maksmykha/Documents/RobotikProject/install/yolo_msgs/share/yolo_msgs/package.dsv'
[1.761s] INFO:colcon.colcon_core.shell:Creating package script '/home/maksmykha/Documents/RobotikProject/install/yolo_msgs/share/yolo_msgs/package.sh'
[1.762s] INFO:colcon.colcon_core.shell:Creating package script '/home/maksmykha/Documents/RobotikProject/install/yolo_msgs/share/yolo_msgs/package.bash'
[1.762s] INFO:colcon.colcon_core.shell:Creating package script '/home/maksmykha/Documents/RobotikProject/install/yolo_msgs/share/yolo_msgs/package.zsh'
[1.762s] Level 1:colcon.colcon_core.environment:create_file_with_runtime_dependencies(/home/maksmykha/Documents/RobotikProject/install/yolo_msgs/share/colcon-core/packages/yolo_msgs)
[1.763s] INFO:colcon.colcon_ros.task.ament_python.build:Building ROS package in '/home/maksmykha/Documents/RobotikProject/src/yolo_ros/yolo_ros' with build type 'ament_python'
[1.763s] Level 1:colcon.colcon_core.shell:create_environment_hook('yolo_ros', 'ament_prefix_path')
[1.763s] INFO:colcon.colcon_core.shell:Creating environment hook '/home/maksmykha/Documents/RobotikProject/install/yolo_ros/share/yolo_ros/hook/ament_prefix_path.ps1'
[1.763s] INFO:colcon.colcon_core.shell:Creating environment descriptor '/home/maksmykha/Documents/RobotikProject/install/yolo_ros/share/yolo_ros/hook/ament_prefix_path.dsv'
[1.764s] INFO:colcon.colcon_core.shell:Creating environment hook '/home/maksmykha/Documents/RobotikProject/install/yolo_ros/share/yolo_ros/hook/ament_prefix_path.sh'
[1.764s] INFO:colcon.colcon_core.shell:Skip shell extension 'powershell' for command environment: Not usable outside of PowerShell
[1.764s] DEBUG:colcon.colcon_core.shell:Skip shell extension 'dsv' for command environment
[1.944s] INFO:colcon.colcon_core.task.python.build:Building Python package in '/home/maksmykha/Documents/RobotikProject/src/yolo_ros/yolo_ros'
[1.944s] INFO:colcon.colcon_core.shell:Skip shell extension 'powershell' for command environment: Not usable outside of PowerShell
[1.944s] DEBUG:colcon.colcon_core.shell:Skip shell extension 'dsv' for command environment
[2.206s] DEBUG:colcon.colcon_core.event_handler.log_command:Invoking command in '/home/maksmykha/Documents/RobotikProject/build/robotik_bringup': DEBUGINFOD_URLS=https://debuginfod.ubuntu.com PYTHONPATH=/home/maksmykha/Documents/RobotikProject/build/robotik_bringup/prefix_override:/usr/lib/python3/dist-packages/colcon_core/task/python/colcon_distutils_commands:/home/maksmykha/Documents/RobotikProject/install/robotik_bringup/lib/python3.12/site-packages:${PYTHONPATH} /usr/bin/python3 -W ignore:setup.py install is deprecated -W ignore:easy_install command is deprecated setup.py develop --editable --build-directory /home/maksmykha/Documents/RobotikProject/build/robotik_bringup/build --no-deps symlink_data
[2.208s] DEBUG:colcon.colcon_core.event_handler.log_command:Invoking command in '/home/maksmykha/Documents/RobotikProject/build/robotik_control': DEBUGINFOD_URLS=https://debuginfod.ubuntu.com PYTHONPATH=/home/maksmykha/Documents/RobotikProject/build/robotik_control/prefix_override:/usr/lib/python3/dist-packages/colcon_core/task/python/colcon_distutils_commands:/home/maksmykha/Documents/RobotikProject/install/robotik_control/lib/python3.12/site-packages:${PYTHONPATH} /usr/bin/python3 -W ignore:setup.py install is deprecated -W ignore:easy_install command is deprecated setup.py develop --editable --build-directory /home/maksmykha/Documents/RobotikProject/build/robotik_control/build --no-deps symlink_data
[2.210s] DEBUG:colcon.colcon_core.event_handler.log_command:Invoking command in '/home/maksmykha/Documents/RobotikProject/build/robotik_gazebo': DEBUGINFOD_URLS=https://debuginfod.ubuntu.com PYTHONPATH=/home/maksmykha/Documents/RobotikProject/build/robotik_gazebo/prefix_override:/usr/lib/python3/dist-packages/colcon_core/task/python/colcon_distutils_commands:/home/maksmykha/Documents/RobotikProject/install/robotik_gazebo/lib/python3.12/site-packages:${PYTHONPATH} /usr/bin/python3 -W ignore:setup.py install is deprecated -W ignore:easy_install command is deprecated setup.py develop --editable --build-directory /home/maksmykha/Documents/RobotikProject/build/robotik_gazebo/build --no-deps symlink_data
[2.213s] DEBUG:colcon.colcon_core.event_handler.log_command:Invoking command in '/home/maksmykha/Documents/RobotikProject/build/robotik_vision': DEBUGINFOD_URLS=https://debuginfod.ubuntu.com PYTHONPATH=/home/maksmykha/Documents/RobotikProject/build/robotik_vision/prefix_override:/usr/lib/python3/dist-packages/colcon_core/task/python/colcon_distutils_commands:/home/maksmykha/Documents/RobotikProject/install/robotik_vision/lib/python3.12/site-packages:${PYTHONPATH} /usr/bin/python3 -W ignore:setup.py install is deprecated -W ignore:easy_install command is deprecated setup.py develop --editable --build-directory /home/maksmykha/Documents/RobotikProject/build/robotik_vision/build --no-deps symlink_data
[2.218s] DEBUG:colcon.colcon_core.event_handler.log_command:Invoking command in '/home/maksmykha/Documents/RobotikProject/build/robotik_sorting': DEBUGINFOD_URLS=https://debuginfod.ubuntu.com PYTHONPATH=/home/maksmykha/Documents/RobotikProject/build/robotik_sorting/prefix_override:/usr/lib/python3/dist-packages/colcon_core/task/python/colcon_distutils_commands:/home/maksmykha/Documents/RobotikProject/install/robotik_sorting/lib/python3.12/site-packages:${PYTHONPATH} /usr/bin/python3 -W ignore:setup.py install is deprecated -W ignore:easy_install command is deprecated setup.py develop --editable --build-directory /home/maksmykha/Documents/RobotikProject/build/robotik_sorting/build --no-deps symlink_data
[2.418s] DEBUG:colcon.colcon_core.event_handler.log_command:Invoking command in '/home/maksmykha/Documents/RobotikProject/build/yolo_ros': CMAKE_PREFIX_PATH=/home/maksmykha/Documents/RobotikProject/install/yolo_msgs:/home/maksmykha/Documents/RobotikProject/install/yolo_bringup:/home/maksmykha/Documents/RobotikProject/install/robotik_description:/home/maksmykha/Documents/RobotikProject/install/robot_description:/opt/ros/jazzy/opt/gz_sim_vendor:/opt/ros/jazzy/opt/gz_sensors_vendor:/opt/ros/jazzy/opt/gz_physics_vendor:/opt/ros/jazzy/opt/sdformat_vendor:/opt/ros/jazzy/opt/gz_gui_vendor:/opt/ros/jazzy/opt/gz_transport_vendor:/opt/ros/jazzy/opt/gz_rendering_vendor:/opt/ros/jazzy/opt/gz_plugin_vendor:/opt/ros/jazzy/opt/gz_fuel_tools_vendor:/opt/ros/jazzy/opt/gz_msgs_vendor:/opt/ros/jazzy/opt/gz_common_vendor:/opt/ros/jazzy/opt/gz_math_vendor:/opt/ros/jazzy/opt/gz_utils_vendor:/opt/ros/jazzy/opt/gz_tools_vendor:/opt/ros/jazzy/opt/gz_ogre_next_vendor:/opt/ros/jazzy/opt/gz_dartsim_vendor:/opt/ros/jazzy/opt/gz_cmake_vendor DEBUGINFOD_URLS=https://debuginfod.ubuntu.com PYTHONPATH=/home/maksmykha/Documents/RobotikProject/build/yolo_ros/prefix_override:/usr/lib/python3/dist-packages/colcon_core/task/python/colcon_distutils_commands:/home/maksmykha/Documents/RobotikProject/install/yolo_ros/lib/python3.12/site-packages:/home/maksmykha/Documents/RobotikProject/install/yolo_msgs/lib/python3.12/site-packages:/home/maksmykha/Documents/RobotikProject/build/yolo_ros:/home/maksmykha/Documents/RobotikProject/install/yolo_ros/lib/python3.12/site-packages:/home/maksmykha/Documents/RobotikProject/build/robotik_vision:/home/maksmykha/Documents/RobotikProject/install/robotik_vision/lib/python3.12/site-packages:/home/maksmykha/Documents/RobotikProject/build/robotik_sorting:/home/maksmykha/Documents/RobotikProject/install/robotik_sorting/lib/python3.12/site-packages:/home/maksmykha/Documents/RobotikProject/build/robotik_gazebo:/home/maksmykha/Documents/RobotikProject/install/robotik_gazebo/lib/python3.12/site-packages:/home/maksmykha/Documents/RobotikProject/build/robotik_control:/home/maksmykha/Documents/RobotikProject/install/robotik_control/lib/python3.12/site-packages:/home/maksmykha/Documents/RobotikProject/build/robotik_bringup:/home/maksmykha/Documents/RobotikProject/install/robotik_bringup/lib/python3.12/site-packages:/opt/ros/jazzy/lib/python3.12/site-packages /usr/bin/python3 -W ignore:setup.py install is deprecated -W ignore:easy_install command is deprecated setup.py develop --editable --build-directory /home/maksmykha/Documents/RobotikProject/build/yolo_ros/build --no-deps symlink_data
[2.696s] Level 1:colcon.colcon_core.shell:create_environment_hook('robotik_control', 'pythonpath_develop')
[2.697s] INFO:colcon.colcon_core.shell:Creating environment hook '/home/maksmykha/Documents/RobotikProject/build/robotik_control/share/robotik_control/hook/pythonpath_develop.ps1'
[2.697s] DEBUG:colcon.colcon_core.event_handler.log_command:Invoked command in '/home/maksmykha/Documents/RobotikProject/build/robotik_control' returned '0': DEBUGINFOD_URLS=https://debuginfod.ubuntu.com PYTHONPATH=/home/maksmykha/Documents/RobotikProject/build/robotik_control/prefix_override:/usr/lib/python3/dist-packages/colcon_core/task/python/colcon_distutils_commands:/home/maksmykha/Documents/RobotikProject/install/robotik_control/lib/python3.12/site-packages:${PYTHONPATH} /usr/bin/python3 -W ignore:setup.py install is deprecated -W ignore:easy_install command is deprecated setup.py develop --editable --build-directory /home/maksmykha/Documents/RobotikProject/build/robotik_control/build --no-deps symlink_data
[2.700s] INFO:colcon.colcon_core.shell:Creating environment descriptor '/home/maksmykha/Documents/RobotikProject/build/robotik_control/share/robotik_control/hook/pythonpath_develop.dsv'
[2.701s] INFO:colcon.colcon_core.shell:Creating environment hook '/home/maksmykha/Documents/RobotikProject/build/robotik_control/share/robotik_control/hook/pythonpath_develop.sh'
[2.701s] Level 1:colcon.colcon_core.environment:checking '/home/maksmykha/Documents/RobotikProject/install/robotik_control' for CMake module files
[2.702s] Level 1:colcon.colcon_core.environment:checking '/home/maksmykha/Documents/RobotikProject/install/robotik_control' for CMake config files
[2.702s] Level 1:colcon.colcon_core.environment:checking '/home/maksmykha/Documents/RobotikProject/install/robotik_control/lib'
[2.702s] Level 1:colcon.colcon_core.environment:checking '/home/maksmykha/Documents/RobotikProject/install/robotik_control/bin'
[2.702s] Level 1:colcon.colcon_core.environment:checking '/home/maksmykha/Documents/RobotikProject/install/robotik_control/lib/pkgconfig/robotik_control.pc'
[2.703s] Level 1:colcon.colcon_core.environment:checking '/home/maksmykha/Documents/RobotikProject/install/robotik_control/lib/python3.12/site-packages'
[2.703s] Level 1:colcon.colcon_core.shell:create_environment_hook('robotik_control', 'pythonpath')
[2.703s] INFO:colcon.colcon_core.shell:Creating environment hook '/home/maksmykha/Documents/RobotikProject/install/robotik_control/share/robotik_control/hook/pythonpath.ps1'
[2.703s] INFO:colcon.colcon_core.shell:Creating environment descriptor '/home/maksmykha/Documents/RobotikProject/install/robotik_control/share/robotik_control/hook/pythonpath.dsv'
[2.704s] INFO:colcon.colcon_core.shell:Creating environment hook '/home/maksmykha/Documents/RobotikProject/install/robotik_control/share/robotik_control/hook/pythonpath.sh'
[2.704s] Level 1:colcon.colcon_core.environment:checking '/home/maksmykha/Documents/RobotikProject/install/robotik_control/bin'
[2.704s] Level 1:colcon.colcon_core.environment:create_environment_scripts_only(robotik_control)
[2.704s] INFO:colcon.colcon_core.shell:Creating package script '/home/maksmykha/Documents/RobotikProject/install/robotik_control/share/robotik_control/package.ps1'
[2.705s] INFO:colcon.colcon_core.shell:Creating package descriptor '/home/maksmykha/Documents/RobotikProject/install/robotik_control/share/robotik_control/package.dsv'
[2.705s] INFO:colcon.colcon_core.shell:Creating package script '/home/maksmykha/Documents/RobotikProject/install/robotik_control/share/robotik_control/package.sh'
[2.705s] INFO:colcon.colcon_core.shell:Creating package script '/home/maksmykha/Documents/RobotikProject/install/robotik_control/share/robotik_control/package.bash'
[2.705s] INFO:colcon.colcon_core.shell:Creating package script '/home/maksmykha/Documents/RobotikProject/install/robotik_control/share/robotik_control/package.zsh'
[2.706s] Level 1:colcon.colcon_core.environment:create_file_with_runtime_dependencies(/home/maksmykha/Documents/RobotikProject/install/robotik_control/share/colcon-core/packages/robotik_control)
[2.708s] Level 1:colcon.colcon_core.shell:create_environment_hook('robotik_bringup', 'pythonpath_develop')
[2.708s] INFO:colcon.colcon_core.shell:Creating environment hook '/home/maksmykha/Documents/RobotikProject/build/robotik_bringup/share/robotik_bringup/hook/pythonpath_develop.ps1'
[2.708s] INFO:colcon.colcon_core.shell:Creating environment descriptor '/home/maksmykha/Documents/RobotikProject/build/robotik_bringup/share/robotik_bringup/hook/pythonpath_develop.dsv'
[2.710s] DEBUG:colcon.colcon_core.event_handler.log_command:Invoked command in '/home/maksmykha/Documents/RobotikProject/build/robotik_bringup' returned '0': DEBUGINFOD_URLS=https://debuginfod.ubuntu.com PYTHONPATH=/home/maksmykha/Documents/RobotikProject/build/robotik_bringup/prefix_override:/usr/lib/python3/dist-packages/colcon_core/task/python/colcon_distutils_commands:/home/maksmykha/Documents/RobotikProject/install/robotik_bringup/lib/python3.12/site-packages:${PYTHONPATH} /usr/bin/python3 -W ignore:setup.py install is deprecated -W ignore:easy_install command is deprecated setup.py develop --editable --build-directory /home/maksmykha/Documents/RobotikProject/build/robotik_bringup/build --no-deps symlink_data
[2.711s] INFO:colcon.colcon_core.shell:Creating environment hook '/home/maksmykha/Documents/RobotikProject/build/robotik_bringup/share/robotik_bringup/hook/pythonpath_develop.sh'
[2.712s] Level 1:colcon.colcon_core.environment:checking '/home/maksmykha/Documents/RobotikProject/install/robotik_bringup' for CMake module files
[2.712s] Level 1:colcon.colcon_core.environment:checking '/home/maksmykha/Documents/RobotikProject/install/robotik_bringup' for CMake config files
[2.713s] Level 1:colcon.colcon_core.environment:checking '/home/maksmykha/Documents/RobotikProject/install/robotik_bringup/lib'
[2.713s] Level 1:colcon.colcon_core.environment:checking '/home/maksmykha/Documents/RobotikProject/install/robotik_bringup/bin'
[2.713s] Level 1:colcon.colcon_core.environment:checking '/home/maksmykha/Documents/RobotikProject/install/robotik_bringup/lib/pkgconfig/robotik_bringup.pc'
[2.717s] Level 1:colcon.colcon_core.environment:checking '/home/maksmykha/Documents/RobotikProject/install/robotik_bringup/lib/python3.12/site-packages'
[2.717s] Level 1:colcon.colcon_core.shell:create_environment_hook('robotik_bringup', 'pythonpath')
[2.717s] INFO:colcon.colcon_core.shell:Creating environment hook '/home/maksmykha/Documents/RobotikProject/install/robotik_bringup/share/robotik_bringup/hook/pythonpath.ps1'
[2.718s] INFO:colcon.colcon_core.shell:Creating environment descriptor '/home/maksmykha/Documents/RobotikProject/install/robotik_bringup/share/robotik_bringup/hook/pythonpath.dsv'
[2.718s] INFO:colcon.colcon_core.shell:Creating environment hook '/home/maksmykha/Documents/RobotikProject/install/robotik_bringup/share/robotik_bringup/hook/pythonpath.sh'
[2.719s] Level 1:colcon.colcon_core.environment:checking '/home/maksmykha/Documents/RobotikProject/install/robotik_bringup/bin'
[2.719s] Level 1:colcon.colcon_core.environment:create_environment_scripts_only(robotik_bringup)
[2.719s] INFO:colcon.colcon_core.shell:Creating package script '/home/maksmykha/Documents/RobotikProject/install/robotik_bringup/share/robotik_bringup/package.ps1'
[2.719s] INFO:colcon.colcon_core.shell:Creating package descriptor '/home/maksmykha/Documents/RobotikProject/install/robotik_bringup/share/robotik_bringup/package.dsv'
[2.720s] INFO:colcon.colcon_core.shell:Creating package script '/home/maksmykha/Documents/RobotikProject/install/robotik_bringup/share/robotik_bringup/package.sh'
[2.720s] INFO:colcon.colcon_core.shell:Creating package script '/home/maksmykha/Documents/RobotikProject/install/robotik_bringup/share/robotik_bringup/package.bash'
[2.721s] INFO:colcon.colcon_core.shell:Creating package script '/home/maksmykha/Documents/RobotikProject/install/robotik_bringup/share/robotik_bringup/package.zsh'
[2.721s] Level 1:colcon.colcon_core.environment:create_file_with_runtime_dependencies(/home/maksmykha/Documents/RobotikProject/install/robotik_bringup/share/colcon-core/packages/robotik_bringup)
[2.724s] Level 1:colcon.colcon_core.shell:create_environment_hook('robotik_gazebo', 'pythonpath_develop')
[2.724s] DEBUG:colcon.colcon_core.event_handler.log_command:Invoked command in '/home/maksmykha/Documents/RobotikProject/build/robotik_gazebo' returned '0': DEBUGINFOD_URLS=https://debuginfod.ubuntu.com PYTHONPATH=/home/maksmykha/Documents/RobotikProject/build/robotik_gazebo/prefix_override:/usr/lib/python3/dist-packages/colcon_core/task/python/colcon_distutils_commands:/home/maksmykha/Documents/RobotikProject/install/robotik_gazebo/lib/python3.12/site-packages:${PYTHONPATH} /usr/bin/python3 -W ignore:setup.py install is deprecated -W ignore:easy_install command is deprecated setup.py develop --editable --build-directory /home/maksmykha/Documents/RobotikProject/build/robotik_gazebo/build --no-deps symlink_data
[2.724s] INFO:colcon.colcon_core.shell:Creating environment hook '/home/maksmykha/Documents/RobotikProject/build/robotik_gazebo/share/robotik_gazebo/hook/pythonpath_develop.ps1'
[2.725s] INFO:colcon.colcon_core.shell:Creating environment descriptor '/home/maksmykha/Documents/RobotikProject/build/robotik_gazebo/share/robotik_gazebo/hook/pythonpath_develop.dsv'
[2.725s] INFO:colcon.colcon_core.shell:Creating environment hook '/home/maksmykha/Documents/RobotikProject/build/robotik_gazebo/share/robotik_gazebo/hook/pythonpath_develop.sh'
[2.725s] Level 1:colcon.colcon_core.environment:checking '/home/maksmykha/Documents/RobotikProject/install/robotik_gazebo' for CMake module files
[2.726s] Level 1:colcon.colcon_core.environment:checking '/home/maksmykha/Documents/RobotikProject/install/robotik_gazebo' for CMake config files
[2.726s] Level 1:colcon.colcon_core.environment:checking '/home/maksmykha/Documents/RobotikProject/install/robotik_gazebo/lib'
[2.726s] Level 1:colcon.colcon_core.environment:checking '/home/maksmykha/Documents/RobotikProject/install/robotik_gazebo/bin'
[2.726s] Level 1:colcon.colcon_core.environment:checking '/home/maksmykha/Documents/RobotikProject/install/robotik_gazebo/lib/pkgconfig/robotik_gazebo.pc'
[2.726s] Level 1:colcon.colcon_core.environment:checking '/home/maksmykha/Documents/RobotikProject/install/robotik_gazebo/lib/python3.12/site-packages'
[2.726s] Level 1:colcon.colcon_core.shell:create_environment_hook('robotik_gazebo', 'pythonpath')
[2.726s] INFO:colcon.colcon_core.shell:Creating environment hook '/home/maksmykha/Documents/RobotikProject/install/robotik_gazebo/share/robotik_gazebo/hook/pythonpath.ps1'
[2.727s] INFO:colcon.colcon_core.shell:Creating environment descriptor '/home/maksmykha/Documents/RobotikProject/install/robotik_gazebo/share/robotik_gazebo/hook/pythonpath.dsv'
[2.727s] INFO:colcon.colcon_core.shell:Creating environment hook '/home/maksmykha/Documents/RobotikProject/install/robotik_gazebo/share/robotik_gazebo/hook/pythonpath.sh'
[2.727s] Level 1:colcon.colcon_core.environment:checking '/home/maksmykha/Documents/RobotikProject/install/robotik_gazebo/bin'
[2.727s] Level 1:colcon.colcon_core.environment:create_environment_scripts_only(robotik_gazebo)
[2.727s] INFO:colcon.colcon_core.shell:Creating package script '/home/maksmykha/Documents/RobotikProject/install/robotik_gazebo/share/robotik_gazebo/package.ps1'
[2.727s] INFO:colcon.colcon_core.shell:Creating package descriptor '/home/maksmykha/Documents/RobotikProject/install/robotik_gazebo/share/robotik_gazebo/package.dsv'
[2.728s] INFO:colcon.colcon_core.shell:Creating package script '/home/maksmykha/Documents/RobotikProject/install/robotik_gazebo/share/robotik_gazebo/package.sh'
[2.728s] INFO:colcon.colcon_core.shell:Creating package script '/home/maksmykha/Documents/RobotikProject/install/robotik_gazebo/share/robotik_gazebo/package.bash'
[2.728s] INFO:colcon.colcon_core.shell:Creating package script '/home/maksmykha/Documents/RobotikProject/install/robotik_gazebo/share/robotik_gazebo/package.zsh'
[2.728s] Level 1:colcon.colcon_core.environment:create_file_with_runtime_dependencies(/home/maksmykha/Documents/RobotikProject/install/robotik_gazebo/share/colcon-core/packages/robotik_gazebo)
[2.729s] Level 1:colcon.colcon_core.shell:create_environment_hook('robotik_vision', 'pythonpath_develop')
[2.729s] INFO:colcon.colcon_core.shell:Creating environment hook '/home/maksmykha/Documents/RobotikProject/build/robotik_vision/share/robotik_vision/hook/pythonpath_develop.ps1'
[2.729s] INFO:colcon.colcon_core.shell:Creating environment descriptor '/home/maksmykha/Documents/RobotikProject/build/robotik_vision/share/robotik_vision/hook/pythonpath_develop.dsv'
[2.730s] DEBUG:colcon.colcon_core.event_handler.log_command:Invoked command in '/home/maksmykha/Documents/RobotikProject/build/robotik_vision' returned '0': DEBUGINFOD_URLS=https://debuginfod.ubuntu.com PYTHONPATH=/home/maksmykha/Documents/RobotikProject/build/robotik_vision/prefix_override:/usr/lib/python3/dist-packages/colcon_core/task/python/colcon_distutils_commands:/home/maksmykha/Documents/RobotikProject/install/robotik_vision/lib/python3.12/site-packages:${PYTHONPATH} /usr/bin/python3 -W ignore:setup.py install is deprecated -W ignore:easy_install command is deprecated setup.py develop --editable --build-directory /home/maksmykha/Documents/RobotikProject/build/robotik_vision/build --no-deps symlink_data
[2.730s] INFO:colcon.colcon_core.shell:Creating environment hook '/home/maksmykha/Documents/RobotikProject/build/robotik_vision/share/robotik_vision/hook/pythonpath_develop.sh'
[2.730s] Level 1:colcon.colcon_core.environment:checking '/home/maksmykha/Documents/RobotikProject/install/robotik_vision' for CMake module files
[2.731s] Level 1:colcon.colcon_core.environment:checking '/home/maksmykha/Documents/RobotikProject/install/robotik_vision' for CMake config files
[2.731s] Level 1:colcon.colcon_core.environment:checking '/home/maksmykha/Documents/RobotikProject/install/robotik_vision/lib'
[2.731s] Level 1:colcon.colcon_core.environment:checking '/home/maksmykha/Documents/RobotikProject/install/robotik_vision/bin'
[2.731s] Level 1:colcon.colcon_core.environment:checking '/home/maksmykha/Documents/RobotikProject/install/robotik_vision/lib/pkgconfig/robotik_vision.pc'
[2.731s] Level 1:colcon.colcon_core.environment:checking '/home/maksmykha/Documents/RobotikProject/install/robotik_vision/lib/python3.12/site-packages'
[2.731s] Level 1:colcon.colcon_core.shell:create_environment_hook('robotik_vision', 'pythonpath')
[2.732s] INFO:colcon.colcon_core.shell:Creating environment hook '/home/maksmykha/Documents/RobotikProject/install/robotik_vision/share/robotik_vision/hook/pythonpath.ps1'
[2.732s] INFO:colcon.colcon_core.shell:Creating environment descriptor '/home/maksmykha/Documents/RobotikProject/install/robotik_vision/share/robotik_vision/hook/pythonpath.dsv'
[2.732s] INFO:colcon.colcon_core.shell:Creating environment hook '/home/maksmykha/Documents/RobotikProject/install/robotik_vision/share/robotik_vision/hook/pythonpath.sh'
[2.732s] Level 1:colcon.colcon_core.environment:checking '/home/maksmykha/Documents/RobotikProject/install/robotik_vision/bin'
[2.733s] Level 1:colcon.colcon_core.environment:create_environment_scripts_only(robotik_vision)
[2.733s] INFO:colcon.colcon_core.shell:Creating package script '/home/maksmykha/Documents/RobotikProject/install/robotik_vision/share/robotik_vision/package.ps1'
[2.733s] INFO:colcon.colcon_core.shell:Creating package descriptor '/home/maksmykha/Documents/RobotikProject/install/robotik_vision/share/robotik_vision/package.dsv'
[2.733s] INFO:colcon.colcon_core.shell:Creating package script '/home/maksmykha/Documents/RobotikProject/install/robotik_vision/share/robotik_vision/package.sh'
[2.733s] INFO:colcon.colcon_core.shell:Creating package script '/home/maksmykha/Documents/RobotikProject/install/robotik_vision/share/robotik_vision/package.bash'
[2.733s] INFO:colcon.colcon_core.shell:Creating package script '/home/maksmykha/Documents/RobotikProject/install/robotik_vision/share/robotik_vision/package.zsh'
[2.734s] Level 1:colcon.colcon_core.environment:create_file_with_runtime_dependencies(/home/maksmykha/Documents/RobotikProject/install/robotik_vision/share/colcon-core/packages/robotik_vision)
[2.734s] Level 1:colcon.colcon_core.shell:create_environment_hook('robotik_sorting', 'pythonpath_develop')
[2.734s] INFO:colcon.colcon_core.shell:Creating environment hook '/home/maksmykha/Documents/RobotikProject/build/robotik_sorting/share/robotik_sorting/hook/pythonpath_develop.ps1'
[2.735s] INFO:colcon.colcon_core.shell:Creating environment descriptor '/home/maksmykha/Documents/RobotikProject/build/robotik_sorting/share/robotik_sorting/hook/pythonpath_develop.dsv'
[2.735s] DEBUG:colcon.colcon_core.event_handler.log_command:Invoked command in '/home/maksmykha/Documents/RobotikProject/build/robotik_sorting' returned '0': DEBUGINFOD_URLS=https://debuginfod.ubuntu.com PYTHONPATH=/home/maksmykha/Documents/RobotikProject/build/robotik_sorting/prefix_override:/usr/lib/python3/dist-packages/colcon_core/task/python/colcon_distutils_commands:/home/maksmykha/Documents/RobotikProject/install/robotik_sorting/lib/python3.12/site-packages:${PYTHONPATH} /usr/bin/python3 -W ignore:setup.py install is deprecated -W ignore:easy_install command is deprecated setup.py develop --editable --build-directory /home/maksmykha/Documents/RobotikProject/build/robotik_sorting/build --no-deps symlink_data
[2.735s] INFO:colcon.colcon_core.shell:Creating environment hook '/home/maksmykha/Documents/RobotikProject/build/robotik_sorting/share/robotik_sorting/hook/pythonpath_develop.sh'
[2.735s] Level 1:colcon.colcon_core.environment:checking '/home/maksmykha/Documents/RobotikProject/install/robotik_sorting' for CMake module files
[2.736s] Level 1:colcon.colcon_core.environment:checking '/home/maksmykha/Documents/RobotikProject/install/robotik_sorting' for CMake config files
[2.736s] Level 1:colcon.colcon_core.environment:checking '/home/maksmykha/Documents/RobotikProject/install/robotik_sorting/lib'
[2.736s] Level 1:colcon.colcon_core.environment:checking '/home/maksmykha/Documents/RobotikProject/install/robotik_sorting/bin'
[2.736s] Level 1:colcon.colcon_core.environment:checking '/home/maksmykha/Documents/RobotikProject/install/robotik_sorting/lib/pkgconfig/robotik_sorting.pc'
[2.736s] Level 1:colcon.colcon_core.environment:checking '/home/maksmykha/Documents/RobotikProject/install/robotik_sorting/lib/python3.12/site-packages'
[2.736s] Level 1:colcon.colcon_core.shell:create_environment_hook('robotik_sorting', 'pythonpath')
[2.737s] INFO:colcon.colcon_core.shell:Creating environment hook '/home/maksmykha/Documents/RobotikProject/install/robotik_sorting/share/robotik_sorting/hook/pythonpath.ps1'
[2.737s] INFO:colcon.colcon_core.shell:Creating environment descriptor '/home/maksmykha/Documents/RobotikProject/install/robotik_sorting/share/robotik_sorting/hook/pythonpath.dsv'
[2.737s] INFO:colcon.colcon_core.shell:Creating environment hook '/home/maksmykha/Documents/RobotikProject/install/robotik_sorting/share/robotik_sorting/hook/pythonpath.sh'
[2.737s] Level 1:colcon.colcon_core.environment:checking '/home/maksmykha/Documents/RobotikProject/install/robotik_sorting/bin'
[2.737s] Level 1:colcon.colcon_core.environment:create_environment_scripts_only(robotik_sorting)
[2.737s] INFO:colcon.colcon_core.shell:Creating package script '/home/maksmykha/Documents/RobotikProject/install/robotik_sorting/share/robotik_sorting/package.ps1'
[2.738s] INFO:colcon.colcon_core.shell:Creating package descriptor '/home/maksmykha/Documents/RobotikProject/install/robotik_sorting/share/robotik_sorting/package.dsv'
[2.738s] INFO:colcon.colcon_core.shell:Creating package script '/home/maksmykha/Documents/RobotikProject/install/robotik_sorting/share/robotik_sorting/package.sh'
[2.738s] INFO:colcon.colcon_core.shell:Creating package script '/home/maksmykha/Documents/RobotikProject/install/robotik_sorting/share/robotik_sorting/package.bash'
[2.739s] INFO:colcon.colcon_core.shell:Creating package script '/home/maksmykha/Documents/RobotikProject/install/robotik_sorting/share/robotik_sorting/package.zsh'
[2.739s] Level 1:colcon.colcon_core.environment:create_file_with_runtime_dependencies(/home/maksmykha/Documents/RobotikProject/install/robotik_sorting/share/colcon-core/packages/robotik_sorting)
[2.877s] Level 1:colcon.colcon_core.shell:create_environment_hook('yolo_ros', 'pythonpath_develop')
[2.877s] INFO:colcon.colcon_core.shell:Creating environment hook '/home/maksmykha/Documents/RobotikProject/build/yolo_ros/share/yolo_ros/hook/pythonpath_develop.ps1'
[2.877s] DEBUG:colcon.colcon_core.event_handler.log_command:Invoked command in '/home/maksmykha/Documents/RobotikProject/build/yolo_ros' returned '0': CMAKE_PREFIX_PATH=/home/maksmykha/Documents/RobotikProject/install/yolo_msgs:/home/maksmykha/Documents/RobotikProject/install/yolo_bringup:/home/maksmykha/Documents/RobotikProject/install/robotik_description:/home/maksmykha/Documents/RobotikProject/install/robot_description:/opt/ros/jazzy/opt/gz_sim_vendor:/opt/ros/jazzy/opt/gz_sensors_vendor:/opt/ros/jazzy/opt/gz_physics_vendor:/opt/ros/jazzy/opt/sdformat_vendor:/opt/ros/jazzy/opt/gz_gui_vendor:/opt/ros/jazzy/opt/gz_transport_vendor:/opt/ros/jazzy/opt/gz_rendering_vendor:/opt/ros/jazzy/opt/gz_plugin_vendor:/opt/ros/jazzy/opt/gz_fuel_tools_vendor:/opt/ros/jazzy/opt/gz_msgs_vendor:/opt/ros/jazzy/opt/gz_common_vendor:/opt/ros/jazzy/opt/gz_math_vendor:/opt/ros/jazzy/opt/gz_utils_vendor:/opt/ros/jazzy/opt/gz_tools_vendor:/opt/ros/jazzy/opt/gz_ogre_next_vendor:/opt/ros/jazzy/opt/gz_dartsim_vendor:/opt/ros/jazzy/opt/gz_cmake_vendor DEBUGINFOD_URLS=https://debuginfod.ubuntu.com PYTHONPATH=/home/maksmykha/Documents/RobotikProject/build/yolo_ros/prefix_override:/usr/lib/python3/dist-packages/colcon_core/task/python/colcon_distutils_commands:/home/maksmykha/Documents/RobotikProject/install/yolo_ros/lib/python3.12/site-packages:/home/maksmykha/Documents/RobotikProject/install/yolo_msgs/lib/python3.12/site-packages:/home/maksmykha/Documents/RobotikProject/build/yolo_ros:/home/maksmykha/Documents/RobotikProject/install/yolo_ros/lib/python3.12/site-packages:/home/maksmykha/Documents/RobotikProject/build/robotik_vision:/home/maksmykha/Documents/RobotikProject/install/robotik_vision/lib/python3.12/site-packages:/home/maksmykha/Documents/RobotikProject/build/robotik_sorting:/home/maksmykha/Documents/RobotikProject/install/robotik_sorting/lib/python3.12/site-packages:/home/maksmykha/Documents/RobotikProject/build/robotik_gazebo:/home/maksmykha/Documents/RobotikProject/install/robotik_gazebo/lib/python3.12/site-packages:/home/maksmykha/Documents/RobotikProject/build/robotik_control:/home/maksmykha/Documents/RobotikProject/install/robotik_control/lib/python3.12/site-packages:/home/maksmykha/Documents/RobotikProject/build/robotik_bringup:/home/maksmykha/Documents/RobotikProject/install/robotik_bringup/lib/python3.12/site-packages:/opt/ros/jazzy/lib/python3.12/site-packages /usr/bin/python3 -W ignore:setup.py install is deprecated -W ignore:easy_install command is deprecated setup.py develop --editable --build-directory /home/maksmykha/Documents/RobotikProject/build/yolo_ros/build --no-deps symlink_data
[2.878s] INFO:colcon.colcon_core.shell:Creating environment descriptor '/home/maksmykha/Documents/RobotikProject/build/yolo_ros/share/yolo_ros/hook/pythonpath_develop.dsv'
[2.878s] INFO:colcon.colcon_core.shell:Creating environment hook '/home/maksmykha/Documents/RobotikProject/build/yolo_ros/share/yolo_ros/hook/pythonpath_develop.sh'
[2.878s] Level 1:colcon.colcon_core.environment:checking '/home/maksmykha/Documents/RobotikProject/install/yolo_ros' for CMake module files
[2.879s] Level 1:colcon.colcon_core.environment:checking '/home/maksmykha/Documents/RobotikProject/install/yolo_ros' for CMake config files
[2.879s] Level 1:colcon.colcon_core.environment:checking '/home/maksmykha/Documents/RobotikProject/install/yolo_ros/lib'
[2.879s] Level 1:colcon.colcon_core.environment:checking '/home/maksmykha/Documents/RobotikProject/install/yolo_ros/bin'
[2.879s] Level 1:colcon.colcon_core.environment:checking '/home/maksmykha/Documents/RobotikProject/install/yolo_ros/lib/pkgconfig/yolo_ros.pc'
[2.879s] Level 1:colcon.colcon_core.environment:checking '/home/maksmykha/Documents/RobotikProject/install/yolo_ros/lib/python3.12/site-packages'
[2.879s] Level 1:colcon.colcon_core.shell:create_environment_hook('yolo_ros', 'pythonpath')
[2.879s] INFO:colcon.colcon_core.shell:Creating environment hook '/home/maksmykha/Documents/RobotikProject/install/yolo_ros/share/yolo_ros/hook/pythonpath.ps1'
[2.880s] INFO:colcon.colcon_core.shell:Creating environment descriptor '/home/maksmykha/Documents/RobotikProject/install/yolo_ros/share/yolo_ros/hook/pythonpath.dsv'
[2.880s] INFO:colcon.colcon_core.shell:Creating environment hook '/home/maksmykha/Documents/RobotikProject/install/yolo_ros/share/yolo_ros/hook/pythonpath.sh'
[2.880s] Level 1:colcon.colcon_core.environment:checking '/home/maksmykha/Documents/RobotikProject/install/yolo_ros/bin'
[2.880s] Level 1:colcon.colcon_core.environment:create_environment_scripts_only(yolo_ros)
[2.880s] INFO:colcon.colcon_core.shell:Creating package script '/home/maksmykha/Documents/RobotikProject/install/yolo_ros/share/yolo_ros/package.ps1'
[2.880s] INFO:colcon.colcon_core.shell:Creating package descriptor '/home/maksmykha/Documents/RobotikProject/install/yolo_ros/share/yolo_ros/package.dsv'
[2.881s] INFO:colcon.colcon_core.shell:Creating package script '/home/maksmykha/Documents/RobotikProject/install/yolo_ros/share/yolo_ros/package.sh'
[2.881s] INFO:colcon.colcon_core.shell:Creating package script '/home/maksmykha/Documents/RobotikProject/install/yolo_ros/share/yolo_ros/package.bash'
[2.881s] INFO:colcon.colcon_core.shell:Creating package script '/home/maksmykha/Documents/RobotikProject/install/yolo_ros/share/yolo_ros/package.zsh'
[2.881s] Level 1:colcon.colcon_core.environment:create_file_with_runtime_dependencies(/home/maksmykha/Documents/RobotikProject/install/yolo_ros/share/colcon-core/packages/yolo_ros)
[2.882s] INFO:colcon.colcon_ros.task.ament_cmake.build:Building ROS package in '/home/maksmykha/Documents/RobotikProject/src/yolo_ros/yolo_bringup' with build type 'ament_cmake'
[2.882s] INFO:colcon.colcon_cmake.task.cmake.build:Building CMake package in '/home/maksmykha/Documents/RobotikProject/src/yolo_ros/yolo_bringup'
[2.882s] INFO:colcon.colcon_core.shell:Skip shell extension 'powershell' for command environment: Not usable outside of PowerShell
[2.882s] DEBUG:colcon.colcon_core.shell:Skip shell extension 'dsv' for command environment
[2.898s] DEBUG:colcon.colcon_core.event_handler.log_command:Invoking command in '/home/maksmykha/Documents/RobotikProject/build/yolo_bringup': AMENT_PREFIX_PATH=/home/maksmykha/Documents/RobotikProject/install/yolo_ros:/home/maksmykha/Documents/RobotikProject/install/yolo_bringup:/home/maksmykha/Documents/RobotikProject/install/yolo_msgs:/home/maksmykha/Documents/RobotikProject/install/robotik_vision:/home/maksmykha/Documents/RobotikProject/install/robotik_sorting:/home/maksmykha/Documents/RobotikProject/install/robotik_gazebo:/home/maksmykha/Documents/RobotikProject/install/robotik_description:/home/maksmykha/Documents/RobotikProject/install/robotik_control:/home/maksmykha/Documents/RobotikProject/install/robotik_bringup:/home/maksmykha/Documents/RobotikProject/install/robot_description:/opt/ros/jazzy CMAKE_PREFIX_PATH=/home/maksmykha/Documents/RobotikProject/install/yolo_msgs:/home/maksmykha/Documents/RobotikProject/install/yolo_bringup:/home/maksmykha/Documents/RobotikProject/install/robotik_description:/home/maksmykha/Documents/RobotikProject/install/robot_description:/opt/ros/jazzy/opt/gz_sim_vendor:/opt/ros/jazzy/opt/gz_sensors_vendor:/opt/ros/jazzy/opt/gz_physics_vendor:/opt/ros/jazzy/opt/sdformat_vendor:/opt/ros/jazzy/opt/gz_gui_vendor:/opt/ros/jazzy/opt/gz_transport_vendor:/opt/ros/jazzy/opt/gz_rendering_vendor:/opt/ros/jazzy/opt/gz_plugin_vendor:/opt/ros/jazzy/opt/gz_fuel_tools_vendor:/opt/ros/jazzy/opt/gz_msgs_vendor:/opt/ros/jazzy/opt/gz_common_vendor:/opt/ros/jazzy/opt/gz_math_vendor:/opt/ros/jazzy/opt/gz_utils_vendor:/opt/ros/jazzy/opt/gz_tools_vendor:/opt/ros/jazzy/opt/gz_ogre_next_vendor:/opt/ros/jazzy/opt/gz_dartsim_vendor:/opt/ros/jazzy/opt/gz_cmake_vendor:/home/maksmykha/Documents/RobotikProject/install/yolo_ros:/home/maksmykha/Documents/RobotikProject/install/robotik_vision:/home/maksmykha/Documents/RobotikProject/install/robotik_sorting:/home/maksmykha/Documents/RobotikProject/install/robotik_gazebo:/home/maksmykha/Documents/RobotikProject/install/robotik_control:/home/maksmykha/Documents/RobotikProject/install/robotik_bringup:/opt/ros/jazzy DEBUGINFOD_URLS=https://debuginfod.ubuntu.com /usr/bin/cmake --build /home/maksmykha/Documents/RobotikProject/build/yolo_bringup -- -j8 -l8
[2.927s] DEBUG:colcon.colcon_core.event_handler.log_command:Invoked command in '/home/maksmykha/Documents/RobotikProject/build/yolo_bringup' returned '0': AMENT_PREFIX_PATH=/home/maksmykha/Documents/RobotikProject/install/yolo_ros:/home/maksmykha/Documents/RobotikProject/install/yolo_bringup:/home/maksmykha/Documents/RobotikProject/install/yolo_msgs:/home/maksmykha/Documents/RobotikProject/install/robotik_vision:/home/maksmykha/Documents/RobotikProject/install/robotik_sorting:/home/maksmykha/Documents/RobotikProject/install/robotik_gazebo:/home/maksmykha/Documents/RobotikProject/install/robotik_description:/home/maksmykha/Documents/RobotikProject/install/robotik_control:/home/maksmykha/Documents/RobotikProject/install/robotik_bringup:/home/maksmykha/Documents/RobotikProject/install/robot_description:/opt/ros/jazzy CMAKE_PREFIX_PATH=/home/maksmykha/Documents/RobotikProject/install/yolo_msgs:/home/maksmykha/Documents/RobotikProject/install/yolo_bringup:/home/maksmykha/Documents/RobotikProject/install/robotik_description:/home/maksmykha/Documents/RobotikProject/install/robot_description:/opt/ros/jazzy/opt/gz_sim_vendor:/opt/ros/jazzy/opt/gz_sensors_vendor:/opt/ros/jazzy/opt/gz_physics_vendor:/opt/ros/jazzy/opt/sdformat_vendor:/opt/ros/jazzy/opt/gz_gui_vendor:/opt/ros/jazzy/opt/gz_transport_vendor:/opt/ros/jazzy/opt/gz_rendering_vendor:/opt/ros/jazzy/opt/gz_plugin_vendor:/opt/ros/jazzy/opt/gz_fuel_tools_vendor:/opt/ros/jazzy/opt/gz_msgs_vendor:/opt/ros/jazzy/opt/gz_common_vendor:/opt/ros/jazzy/opt/gz_math_vendor:/opt/ros/jazzy/opt/gz_utils_vendor:/opt/ros/jazzy/opt/gz_tools_vendor:/opt/ros/jazzy/opt/gz_ogre_next_vendor:/opt/ros/jazzy/opt/gz_dartsim_vendor:/opt/ros/jazzy/opt/gz_cmake_vendor:/home/maksmykha/Documents/RobotikProject/install/yolo_ros:/home/maksmykha/Documents/RobotikProject/install/robotik_vision:/home/maksmykha/Documents/RobotikProject/install/robotik_sorting:/home/maksmykha/Documents/RobotikProject/install/robotik_gazebo:/home/maksmykha/Documents/RobotikProject/install/robotik_control:/home/maksmykha/Documents/RobotikProject/install/robotik_bringup:/opt/ros/jazzy DEBUGINFOD_URLS=https://debuginfod.ubuntu.com /usr/bin/cmake --build /home/maksmykha/Documents/RobotikProject/build/yolo_bringup -- -j8 -l8
[2.928s] DEBUG:colcon.colcon_core.event_handler.log_command:Invoking command in '/home/maksmykha/Documents/RobotikProject/build/yolo_bringup': AMENT_PREFIX_PATH=/home/maksmykha/Documents/RobotikProject/install/yolo_ros:/home/maksmykha/Documents/RobotikProject/install/yolo_bringup:/home/maksmykha/Documents/RobotikProject/install/yolo_msgs:/home/maksmykha/Documents/RobotikProject/install/robotik_vision:/home/maksmykha/Documents/RobotikProject/install/robotik_sorting:/home/maksmykha/Documents/RobotikProject/install/robotik_gazebo:/home/maksmykha/Documents/RobotikProject/install/robotik_description:/home/maksmykha/Documents/RobotikProject/install/robotik_control:/home/maksmykha/Documents/RobotikProject/install/robotik_bringup:/home/maksmykha/Documents/RobotikProject/install/robot_description:/opt/ros/jazzy CMAKE_PREFIX_PATH=/home/maksmykha/Documents/RobotikProject/install/yolo_msgs:/home/maksmykha/Documents/RobotikProject/install/yolo_bringup:/home/maksmykha/Documents/RobotikProject/install/robotik_description:/home/maksmykha/Documents/RobotikProject/install/robot_description:/opt/ros/jazzy/opt/gz_sim_vendor:/opt/ros/jazzy/opt/gz_sensors_vendor:/opt/ros/jazzy/opt/gz_physics_vendor:/opt/ros/jazzy/opt/sdformat_vendor:/opt/ros/jazzy/opt/gz_gui_vendor:/opt/ros/jazzy/opt/gz_transport_vendor:/opt/ros/jazzy/opt/gz_rendering_vendor:/opt/ros/jazzy/opt/gz_plugin_vendor:/opt/ros/jazzy/opt/gz_fuel_tools_vendor:/opt/ros/jazzy/opt/gz_msgs_vendor:/opt/ros/jazzy/opt/gz_common_vendor:/opt/ros/jazzy/opt/gz_math_vendor:/opt/ros/jazzy/opt/gz_utils_vendor:/opt/ros/jazzy/opt/gz_tools_vendor:/opt/ros/jazzy/opt/gz_ogre_next_vendor:/opt/ros/jazzy/opt/gz_dartsim_vendor:/opt/ros/jazzy/opt/gz_cmake_vendor:/home/maksmykha/Documents/RobotikProject/install/yolo_ros:/home/maksmykha/Documents/RobotikProject/install/robotik_vision:/home/maksmykha/Documents/RobotikProject/install/robotik_sorting:/home/maksmykha/Documents/RobotikProject/install/robotik_gazebo:/home/maksmykha/Documents/RobotikProject/install/robotik_control:/home/maksmykha/Documents/RobotikProject/install/robotik_bringup:/opt/ros/jazzy DEBUGINFOD_URLS=https://debuginfod.ubuntu.com /usr/bin/cmake --install /home/maksmykha/Documents/RobotikProject/build/yolo_bringup
[2.948s] Level 1:colcon.colcon_core.environment:create_environment_scripts_only(yolo_bringup)
[2.948s] Level 1:colcon.colcon_core.environment:checking '/home/maksmykha/Documents/RobotikProject/install/yolo_bringup' for CMake module files
[2.948s] DEBUG:colcon.colcon_core.event_handler.log_command:Invoked command in '/home/maksmykha/Documents/RobotikProject/build/yolo_bringup' returned '0': AMENT_PREFIX_PATH=/home/maksmykha/Documents/RobotikProject/install/yolo_ros:/home/maksmykha/Documents/RobotikProject/install/yolo_bringup:/home/maksmykha/Documents/RobotikProject/install/yolo_msgs:/home/maksmykha/Documents/RobotikProject/install/robotik_vision:/home/maksmykha/Documents/RobotikProject/install/robotik_sorting:/home/maksmykha/Documents/RobotikProject/install/robotik_gazebo:/home/maksmykha/Documents/RobotikProject/install/robotik_description:/home/maksmykha/Documents/RobotikProject/install/robotik_control:/home/maksmykha/Documents/RobotikProject/install/robotik_bringup:/home/maksmykha/Documents/RobotikProject/install/robot_description:/opt/ros/jazzy CMAKE_PREFIX_PATH=/home/maksmykha/Documents/RobotikProject/install/yolo_msgs:/home/maksmykha/Documents/RobotikProject/install/yolo_bringup:/home/maksmykha/Documents/RobotikProject/install/robotik_description:/home/maksmykha/Documents/RobotikProject/install/robot_description:/opt/ros/jazzy/opt/gz_sim_vendor:/opt/ros/jazzy/opt/gz_sensors_vendor:/opt/ros/jazzy/opt/gz_physics_vendor:/opt/ros/jazzy/opt/sdformat_vendor:/opt/ros/jazzy/opt/gz_gui_vendor:/opt/ros/jazzy/opt/gz_transport_vendor:/opt/ros/jazzy/opt/gz_rendering_vendor:/opt/ros/jazzy/opt/gz_plugin_vendor:/opt/ros/jazzy/opt/gz_fuel_tools_vendor:/opt/ros/jazzy/opt/gz_msgs_vendor:/opt/ros/jazzy/opt/gz_common_vendor:/opt/ros/jazzy/opt/gz_math_vendor:/opt/ros/jazzy/opt/gz_utils_vendor:/opt/ros/jazzy/opt/gz_tools_vendor:/opt/ros/jazzy/opt/gz_ogre_next_vendor:/opt/ros/jazzy/opt/gz_dartsim_vendor:/opt/ros/jazzy/opt/gz_cmake_vendor:/home/maksmykha/Documents/RobotikProject/install/yolo_ros:/home/maksmykha/Documents/RobotikProject/install/robotik_vision:/home/maksmykha/Documents/RobotikProject/install/robotik_sorting:/home/maksmykha/Documents/RobotikProject/install/robotik_gazebo:/home/maksmykha/Documents/RobotikProject/install/robotik_control:/home/maksmykha/Documents/RobotikProject/install/robotik_bringup:/opt/ros/jazzy DEBUGINFOD_URLS=https://debuginfod.ubuntu.com /usr/bin/cmake --install /home/maksmykha/Documents/RobotikProject/build/yolo_bringup
[2.949s] Level 1:colcon.colcon_core.environment:checking '/home/maksmykha/Documents/RobotikProject/install/yolo_bringup' for CMake config files
[2.949s] Level 1:colcon.colcon_core.shell:create_environment_hook('yolo_bringup', 'cmake_prefix_path')
[2.949s] INFO:colcon.colcon_core.shell:Creating environment hook '/home/maksmykha/Documents/RobotikProject/install/yolo_bringup/share/yolo_bringup/hook/cmake_prefix_path.ps1'
[2.949s] INFO:colcon.colcon_core.shell:Creating environment descriptor '/home/maksmykha/Documents/RobotikProject/install/yolo_bringup/share/yolo_bringup/hook/cmake_prefix_path.dsv'
[2.949s] INFO:colcon.colcon_core.shell:Creating environment hook '/home/maksmykha/Documents/RobotikProject/install/yolo_bringup/share/yolo_bringup/hook/cmake_prefix_path.sh'
[2.950s] Level 1:colcon.colcon_core.environment:checking '/home/maksmykha/Documents/RobotikProject/install/yolo_bringup/bin'
[2.950s] Level 1:colcon.colcon_core.environment:checking '/home/maksmykha/Documents/RobotikProject/install/yolo_bringup/lib/pkgconfig/yolo_bringup.pc'
[2.950s] Level 1:colcon.colcon_core.environment:checking '/home/maksmykha/Documents/RobotikProject/install/yolo_bringup/lib/python3.12/site-packages'
[2.950s] Level 1:colcon.colcon_core.environment:checking '/home/maksmykha/Documents/RobotikProject/install/yolo_bringup/bin'
[2.950s] INFO:colcon.colcon_core.shell:Creating package script '/home/maksmykha/Documents/RobotikProject/install/yolo_bringup/share/yolo_bringup/package.ps1'
[2.950s] INFO:colcon.colcon_core.shell:Creating package descriptor '/home/maksmykha/Documents/RobotikProject/install/yolo_bringup/share/yolo_bringup/package.dsv'
[2.951s] INFO:colcon.colcon_core.shell:Creating package script '/home/maksmykha/Documents/RobotikProject/install/yolo_bringup/share/yolo_bringup/package.sh'
[2.951s] INFO:colcon.colcon_core.shell:Creating package script '/home/maksmykha/Documents/RobotikProject/install/yolo_bringup/share/yolo_bringup/package.bash'
[2.951s] INFO:colcon.colcon_core.shell:Creating package script '/home/maksmykha/Documents/RobotikProject/install/yolo_bringup/share/yolo_bringup/package.zsh'
[2.951s] Level 1:colcon.colcon_core.environment:create_file_with_runtime_dependencies(/home/maksmykha/Documents/RobotikProject/install/yolo_bringup/share/colcon-core/packages/yolo_bringup)
[2.951s] Level 1:colcon.colcon_core.environment:create_environment_scripts_only(yolo_bringup)
[2.951s] Level 1:colcon.colcon_core.environment:checking '/home/maksmykha/Documents/RobotikProject/install/yolo_bringup' for CMake module files
[2.952s] Level 1:colcon.colcon_core.environment:checking '/home/maksmykha/Documents/RobotikProject/install/yolo_bringup' for CMake config files
[2.952s] Level 1:colcon.colcon_core.shell:create_environment_hook('yolo_bringup', 'cmake_prefix_path')
[2.952s] INFO:colcon.colcon_core.shell:Creating environment hook '/home/maksmykha/Documents/RobotikProject/install/yolo_bringup/share/yolo_bringup/hook/cmake_prefix_path.ps1'
[2.952s] INFO:colcon.colcon_core.shell:Creating environment descriptor '/home/maksmykha/Documents/RobotikProject/install/yolo_bringup/share/yolo_bringup/hook/cmake_prefix_path.dsv'
[2.952s] INFO:colcon.colcon_core.shell:Creating environment hook '/home/maksmykha/Documents/RobotikProject/install/yolo_bringup/share/yolo_bringup/hook/cmake_prefix_path.sh'
[2.952s] Level 1:colcon.colcon_core.environment:checking '/home/maksmykha/Documents/RobotikProject/install/yolo_bringup/bin'
[2.952s] Level 1:colcon.colcon_core.environment:checking '/home/maksmykha/Documents/RobotikProject/install/yolo_bringup/lib/pkgconfig/yolo_bringup.pc'
[2.952s] Level 1:colcon.colcon_core.environment:checking '/home/maksmykha/Documents/RobotikProject/install/yolo_bringup/lib/python3.12/site-packages'
[2.952s] Level 1:colcon.colcon_core.environment:checking '/home/maksmykha/Documents/RobotikProject/install/yolo_bringup/bin'
[2.952s] INFO:colcon.colcon_core.shell:Creating package script '/home/maksmykha/Documents/RobotikProject/install/yolo_bringup/share/yolo_bringup/package.ps1'
[2.953s] INFO:colcon.colcon_core.shell:Creating package descriptor '/home/maksmykha/Documents/RobotikProject/install/yolo_bringup/share/yolo_bringup/package.dsv'
[2.953s] INFO:colcon.colcon_core.shell:Creating package script '/home/maksmykha/Documents/RobotikProject/install/yolo_bringup/share/yolo_bringup/package.sh'
[2.953s] INFO:colcon.colcon_core.shell:Creating package script '/home/maksmykha/Documents/RobotikProject/install/yolo_bringup/share/yolo_bringup/package.bash'
[2.953s] INFO:colcon.colcon_core.shell:Creating package script '/home/maksmykha/Documents/RobotikProject/install/yolo_bringup/share/yolo_bringup/package.zsh'
[2.953s] Level 1:colcon.colcon_core.environment:create_file_with_runtime_dependencies(/home/maksmykha/Documents/RobotikProject/install/yolo_bringup/share/colcon-core/packages/yolo_bringup)
[2.953s] DEBUG:colcon.colcon_parallel_executor.executor.parallel:closing loop
[2.954s] DEBUG:colcon.colcon_parallel_executor.executor.parallel:loop closed
[2.954s] DEBUG:colcon.colcon_parallel_executor.executor.parallel:run_until_complete finished with '0'
[2.954s] DEBUG:colcon.colcon_core.event_reactor:joining thread
[2.966s] INFO:colcon.colcon_core.plugin_system:Skipping extension 'colcon_notification.desktop_notification.terminal_notifier': Not used on non-Darwin systems
[2.966s] INFO:colcon.colcon_core.plugin_system:Skipping extension 'colcon_notification.desktop_notification.win32': Not used on non-Windows systems
[2.966s] INFO:colcon.colcon_notification.desktop_notification:Sending desktop notification using 'notify2'
[3.011s] DEBUG:colcon.colcon_core.event_reactor:joined thread
[3.011s] INFO:colcon.colcon_core.shell:Creating prefix script '/home/maksmykha/Documents/RobotikProject/install/local_setup.ps1'
[3.013s] INFO:colcon.colcon_core.shell:Creating prefix util module '/home/maksmykha/Documents/RobotikProject/install/_local_setup_util_ps1.py'
[3.014s] INFO:colcon.colcon_core.shell:Creating prefix chain script '/home/maksmykha/Documents/RobotikProject/install/setup.ps1'
[3.015s] INFO:colcon.colcon_core.shell:Creating prefix script '/home/maksmykha/Documents/RobotikProject/install/local_setup.sh'
[3.016s] INFO:colcon.colcon_core.shell:Creating prefix util module '/home/maksmykha/Documents/RobotikProject/install/_local_setup_util_sh.py'
[3.016s] INFO:colcon.colcon_core.shell:Creating prefix chain script '/home/maksmykha/Documents/RobotikProject/install/setup.sh'
[3.018s] INFO:colcon.colcon_core.shell:Creating prefix script '/home/maksmykha/Documents/RobotikProject/install/local_setup.bash'
[3.019s] INFO:colcon.colcon_core.shell:Creating prefix chain script '/home/maksmykha/Documents/RobotikProject/install/setup.bash'
[3.020s] INFO:colcon.colcon_core.shell:Creating prefix script '/home/maksmykha/Documents/RobotikProject/install/local_setup.zsh'
[3.021s] INFO:colcon.colcon_core.shell:Creating prefix chain script '/home/maksmykha/Documents/RobotikProject/install/setup.zsh'
