[0.069s] DEBUG:colcon:Command line arguments: ['/usr/bin/colcon', 'build', '--symlink-install']
[0.069s] DEBUG:colcon:Parsed command line arguments: Namespace(log_base=None, log_level=None, verb_name='build', build_base='build', install_base='install', merge_install=False, symlink_install=True, test_result_base=None, continue_on_error=False, executor='parallel', parallel_workers=8, event_handlers=None, ignore_user_meta=False, metas=['./colcon.meta'], base_paths=['.'], packages_ignore=None, packages_ignore_regex=None, paths=None, packages_up_to=None, packages_up_to_regex=None, packages_above=None, packages_above_and_dependencies=None, packages_above_depth=None, packages_select_by_dep=None, packages_skip_by_dep=None, packages_skip_up_to=None, packages_select_build_failed=False, packages_skip_build_finished=False, packages_select_test_failures=False, packages_skip_test_passed=False, packages_select=None, packages_skip=None, packages_select_regex=None, packages_skip_regex=None, packages_start=None, packages_end=None, allow_overriding=[], cmake_args=None, cmake_target=None, cmake_target_skip_unavailable=False, cmake_clean_cache=False, cmake_clean_first=False, cmake_force_configure=False, ament_cmake_args=None, catkin_cmake_args=None, catkin_skip_building_tests=False, mixin_files=None, mixin=None, verb_parser=<colcon_mixin.mixin.mixin_argument.MixinArgumentDecorator object at 0xe0ae63e29820>, verb_extension=<colcon_core.verb.build.BuildVerb object at 0xe0ae64033b90>, main=<bound method BuildVerb.main of <colcon_core.verb.build.BuildVerb object at 0xe0ae64033b90>>, mixin_verb=('build',))
[0.094s] Level 1:colcon.colcon_core.package_discovery:discover_packages(colcon_meta) check parameters
[0.095s] Level 1:colcon.colcon_core.package_discovery:discover_packages(recursive) check parameters
[0.095s] Level 1:colcon.colcon_core.package_discovery:discover_packages(ignore) check parameters
[0.095s] Level 1:colcon.colcon_core.package_discovery:discover_packages(path) check parameters
[0.095s] Level 1:colcon.colcon_core.package_discovery:discover_packages(colcon_meta) discover
[0.095s] Level 1:colcon.colcon_core.package_discovery:discover_packages(recursive) discover
[0.095s] INFO:colcon.colcon_core.package_discovery:Crawling recursively for packages in '/home/maksmykha/Documents/RobotikProject'
[0.095s] Level 1:colcon.colcon_core.package_identification:_identify(.) by extensions ['ignore', 'ignore_ament_install']
[0.095s] Level 1:colcon.colcon_core.package_identification:_identify(.) by extension 'ignore'
[0.095s] Level 1:colcon.colcon_core.package_identification:_identify(.) by extension 'ignore_ament_install'
[0.095s] Level 1:colcon.colcon_core.package_identification:_identify(.) by extensions ['colcon_pkg']
[0.095s] Level 1:colcon.colcon_core.package_identification:_identify(.) by extension 'colcon_pkg'
[0.095s] Level 1:colcon.colcon_core.package_identification:_identify(.) by extensions ['colcon_meta']
[0.095s] Level 1:colcon.colcon_core.package_identification:_identify(.) by extension 'colcon_meta'
[0.095s] Level 1:colcon.colcon_core.package_identification:_identify(.) by extensions ['ros']
[0.095s] Level 1:colcon.colcon_core.package_identification:_identify(.) by extension 'ros'
[0.110s] Level 1:colcon.colcon_core.package_identification:_identify(.) by extensions ['cmake', 'python']
[0.110s] Level 1:colcon.colcon_core.package_identification:_identify(.) by extension 'cmake'
[0.111s] Level 1:colcon.colcon_core.package_identification:_identify(.) by extension 'python'
[0.111s] Level 1:colcon.colcon_core.package_identification:_identify(.) by extensions ['python_setup_py']
[0.111s] Level 1:colcon.colcon_core.package_identification:_identify(.) by extension 'python_setup_py'
[0.111s] Level 1:colcon.colcon_core.package_identification:_identify(build) by extensions ['ignore', 'ignore_ament_install']
[0.111s] Level 1:colcon.colcon_core.package_identification:_identify(build) by extension 'ignore'
[0.111s] Level 1:colcon.colcon_core.package_identification:_identify(build) ignored
[0.111s] Level 1:colcon.colcon_core.package_identification:_identify(install) by extensions ['ignore', 'ignore_ament_install']
[0.111s] Level 1:colcon.colcon_core.package_identification:_identify(install) by extension 'ignore'
[0.111s] Level 1:colcon.colcon_core.package_identification:_identify(install) ignored
[0.111s] Level 1:colcon.colcon_core.package_identification:_identify(log) by extensions ['ignore', 'ignore_ament_install']
[0.111s] Level 1:colcon.colcon_core.package_identification:_identify(log) by extension 'ignore'
[0.111s] Level 1:colcon.colcon_core.package_identification:_identify(log) ignored
[0.111s] Level 1:colcon.colcon_core.package_identification:_identify(src) by extensions ['ignore', 'ignore_ament_install']
[0.111s] Level 1:colcon.colcon_core.package_identification:_identify(src) by extension 'ignore'
[0.111s] Level 1:colcon.colcon_core.package_identification:_identify(src) by extension 'ignore_ament_install'
[0.111s] Level 1:colcon.colcon_core.package_identification:_identify(src) by extensions ['colcon_pkg']
[0.111s] Level 1:colcon.colcon_core.package_identification:_identify(src) by extension 'colcon_pkg'
[0.111s] Level 1:colcon.colcon_core.package_identification:_identify(src) by extensions ['colcon_meta']
[0.111s] Level 1:colcon.colcon_core.package_identification:_identify(src) by extension 'colcon_meta'
[0.111s] Level 1:colcon.colcon_core.package_identification:_identify(src) by extensions ['ros']
[0.111s] Level 1:colcon.colcon_core.package_identification:_identify(src) by extension 'ros'
[0.111s] Level 1:colcon.colcon_core.package_identification:_identify(src) by extensions ['cmake', 'python']
[0.111s] Level 1:colcon.colcon_core.package_identification:_identify(src) by extension 'cmake'
[0.111s] Level 1:colcon.colcon_core.package_identification:_identify(src) by extension 'python'
[0.111s] Level 1:colcon.colcon_core.package_identification:_identify(src) by extensions ['python_setup_py']
[0.111s] Level 1:colcon.colcon_core.package_identification:_identify(src) by extension 'python_setup_py'
[0.111s] Level 1:colcon.colcon_core.package_identification:_identify(src/robot_description) by extensions ['ignore', 'ignore_ament_install']
[0.111s] Level 1:colcon.colcon_core.package_identification:_identify(src/robot_description) by extension 'ignore'
[0.111s] Level 1:colcon.colcon_core.package_identification:_identify(src/robot_description) by extension 'ignore_ament_install'
[0.112s] Level 1:colcon.colcon_core.package_identification:_identify(src/robot_description) by extensions ['colcon_pkg']
[0.112s] Level 1:colcon.colcon_core.package_identification:_identify(src/robot_description) by extension 'colcon_pkg'
[0.112s] Level 1:colcon.colcon_core.package_identification:_identify(src/robot_description) by extensions ['colcon_meta']
[0.112s] Level 1:colcon.colcon_core.package_identification:_identify(src/robot_description) by extension 'colcon_meta'
[0.112s] Level 1:colcon.colcon_core.package_identification:_identify(src/robot_description) by extensions ['ros']
[0.112s] Level 1:colcon.colcon_core.package_identification:_identify(src/robot_description) by extension 'ros'
[0.113s] DEBUG:colcon.colcon_core.package_identification:Package 'src/robot_description' with type 'ros.ament_cmake' and name 'robot_description'
[0.113s] Level 1:colcon.colcon_core.package_identification:_identify(src/robotik_bringup) by extensions ['ignore', 'ignore_ament_install']
[0.113s] Level 1:colcon.colcon_core.package_identification:_identify(src/robotik_bringup) by extension 'ignore'
[0.113s] Level 1:colcon.colcon_core.package_identification:_identify(src/robotik_bringup) by extension 'ignore_ament_install'
[0.113s] Level 1:colcon.colcon_core.package_identification:_identify(src/robotik_bringup) by extensions ['colcon_pkg']
[0.113s] Level 1:colcon.colcon_core.package_identification:_identify(src/robotik_bringup) by extension 'colcon_pkg'
[0.113s] Level 1:colcon.colcon_core.package_identification:_identify(src/robotik_bringup) by extensions ['colcon_meta']
[0.113s] Level 1:colcon.colcon_core.package_identification:_identify(src/robotik_bringup) by extension 'colcon_meta'
[0.113s] Level 1:colcon.colcon_core.package_identification:_identify(src/robotik_bringup) by extensions ['ros']
[0.113s] Level 1:colcon.colcon_core.package_identification:_identify(src/robotik_bringup) by extension 'ros'
[0.114s] DEBUG:colcon.colcon_core.package_identification:Package 'src/robotik_bringup' with type 'ros.ament_python' and name 'robotik_bringup'
[0.114s] Level 1:colcon.colcon_core.package_identification:_identify(src/robotik_control) by extensions ['ignore', 'ignore_ament_install']
[0.114s] Level 1:colcon.colcon_core.package_identification:_identify(src/robotik_control) by extension 'ignore'
[0.114s] Level 1:colcon.colcon_core.package_identification:_identify(src/robotik_control) by extension 'ignore_ament_install'
[0.114s] Level 1:colcon.colcon_core.package_identification:_identify(src/robotik_control) by extensions ['colcon_pkg']
[0.114s] Level 1:colcon.colcon_core.package_identification:_identify(src/robotik_control) by extension 'colcon_pkg'
[0.114s] Level 1:colcon.colcon_core.package_identification:_identify(src/robotik_control) by extensions ['colcon_meta']
[0.114s] Level 1:colcon.colcon_core.package_identification:_identify(src/robotik_control) by extension 'colcon_meta'
[0.114s] Level 1:colcon.colcon_core.package_identification:_identify(src/robotik_control) by extensions ['ros']
[0.114s] Level 1:colcon.colcon_core.package_identification:_identify(src/robotik_control) by extension 'ros'
[0.114s] DEBUG:colcon.colcon_core.package_identification:Package 'src/robotik_control' with type 'ros.ament_python' and name 'robotik_control'
[0.114s] Level 1:colcon.colcon_core.package_identification:_identify(src/robotik_description) by extensions ['ignore', 'ignore_ament_install']
[0.114s] Level 1:colcon.colcon_core.package_identification:_identify(src/robotik_description) by extension 'ignore'
[0.114s] Level 1:colcon.colcon_core.package_identification:_identify(src/robotik_description) by extension 'ignore_ament_install'
[0.114s] Level 1:colcon.colcon_core.package_identification:_identify(src/robotik_description) by extensions ['colcon_pkg']
[0.114s] Level 1:colcon.colcon_core.package_identification:_identify(src/robotik_description) by extension 'colcon_pkg'
[0.114s] Level 1:colcon.colcon_core.package_identification:_identify(src/robotik_description) by extensions ['colcon_meta']
[0.114s] Level 1:colcon.colcon_core.package_identification:_identify(src/robotik_description) by extension 'colcon_meta'
[0.114s] Level 1:colcon.colcon_core.package_identification:_identify(src/robotik_description) by extensions ['ros']
[0.114s] Level 1:colcon.colcon_core.package_identification:_identify(src/robotik_description) by extension 'ros'
[0.115s] DEBUG:colcon.colcon_core.package_identification:Package 'src/robotik_description' with type 'ros.ament_cmake' and name 'robotik_description'
[0.115s] Level 1:colcon.colcon_core.package_identification:_identify(src/robotik_gazebo) by extensions ['ignore', 'ignore_ament_install']
[0.115s] Level 1:colcon.colcon_core.package_identification:_identify(src/robotik_gazebo) by extension 'ignore'
[0.115s] Level 1:colcon.colcon_core.package_identification:_identify(src/robotik_gazebo) by extension 'ignore_ament_install'
[0.115s] Level 1:colcon.colcon_core.package_identification:_identify(src/robotik_gazebo) by extensions ['colcon_pkg']
[0.115s] Level 1:colcon.colcon_core.package_identification:_identify(src/robotik_gazebo) by extension 'colcon_pkg'
[0.115s] Level 1:colcon.colcon_core.package_identification:_identify(src/robotik_gazebo) by extensions ['colcon_meta']
[0.115s] Level 1:colcon.colcon_core.package_identification:_identify(src/robotik_gazebo) by extension 'colcon_meta'
[0.115s] Level 1:colcon.colcon_core.package_identification:_identify(src/robotik_gazebo) by extensions ['ros']
[0.115s] Level 1:colcon.colcon_core.package_identification:_identify(src/robotik_gazebo) by extension 'ros'
[0.115s] DEBUG:colcon.colcon_core.package_identification:Package 'src/robotik_gazebo' with type 'ros.ament_python' and name 'robotik_gazebo'
[0.115s] Level 1:colcon.colcon_core.package_identification:_identify(src/robotik_sorting) by extensions ['ignore', 'ignore_ament_install']
[0.115s] Level 1:colcon.colcon_core.package_identification:_identify(src/robotik_sorting) by extension 'ignore'
[0.115s] Level 1:colcon.colcon_core.package_identification:_identify(src/robotik_sorting) by extension 'ignore_ament_install'
[0.115s] Level 1:colcon.colcon_core.package_identification:_identify(src/robotik_sorting) by extensions ['colcon_pkg']
[0.115s] Level 1:colcon.colcon_core.package_identification:_identify(src/robotik_sorting) by extension 'colcon_pkg'
[0.115s] Level 1:colcon.colcon_core.package_identification:_identify(src/robotik_sorting) by extensions ['colcon_meta']
[0.115s] Level 1:colcon.colcon_core.package_identification:_identify(src/robotik_sorting) by extension 'colcon_meta'
[0.115s] Level 1:colcon.colcon_core.package_identification:_identify(src/robotik_sorting) by extensions ['ros']
[0.115s] Level 1:colcon.colcon_core.package_identification:_identify(src/robotik_sorting) by extension 'ros'
[0.116s] DEBUG:colcon.colcon_core.package_identification:Package 'src/robotik_sorting' with type 'ros.ament_python' and name 'robotik_sorting'
[0.116s] Level 1:colcon.colcon_core.package_identification:_identify(src/robotik_vision) by extensions ['ignore', 'ignore_ament_install']
[0.116s] Level 1:colcon.colcon_core.package_identification:_identify(src/robotik_vision) by extension 'ignore'
[0.116s] Level 1:colcon.colcon_core.package_identification:_identify(src/robotik_vision) by extension 'ignore_ament_install'
[0.116s] Level 1:colcon.colcon_core.package_identification:_identify(src/robotik_vision) by extensions ['colcon_pkg']
[0.116s] Level 1:colcon.colcon_core.package_identification:_identify(src/robotik_vision) by extension 'colcon_pkg'
[0.116s] Level 1:colcon.colcon_core.package_identification:_identify(src/robotik_vision) by extensions ['colcon_meta']
[0.116s] Level 1:colcon.colcon_core.package_identification:_identify(src/robotik_vision) by extension 'colcon_meta'
[0.116s] Level 1:colcon.colcon_core.package_identification:_identify(src/robotik_vision) by extensions ['ros']
[0.116s] Level 1:colcon.colcon_core.package_identification:_identify(src/robotik_vision) by extension 'ros'
[0.116s] DEBUG:colcon.colcon_core.package_identification:Package 'src/robotik_vision' with type 'ros.ament_python' and name 'robotik_vision'
[0.116s] Level 1:colcon.colcon_core.package_identification:_identify(src/yolo_ros) by extensions ['ignore', 'ignore_ament_install']
[0.116s] Level 1:colcon.colcon_core.package_identification:_identify(src/yolo_ros) by extension 'ignore'
[0.116s] Level 1:colcon.colcon_core.package_identification:_identify(src/yolo_ros) by extension 'ignore_ament_install'
[0.116s] Level 1:colcon.colcon_core.package_identification:_identify(src/yolo_ros) by extensions ['colcon_pkg']
[0.116s] Level 1:colcon.colcon_core.package_identification:_identify(src/yolo_ros) by extension 'colcon_pkg'
[0.116s] Level 1:colcon.colcon_core.package_identification:_identify(src/yolo_ros) by extensions ['colcon_meta']
[0.116s] Level 1:colcon.colcon_core.package_identification:_identify(src/yolo_ros) by extension 'colcon_meta'
[0.116s] Level 1:colcon.colcon_core.package_identification:_identify(src/yolo_ros) by extensions ['ros']
[0.116s] Level 1:colcon.colcon_core.package_identification:_identify(src/yolo_ros) by extension 'ros'
[0.117s] Level 1:colcon.colcon_core.package_identification:_identify(src/yolo_ros) by extensions ['cmake', 'python']
[0.117s] Level 1:colcon.colcon_core.package_identification:_identify(src/yolo_ros) by extension 'cmake'
[0.117s] Level 1:colcon.colcon_core.package_identification:_identify(src/yolo_ros) by extension 'python'
[0.117s] Level 1:colcon.colcon_core.package_identification:_identify(src/yolo_ros) by extensions ['python_setup_py']
[0.117s] Level 1:colcon.colcon_core.package_identification:_identify(src/yolo_ros) by extension 'python_setup_py'
[0.117s] Level 1:colcon.colcon_core.package_identification:_identify(src/yolo_ros/docs) by extensions ['ignore', 'ignore_ament_install']
[0.117s] Level 1:colcon.colcon_core.package_identification:_identify(src/yolo_ros/docs) by extension 'ignore'
[0.117s] Level 1:colcon.colcon_core.package_identification:_identify(src/yolo_ros/docs) by extension 'ignore_ament_install'
[0.117s] Level 1:colcon.colcon_core.package_identification:_identify(src/yolo_ros/docs) by extensions ['colcon_pkg']
[0.117s] Level 1:colcon.colcon_core.package_identification:_identify(src/yolo_ros/docs) by extension 'colcon_pkg'
[0.117s] Level 1:colcon.colcon_core.package_identification:_identify(src/yolo_ros/docs) by extensions ['colcon_meta']
[0.117s] Level 1:colcon.colcon_core.package_identification:_identify(src/yolo_ros/docs) by extension 'colcon_meta'
[0.117s] Level 1:colcon.colcon_core.package_identification:_identify(src/yolo_ros/docs) by extensions ['ros']
[0.117s] Level 1:colcon.colcon_core.package_identification:_identify(src/yolo_ros/docs) by extension 'ros'
[0.117s] Level 1:colcon.colcon_core.package_identification:_identify(src/yolo_ros/docs) by extensions ['cmake', 'python']
[0.117s] Level 1:colcon.colcon_core.package_identification:_identify(src/yolo_ros/docs) by extension 'cmake'
[0.117s] Level 1:colcon.colcon_core.package_identification:_identify(src/yolo_ros/docs) by extension 'python'
[0.117s] Level 1:colcon.colcon_core.package_identification:_identify(src/yolo_ros/docs) by extensions ['python_setup_py']
[0.117s] Level 1:colcon.colcon_core.package_identification:_identify(src/yolo_ros/docs) by extension 'python_setup_py'
[0.117s] Level 1:colcon.colcon_core.package_identification:_identify(src/yolo_ros/yolo_bringup) by extensions ['ignore', 'ignore_ament_install']
[0.117s] Level 1:colcon.colcon_core.package_identification:_identify(src/yolo_ros/yolo_bringup) by extension 'ignore'
[0.117s] Level 1:colcon.colcon_core.package_identification:_identify(src/yolo_ros/yolo_bringup) by extension 'ignore_ament_install'
[0.117s] Level 1:colcon.colcon_core.package_identification:_identify(src/yolo_ros/yolo_bringup) by extensions ['colcon_pkg']
[0.117s] Level 1:colcon.colcon_core.package_identification:_identify(src/yolo_ros/yolo_bringup) by extension 'colcon_pkg'
[0.117s] Level 1:colcon.colcon_core.package_identification:_identify(src/yolo_ros/yolo_bringup) by extensions ['colcon_meta']
[0.117s] Level 1:colcon.colcon_core.package_identification:_identify(src/yolo_ros/yolo_bringup) by extension 'colcon_meta'
[0.117s] Level 1:colcon.colcon_core.package_identification:_identify(src/yolo_ros/yolo_bringup) by extensions ['ros']
[0.117s] Level 1:colcon.colcon_core.package_identification:_identify(src/yolo_ros/yolo_bringup) by extension 'ros'
[0.117s] DEBUG:colcon.colcon_core.package_identification:Package 'src/yolo_ros/yolo_bringup' with type 'ros.ament_cmake' and name 'yolo_bringup'
[0.117s] Level 1:colcon.colcon_core.package_identification:_identify(src/yolo_ros/yolo_msgs) by extensions ['ignore', 'ignore_ament_install']
[0.117s] Level 1:colcon.colcon_core.package_identification:_identify(src/yolo_ros/yolo_msgs) by extension 'ignore'
[0.117s] Level 1:colcon.colcon_core.package_identification:_identify(src/yolo_ros/yolo_msgs) by extension 'ignore_ament_install'
[0.117s] Level 1:colcon.colcon_core.package_identification:_identify(src/yolo_ros/yolo_msgs) by extensions ['colcon_pkg']
[0.117s] Level 1:colcon.colcon_core.package_identification:_identify(src/yolo_ros/yolo_msgs) by extension 'colcon_pkg'
[0.117s] Level 1:colcon.colcon_core.package_identification:_identify(src/yolo_ros/yolo_msgs) by extensions ['colcon_meta']
[0.117s] Level 1:colcon.colcon_core.package_identification:_identify(src/yolo_ros/yolo_msgs) by extension 'colcon_meta'
[0.117s] Level 1:colcon.colcon_core.package_identification:_identify(src/yolo_ros/yolo_msgs) by extensions ['ros']
[0.117s] Level 1:colcon.colcon_core.package_identification:_identify(src/yolo_ros/yolo_msgs) by extension 'ros'
[0.118s] DEBUG:colcon.colcon_core.package_identification:Package 'src/yolo_ros/yolo_msgs' with type 'ros.ament_cmake' and name 'yolo_msgs'
[0.118s] Level 1:colcon.colcon_core.package_identification:_identify(src/yolo_ros/yolo_ros) by extensions ['ignore', 'ignore_ament_install']
[0.118s] Level 1:colcon.colcon_core.package_identification:_identify(src/yolo_ros/yolo_ros) by extension 'ignore'
[0.118s] Level 1:colcon.colcon_core.package_identification:_identify(src/yolo_ros/yolo_ros) by extension 'ignore_ament_install'
[0.118s] Level 1:colcon.colcon_core.package_identification:_identify(src/yolo_ros/yolo_ros) by extensions ['colcon_pkg']
[0.118s] Level 1:colcon.colcon_core.package_identification:_identify(src/yolo_ros/yolo_ros) by extension 'colcon_pkg'
[0.118s] Level 1:colcon.colcon_core.package_identification:_identify(src/yolo_ros/yolo_ros) by extensions ['colcon_meta']
[0.118s] Level 1:colcon.colcon_core.package_identification:_identify(src/yolo_ros/yolo_ros) by extension 'colcon_meta'
[0.118s] Level 1:colcon.colcon_core.package_identification:_identify(src/yolo_ros/yolo_ros) by extensions ['ros']
[0.118s] Level 1:colcon.colcon_core.package_identification:_identify(src/yolo_ros/yolo_ros) by extension 'ros'
[0.118s] DEBUG:colcon.colcon_core.package_identification:Package 'src/yolo_ros/yolo_ros' with type 'ros.ament_python' and name 'yolo_ros'
[0.118s] Level 1:colcon.colcon_core.package_discovery:discover_packages(recursive) using defaults
[0.119s] Level 1:colcon.colcon_core.package_discovery:discover_packages(ignore) discover
[0.119s] Level 1:colcon.colcon_core.package_discovery:discover_packages(ignore) using defaults
[0.119s] Level 1:colcon.colcon_core.package_discovery:discover_packages(path) discover
[0.119s] Level 1:colcon.colcon_core.package_discovery:discover_packages(path) using defaults
[0.131s] Level 1:colcon.colcon_core.package_discovery:discover_packages(prefix_path) check parameters
[0.131s] Level 1:colcon.colcon_core.package_discovery:discover_packages(prefix_path) discover
[0.132s] DEBUG:colcon.colcon_installed_package_information.package_discovery:Found 10 installed packages in /home/maksmykha/Documents/RobotikProject/install
[0.133s] DEBUG:colcon.colcon_installed_package_information.package_discovery:Found 428 installed packages in /opt/ros/jazzy
[0.134s] Level 1:colcon.colcon_core.package_discovery:discover_packages(prefix_path) using defaults
[0.168s] Level 5:colcon.colcon_core.verb:set package 'robot_description' build argument 'cmake_args' from command line to 'None'
[0.168s] Level 5:colcon.colcon_core.verb:set package 'robot_description' build argument 'cmake_target' from command line to 'None'
[0.168s] Level 5:colcon.colcon_core.verb:set package 'robot_description' build argument 'cmake_target_skip_unavailable' from command line to 'False'
[0.168s] Level 5:colcon.colcon_core.verb:set package 'robot_description' build argument 'cmake_clean_cache' from command line to 'False'
[0.168s] Level 5:colcon.colcon_core.verb:set package 'robot_description' build argument 'cmake_clean_first' from command line to 'False'
[0.168s] Level 5:colcon.colcon_core.verb:set package 'robot_description' build argument 'cmake_force_configure' from command line to 'False'
[0.168s] Level 5:colcon.colcon_core.verb:set package 'robot_description' build argument 'ament_cmake_args' from command line to 'None'
[0.168s] Level 5:colcon.colcon_core.verb:set package 'robot_description' build argument 'catkin_cmake_args' from command line to 'None'
[0.168s] Level 5:colcon.colcon_core.verb:set package 'robot_description' build argument 'catkin_skip_building_tests' from command line to 'False'
[0.168s] DEBUG:colcon.colcon_core.verb:Building package 'robot_description' with the following arguments: {'ament_cmake_args': None, 'build_base': '/home/maksmykha/Documents/RobotikProject/build/robot_description', 'catkin_cmake_args': None, 'catkin_skip_building_tests': False, 'cmake_args': None, 'cmake_clean_cache': False, 'cmake_clean_first': False, 'cmake_force_configure': False, 'cmake_target': None, 'cmake_target_skip_unavailable': False, 'install_base': '/home/maksmykha/Documents/RobotikProject/install/robot_description', 'merge_install': False, 'path': '/home/maksmykha/Documents/RobotikProject/src/robot_description', 'symlink_install': True, 'test_result_base': None}
[0.169s] Level 5:colcon.colcon_core.verb:set package 'robotik_bringup' build argument 'cmake_args' from command line to 'None'
[0.169s] Level 5:colcon.colcon_core.verb:set package 'robotik_bringup' build argument 'cmake_target' from command line to 'None'
[0.169s] Level 5:colcon.colcon_core.verb:set package 'robotik_bringup' build argument 'cmake_target_skip_unavailable' from command line to 'False'
[0.169s] Level 5:colcon.colcon_core.verb:set package 'robotik_bringup' build argument 'cmake_clean_cache' from command line to 'False'
[0.169s] Level 5:colcon.colcon_core.verb:set package 'robotik_bringup' build argument 'cmake_clean_first' from command line to 'False'
[0.169s] Level 5:colcon.colcon_core.verb:set package 'robotik_bringup' build argument 'cmake_force_configure' from command line to 'False'
[0.169s] Level 5:colcon.colcon_core.verb:set package 'robotik_bringup' build argument 'ament_cmake_args' from command line to 'None'
[0.169s] Level 5:colcon.colcon_core.verb:set package 'robotik_bringup' build argument 'catkin_cmake_args' from command line to 'None'
[0.169s] Level 5:colcon.colcon_core.verb:set package 'robotik_bringup' build argument 'catkin_skip_building_tests' from command line to 'False'
[0.169s] DEBUG:colcon.colcon_core.verb:Building package 'robotik_bringup' with the following arguments: {'ament_cmake_args': None, 'build_base': '/home/maksmykha/Documents/RobotikProject/build/robotik_bringup', 'catkin_cmake_args': None, 'catkin_skip_building_tests': False, 'cmake_args': None, 'cmake_clean_cache': False, 'cmake_clean_first': False, 'cmake_force_configure': False, 'cmake_target': None, 'cmake_target_skip_unavailable': False, 'install_base': '/home/maksmykha/Documents/RobotikProject/install/robotik_bringup', 'merge_install': False, 'path': '/home/maksmykha/Documents/RobotikProject/src/robotik_bringup', 'symlink_install': True, 'test_result_base': None}
[0.169s] Level 5:colcon.colcon_core.verb:set package 'robotik_control' build argument 'cmake_args' from command line to 'None'
[0.169s] Level 5:colcon.colcon_core.verb:set package 'robotik_control' build argument 'cmake_target' from command line to 'None'
[0.169s] Level 5:colcon.colcon_core.verb:set package 'robotik_control' build argument 'cmake_target_skip_unavailable' from command line to 'False'
[0.169s] Level 5:colcon.colcon_core.verb:set package 'robotik_control' build argument 'cmake_clean_cache' from command line to 'False'
[0.169s] Level 5:colcon.colcon_core.verb:set package 'robotik_control' build argument 'cmake_clean_first' from command line to 'False'
[0.169s] Level 5:colcon.colcon_core.verb:set package 'robotik_control' build argument 'cmake_force_configure' from command line to 'False'
[0.169s] Level 5:colcon.colcon_core.verb:set package 'robotik_control' build argument 'ament_cmake_args' from command line to 'None'
[0.169s] Level 5:colcon.colcon_core.verb:set package 'robotik_control' build argument 'catkin_cmake_args' from command line to 'None'
[0.169s] Level 5:colcon.colcon_core.verb:set package 'robotik_control' build argument 'catkin_skip_building_tests' from command line to 'False'
[0.169s] DEBUG:colcon.colcon_core.verb:Building package 'robotik_control' with the following arguments: {'ament_cmake_args': None, 'build_base': '/home/maksmykha/Documents/RobotikProject/build/robotik_control', 'catkin_cmake_args': None, 'catkin_skip_building_tests': False, 'cmake_args': None, 'cmake_clean_cache': False, 'cmake_clean_first': False, 'cmake_force_configure': False, 'cmake_target': None, 'cmake_target_skip_unavailable': False, 'install_base': '/home/maksmykha/Documents/RobotikProject/install/robotik_control', 'merge_install': False, 'path': '/home/maksmykha/Documents/RobotikProject/src/robotik_control', 'symlink_install': True, 'test_result_base': None}
[0.169s] Level 5:colcon.colcon_core.verb:set package 'robotik_description' build argument 'cmake_args' from command line to 'None'
[0.169s] Level 5:colcon.colcon_core.verb:set package 'robotik_description' build argument 'cmake_target' from command line to 'None'
[0.169s] Level 5:colcon.colcon_core.verb:set package 'robotik_description' build argument 'cmake_target_skip_unavailable' from command line to 'False'
[0.169s] Level 5:colcon.colcon_core.verb:set package 'robotik_description' build argument 'cmake_clean_cache' from command line to 'False'
[0.169s] Level 5:colcon.colcon_core.verb:set package 'robotik_description' build argument 'cmake_clean_first' from command line to 'False'
[0.169s] Level 5:colcon.colcon_core.verb:set package 'robotik_description' build argument 'cmake_force_configure' from command line to 'False'
[0.169s] Level 5:colcon.colcon_core.verb:set package 'robotik_description' build argument 'ament_cmake_args' from command line to 'None'
[0.169s] Level 5:colcon.colcon_core.verb:set package 'robotik_description' build argument 'catkin_cmake_args' from command line to 'None'
[0.169s] Level 5:colcon.colcon_core.verb:set package 'robotik_description' build argument 'catkin_skip_building_tests' from command line to 'False'
[0.169s] DEBUG:colcon.colcon_core.verb:Building package 'robotik_description' with the following arguments: {'ament_cmake_args': None, 'build_base': '/home/maksmykha/Documents/RobotikProject/build/robotik_description', 'catkin_cmake_args': None, 'catkin_skip_building_tests': False, 'cmake_args': None, 'cmake_clean_cache': False, 'cmake_clean_first': False, 'cmake_force_configure': False, 'cmake_target': None, 'cmake_target_skip_unavailable': False, 'install_base': '/home/maksmykha/Documents/RobotikProject/install/robotik_description', 'merge_install': False, 'path': '/home/maksmykha/Documents/RobotikProject/src/robotik_description', 'symlink_install': True, 'test_result_base': None}
[0.169s] Level 5:colcon.colcon_core.verb:set package 'robotik_gazebo' build argument 'cmake_args' from command line to 'None'
[0.169s] Level 5:colcon.colcon_core.verb:set package 'robotik_gazebo' build argument 'cmake_target' from command line to 'None'
[0.169s] Level 5:colcon.colcon_core.verb:set package 'robotik_gazebo' build argument 'cmake_target_skip_unavailable' from command line to 'False'
[0.169s] Level 5:colcon.colcon_core.verb:set package 'robotik_gazebo' build argument 'cmake_clean_cache' from command line to 'False'
[0.169s] Level 5:colcon.colcon_core.verb:set package 'robotik_gazebo' build argument 'cmake_clean_first' from command line to 'False'
[0.169s] Level 5:colcon.colcon_core.verb:set package 'robotik_gazebo' build argument 'cmake_force_configure' from command line to 'False'
[0.169s] Level 5:colcon.colcon_core.verb:set package 'robotik_gazebo' build argument 'ament_cmake_args' from command line to 'None'
[0.169s] Level 5:colcon.colcon_core.verb:set package 'robotik_gazebo' build argument 'catkin_cmake_args' from command line to 'None'
[0.169s] Level 5:colcon.colcon_core.verb:set package 'robotik_gazebo' build argument 'catkin_skip_building_tests' from command line to 'False'
[0.169s] DEBUG:colcon.colcon_core.verb:Building package 'robotik_gazebo' with the following arguments: {'ament_cmake_args': None, 'build_base': '/home/maksmykha/Documents/RobotikProject/build/robotik_gazebo', 'catkin_cmake_args': None, 'catkin_skip_building_tests': False, 'cmake_args': None, 'cmake_clean_cache': False, 'cmake_clean_first': False, 'cmake_force_configure': False, 'cmake_target': None, 'cmake_target_skip_unavailable': False, 'install_base': '/home/maksmykha/Documents/RobotikProject/install/robotik_gazebo', 'merge_install': False, 'path': '/home/maksmykha/Documents/RobotikProject/src/robotik_gazebo', 'symlink_install': True, 'test_result_base': None}
[0.169s] Level 5:colcon.colcon_core.verb:set package 'robotik_sorting' build argument 'cmake_args' from command line to 'None'
[0.169s] Level 5:colcon.colcon_core.verb:set package 'robotik_sorting' build argument 'cmake_target' from command line to 'None'
[0.169s] Level 5:colcon.colcon_core.verb:set package 'robotik_sorting' build argument 'cmake_target_skip_unavailable' from command line to 'False'
[0.169s] Level 5:colcon.colcon_core.verb:set package 'robotik_sorting' build argument 'cmake_clean_cache' from command line to 'False'
[0.169s] Level 5:colcon.colcon_core.verb:set package 'robotik_sorting' build argument 'cmake_clean_first' from command line to 'False'
[0.169s] Level 5:colcon.colcon_core.verb:set package 'robotik_sorting' build argument 'cmake_force_configure' from command line to 'False'
[0.169s] Level 5:colcon.colcon_core.verb:set package 'robotik_sorting' build argument 'ament_cmake_args' from command line to 'None'
[0.169s] Level 5:colcon.colcon_core.verb:set package 'robotik_sorting' build argument 'catkin_cmake_args' from command line to 'None'
[0.169s] Level 5:colcon.colcon_core.verb:set package 'robotik_sorting' build argument 'catkin_skip_building_tests' from command line to 'False'
[0.169s] DEBUG:colcon.colcon_core.verb:Building package 'robotik_sorting' with the following arguments: {'ament_cmake_args': None, 'build_base': '/home/maksmykha/Documents/RobotikProject/build/robotik_sorting', 'catkin_cmake_args': None, 'catkin_skip_building_tests': False, 'cmake_args': None, 'cmake_clean_cache': False, 'cmake_clean_first': False, 'cmake_force_configure': False, 'cmake_target': None, 'cmake_target_skip_unavailable': False, 'install_base': '/home/maksmykha/Documents/RobotikProject/install/robotik_sorting', 'merge_install': False, 'path': '/home/maksmykha/Documents/RobotikProject/src/robotik_sorting', 'symlink_install': True, 'test_result_base': None}
[0.170s] Level 5:colcon.colcon_core.verb:set package 'robotik_vision' build argument 'cmake_args' from command line to 'None'
[0.170s] Level 5:colcon.colcon_core.verb:set package 'robotik_vision' build argument 'cmake_target' from command line to 'None'
[0.170s] Level 5:colcon.colcon_core.verb:set package 'robotik_vision' build argument 'cmake_target_skip_unavailable' from command line to 'False'
[0.170s] Level 5:colcon.colcon_core.verb:set package 'robotik_vision' build argument 'cmake_clean_cache' from command line to 'False'
[0.170s] Level 5:colcon.colcon_core.verb:set package 'robotik_vision' build argument 'cmake_clean_first' from command line to 'False'
[0.170s] Level 5:colcon.colcon_core.verb:set package 'robotik_vision' build argument 'cmake_force_configure' from command line to 'False'
[0.170s] Level 5:colcon.colcon_core.verb:set package 'robotik_vision' build argument 'ament_cmake_args' from command line to 'None'
[0.170s] Level 5:colcon.colcon_core.verb:set package 'robotik_vision' build argument 'catkin_cmake_args' from command line to 'None'
[0.170s] Level 5:colcon.colcon_core.verb:set package 'robotik_vision' build argument 'catkin_skip_building_tests' from command line to 'False'
[0.170s] DEBUG:colcon.colcon_core.verb:Building package 'robotik_vision' with the following arguments: {'ament_cmake_args': None, 'build_base': '/home/maksmykha/Documents/RobotikProject/build/robotik_vision', 'catkin_cmake_args': None, 'catkin_skip_building_tests': False, 'cmake_args': None, 'cmake_clean_cache': False, 'cmake_clean_first': False, 'cmake_force_configure': False, 'cmake_target': None, 'cmake_target_skip_unavailable': False, 'install_base': '/home/maksmykha/Documents/RobotikProject/install/robotik_vision', 'merge_install': False, 'path': '/home/maksmykha/Documents/RobotikProject/src/robotik_vision', 'symlink_install': True, 'test_result_base': None}
[0.170s] Level 5:colcon.colcon_core.verb:set package 'yolo_msgs' build argument 'cmake_args' from command line to 'None'
[0.170s] Level 5:colcon.colcon_core.verb:set package 'yolo_msgs' build argument 'cmake_target' from command line to 'None'
[0.170s] Level 5:colcon.colcon_core.verb:set package 'yolo_msgs' build argument 'cmake_target_skip_unavailable' from command line to 'False'
[0.170s] Level 5:colcon.colcon_core.verb:set package 'yolo_msgs' build argument 'cmake_clean_cache' from command line to 'False'
[0.170s] Level 5:colcon.colcon_core.verb:set package 'yolo_msgs' build argument 'cmake_clean_first' from command line to 'False'
[0.170s] Level 5:colcon.colcon_core.verb:set package 'yolo_msgs' build argument 'cmake_force_configure' from command line to 'False'
[0.170s] Level 5:colcon.colcon_core.verb:set package 'yolo_msgs' build argument 'ament_cmake_args' from command line to 'None'
[0.170s] Level 5:colcon.colcon_core.verb:set package 'yolo_msgs' build argument 'catkin_cmake_args' from command line to 'None'
[0.170s] Level 5:colcon.colcon_core.verb:set package 'yolo_msgs' build argument 'catkin_skip_building_tests' from command line to 'False'
[0.170s] DEBUG:colcon.colcon_core.verb:Building package 'yolo_msgs' with the following arguments: {'ament_cmake_args': None, 'build_base': '/home/maksmykha/Documents/RobotikProject/build/yolo_msgs', 'catkin_cmake_args': None, 'catkin_skip_building_tests': False, 'cmake_args': None, 'cmake_clean_cache': False, 'cmake_clean_first': False, 'cmake_force_configure': False, 'cmake_target': None, 'cmake_target_skip_unavailable': False, 'install_base': '/home/maksmykha/Documents/RobotikProject/install/yolo_msgs', 'merge_install': False, 'path': '/home/maksmykha/Documents/RobotikProject/src/yolo_ros/yolo_msgs', 'symlink_install': True, 'test_result_base': None}
[0.170s] Level 5:colcon.colcon_core.verb:set package 'yolo_ros' build argument 'cmake_args' from command line to 'None'
[0.170s] Level 5:colcon.colcon_core.verb:set package 'yolo_ros' build argument 'cmake_target' from command line to 'None'
[0.170s] Level 5:colcon.colcon_core.verb:set package 'yolo_ros' build argument 'cmake_target_skip_unavailable' from command line to 'False'
[0.170s] Level 5:colcon.colcon_core.verb:set package 'yolo_ros' build argument 'cmake_clean_cache' from command line to 'False'
[0.170s] Level 5:colcon.colcon_core.verb:set package 'yolo_ros' build argument 'cmake_clean_first' from command line to 'False'
[0.170s] Level 5:colcon.colcon_core.verb:set package 'yolo_ros' build argument 'cmake_force_configure' from command line to 'False'
[0.170s] Level 5:colcon.colcon_core.verb:set package 'yolo_ros' build argument 'ament_cmake_args' from command line to 'None'
[0.170s] Level 5:colcon.colcon_core.verb:set package 'yolo_ros' build argument 'catkin_cmake_args' from command line to 'None'
[0.170s] Level 5:colcon.colcon_core.verb:set package 'yolo_ros' build argument 'catkin_skip_building_tests' from command line to 'False'
[0.170s] DEBUG:colcon.colcon_core.verb:Building package 'yolo_ros' with the following arguments: {'ament_cmake_args': None, 'build_base': '/home/maksmykha/Documents/RobotikProject/build/yolo_ros', 'catkin_cmake_args': None, 'catkin_skip_building_tests': False, 'cmake_args': None, 'cmake_clean_cache': False, 'cmake_clean_first': False, 'cmake_force_configure': False, 'cmake_target': None, 'cmake_target_skip_unavailable': False, 'install_base': '/home/maksmykha/Documents/RobotikProject/install/yolo_ros', 'merge_install': False, 'path': '/home/maksmykha/Documents/RobotikProject/src/yolo_ros/yolo_ros', 'symlink_install': True, 'test_result_base': None}
[0.170s] Level 5:colcon.colcon_core.verb:set package 'yolo_bringup' build argument 'cmake_args' from command line to 'None'
[0.170s] Level 5:colcon.colcon_core.verb:set package 'yolo_bringup' build argument 'cmake_target' from command line to 'None'
[0.170s] Level 5:colcon.colcon_core.verb:set package 'yolo_bringup' build argument 'cmake_target_skip_unavailable' from command line to 'False'
[0.170s] Level 5:colcon.colcon_core.verb:set package 'yolo_bringup' build argument 'cmake_clean_cache' from command line to 'False'
[0.170s] Level 5:colcon.colcon_core.verb:set package 'yolo_bringup' build argument 'cmake_clean_first' from command line to 'False'
[0.170s] Level 5:colcon.colcon_core.verb:set package 'yolo_bringup' build argument 'cmake_force_configure' from command line to 'False'
[0.170s] Level 5:colcon.colcon_core.verb:set package 'yolo_bringup' build argument 'ament_cmake_args' from command line to 'None'
[0.170s] Level 5:colcon.colcon_core.verb:set package 'yolo_bringup' build argument 'catkin_cmake_args' from command line to 'None'
[0.170s] Level 5:colcon.colcon_core.verb:set package 'yolo_bringup' build argument 'catkin_skip_building_tests' from command line to 'False'
[0.170s] DEBUG:colcon.colcon_core.verb:Building package 'yolo_bringup' with the following arguments: {'ament_cmake_args': None, 'build_base': '/home/maksmykha/Documents/RobotikProject/build/yolo_bringup', 'catkin_cmake_args': None, 'catkin_skip_building_tests': False, 'cmake_args': None, 'cmake_clean_cache': False, 'cmake_clean_first': False, 'cmake_force_configure': False, 'cmake_target': None, 'cmake_target_skip_unavailable': False, 'install_base': '/home/maksmykha/Documents/RobotikProject/install/yolo_bringup', 'merge_install': False, 'path': '/home/maksmykha/Documents/RobotikProject/src/yolo_ros/yolo_bringup', 'symlink_install': True, 'test_result_base': None}
[0.170s] INFO:colcon.colcon_core.executor:Executing jobs using 'parallel' executor
[0.171s] DEBUG:colcon.colcon_parallel_executor.executor.parallel:run_until_complete
[0.171s] INFO:colcon.colcon_ros.task.ament_cmake.build:Building ROS package in '/home/maksmykha/Documents/RobotikProject/src/yolo_ros/yolo_msgs' with build type 'ament_cmake'
[0.171s] INFO:colcon.colcon_cmake.task.cmake.build:Building CMake package in '/home/maksmykha/Documents/RobotikProject/src/yolo_ros/yolo_msgs'
[0.173s] INFO:colcon.colcon_core.plugin_system:Skipping extension 'colcon_core.shell.bat': Not used on non-Windows systems
[0.173s] INFO:colcon.colcon_core.shell:Skip shell extension 'powershell' for command environment: Not usable outside of PowerShell
[0.173s] DEBUG:colcon.colcon_core.shell:Skip shell extension 'dsv' for command environment
[0.177s] INFO:colcon.colcon_ros.task.ament_cmake.build:Building ROS package in '/home/maksmykha/Documents/RobotikProject/src/robot_description' with build type 'ament_cmake'
[0.177s] INFO:colcon.colcon_cmake.task.cmake.build:Building CMake package in '/home/maksmykha/Documents/RobotikProject/src/robot_description'
[0.177s] INFO:colcon.colcon_core.shell:Skip shell extension 'powershell' for command environment: Not usable outside of PowerShell
[0.177s] DEBUG:colcon.colcon_core.shell:Skip shell extension 'dsv' for command environment
[0.195s] INFO:colcon.colcon_ros.task.ament_python.build:Building ROS package in '/home/maksmykha/Documents/RobotikProject/src/robotik_bringup' with build type 'ament_python'
[0.195s] Level 1:colcon.colcon_core.shell:create_environment_hook('robotik_bringup', 'ament_prefix_path')
[0.195s] INFO:colcon.colcon_core.shell:Creating environment hook '/home/maksmykha/Documents/RobotikProject/install/robotik_bringup/share/robotik_bringup/hook/ament_prefix_path.ps1'
[0.197s] INFO:colcon.colcon_core.shell:Creating environment descriptor '/home/maksmykha/Documents/RobotikProject/install/robotik_bringup/share/robotik_bringup/hook/ament_prefix_path.dsv'
[0.197s] INFO:colcon.colcon_core.shell:Creating environment hook '/home/maksmykha/Documents/RobotikProject/install/robotik_bringup/share/robotik_bringup/hook/ament_prefix_path.sh'
[0.198s] INFO:colcon.colcon_core.shell:Skip shell extension 'powershell' for command environment: Not usable outside of PowerShell
[0.198s] DEBUG:colcon.colcon_core.shell:Skip shell extension 'dsv' for command environment
[0.204s] INFO:colcon.colcon_ros.task.ament_python.build:Building ROS package in '/home/maksmykha/Documents/RobotikProject/src/robotik_control' with build type 'ament_python'
[0.204s] Level 1:colcon.colcon_core.shell:create_environment_hook('robotik_control', 'ament_prefix_path')
[0.204s] INFO:colcon.colcon_core.shell:Creating environment hook '/home/maksmykha/Documents/RobotikProject/install/robotik_control/share/robotik_control/hook/ament_prefix_path.ps1'
[0.205s] INFO:colcon.colcon_core.shell:Creating environment descriptor '/home/maksmykha/Documents/RobotikProject/install/robotik_control/share/robotik_control/hook/ament_prefix_path.dsv'
[0.205s] INFO:colcon.colcon_core.shell:Creating environment hook '/home/maksmykha/Documents/RobotikProject/install/robotik_control/share/robotik_control/hook/ament_prefix_path.sh'
[0.206s] INFO:colcon.colcon_core.shell:Skip shell extension 'powershell' for command environment: Not usable outside of PowerShell
[0.206s] DEBUG:colcon.colcon_core.shell:Skip shell extension 'dsv' for command environment
[0.209s] INFO:colcon.colcon_ros.task.ament_cmake.build:Building ROS package in '/home/maksmykha/Documents/RobotikProject/src/robotik_description' with build type 'ament_cmake'
[0.211s] INFO:colcon.colcon_cmake.task.cmake.build:Building CMake package in '/home/maksmykha/Documents/RobotikProject/src/robotik_description'
[0.211s] INFO:colcon.colcon_core.shell:Skip shell extension 'powershell' for command environment: Not usable outside of PowerShell
[0.212s] DEBUG:colcon.colcon_core.shell:Skip shell extension 'dsv' for command environment
[0.215s] INFO:colcon.colcon_ros.task.ament_python.build:Building ROS package in '/home/maksmykha/Documents/RobotikProject/src/robotik_gazebo' with build type 'ament_python'
[0.216s] Level 1:colcon.colcon_core.shell:create_environment_hook('robotik_gazebo', 'ament_prefix_path')
[0.216s] INFO:colcon.colcon_core.shell:Creating environment hook '/home/maksmykha/Documents/RobotikProject/install/robotik_gazebo/share/robotik_gazebo/hook/ament_prefix_path.ps1'
[0.220s] INFO:colcon.colcon_core.shell:Creating environment descriptor '/home/maksmykha/Documents/RobotikProject/install/robotik_gazebo/share/robotik_gazebo/hook/ament_prefix_path.dsv'
[0.221s] INFO:colcon.colcon_core.shell:Creating environment hook '/home/maksmykha/Documents/RobotikProject/install/robotik_gazebo/share/robotik_gazebo/hook/ament_prefix_path.sh'
[0.221s] INFO:colcon.colcon_core.shell:Skip shell extension 'powershell' for command environment: Not usable outside of PowerShell
[0.221s] DEBUG:colcon.colcon_core.shell:Skip shell extension 'dsv' for command environment
[0.227s] INFO:colcon.colcon_ros.task.ament_python.build:Building ROS package in '/home/maksmykha/Documents/RobotikProject/src/robotik_sorting' with build type 'ament_python'
[0.227s] Level 1:colcon.colcon_core.shell:create_environment_hook('robotik_sorting', 'ament_prefix_path')
[0.228s] INFO:colcon.colcon_core.shell:Creating environment hook '/home/maksmykha/Documents/RobotikProject/install/robotik_sorting/share/robotik_sorting/hook/ament_prefix_path.ps1'
[0.228s] INFO:colcon.colcon_core.shell:Creating environment descriptor '/home/maksmykha/Documents/RobotikProject/install/robotik_sorting/share/robotik_sorting/hook/ament_prefix_path.dsv'
[0.230s] INFO:colcon.colcon_core.shell:Creating environment hook '/home/maksmykha/Documents/RobotikProject/install/robotik_sorting/share/robotik_sorting/hook/ament_prefix_path.sh'
[0.232s] INFO:colcon.colcon_core.shell:Skip shell extension 'powershell' for command environment: Not usable outside of PowerShell
[0.232s] DEBUG:colcon.colcon_core.shell:Skip shell extension 'dsv' for command environment
[0.237s] INFO:colcon.colcon_ros.task.ament_python.build:Building ROS package in '/home/maksmykha/Documents/RobotikProject/src/robotik_vision' with build type 'ament_python'
[0.239s] Level 1:colcon.colcon_core.shell:create_environment_hook('robotik_vision', 'ament_prefix_path')
[0.240s] INFO:colcon.colcon_core.shell:Creating environment hook '/home/maksmykha/Documents/RobotikProject/install/robotik_vision/share/robotik_vision/hook/ament_prefix_path.ps1'
[0.240s] INFO:colcon.colcon_core.shell:Creating environment descriptor '/home/maksmykha/Documents/RobotikProject/install/robotik_vision/share/robotik_vision/hook/ament_prefix_path.dsv'
[0.242s] INFO:colcon.colcon_core.shell:Creating environment hook '/home/maksmykha/Documents/RobotikProject/install/robotik_vision/share/robotik_vision/hook/ament_prefix_path.sh'
[0.243s] INFO:colcon.colcon_core.shell:Skip shell extension 'powershell' for command environment: Not usable outside of PowerShell
[0.243s] DEBUG:colcon.colcon_core.shell:Skip shell extension 'dsv' for command environment
[0.252s] DEBUG:colcon.colcon_core.event_handler.log_command:Invoking command in '/home/maksmykha/Documents/RobotikProject/build/yolo_msgs': CMAKE_PREFIX_PATH=${CMAKE_PREFIX_PATH}:/home/maksmykha/Documents/RobotikProject/install/yolo_ros:/home/maksmykha/Documents/RobotikProject/install/robotik_vision:/home/maksmykha/Documents/RobotikProject/install/robotik_sorting:/home/maksmykha/Documents/RobotikProject/install/robotik_gazebo:/home/maksmykha/Documents/RobotikProject/install/robotik_control:/home/maksmykha/Documents/RobotikProject/install/robotik_bringup:/opt/ros/jazzy DEBUGINFOD_URLS=https://debuginfod.ubuntu.com /usr/bin/cmake --build /home/maksmykha/Documents/RobotikProject/build/yolo_msgs -- -j8 -l8
[0.255s] DEBUG:colcon.colcon_core.event_handler.log_command:Invoking command in '/home/maksmykha/Documents/RobotikProject/build/robot_description': CMAKE_PREFIX_PATH=${CMAKE_PREFIX_PATH}:/home/maksmykha/Documents/RobotikProject/install/yolo_ros:/home/maksmykha/Documents/RobotikProject/install/robotik_vision:/home/maksmykha/Documents/RobotikProject/install/robotik_sorting:/home/maksmykha/Documents/RobotikProject/install/robotik_gazebo:/home/maksmykha/Documents/RobotikProject/install/robotik_control:/home/maksmykha/Documents/RobotikProject/install/robotik_bringup:/opt/ros/jazzy DEBUGINFOD_URLS=https://debuginfod.ubuntu.com /usr/bin/cmake --build /home/maksmykha/Documents/RobotikProject/build/robot_description -- -j8 -l8
[0.424s] INFO:colcon.colcon_core.task.python.build:Building Python package in '/home/maksmykha/Documents/RobotikProject/src/robotik_bringup'
[0.424s] INFO:colcon.colcon_core.shell:Skip shell extension 'powershell' for command environment: Not usable outside of PowerShell
[0.424s] DEBUG:colcon.colcon_core.shell:Skip shell extension 'dsv' for command environment
[0.567s] INFO:colcon.colcon_core.task.python.build:Building Python package in '/home/maksmykha/Documents/RobotikProject/src/robotik_control'
[0.567s] INFO:colcon.colcon_core.shell:Skip shell extension 'powershell' for command environment: Not usable outside of PowerShell
[0.567s] DEBUG:colcon.colcon_core.shell:Skip shell extension 'dsv' for command environment
[0.572s] DEBUG:colcon.colcon_core.event_handler.log_command:Invoking command in '/home/maksmykha/Documents/RobotikProject/build/robotik_description': CMAKE_PREFIX_PATH=${CMAKE_PREFIX_PATH}:/home/maksmykha/Documents/RobotikProject/install/yolo_ros:/home/maksmykha/Documents/RobotikProject/install/robotik_vision:/home/maksmykha/Documents/RobotikProject/install/robotik_sorting:/home/maksmykha/Documents/RobotikProject/install/robotik_gazebo:/home/maksmykha/Documents/RobotikProject/install/robotik_control:/home/maksmykha/Documents/RobotikProject/install/robotik_bringup:/opt/ros/jazzy DEBUGINFOD_URLS=https://debuginfod.ubuntu.com /usr/bin/cmake --build /home/maksmykha/Documents/RobotikProject/build/robotik_description -- -j8 -l8
[0.709s] INFO:colcon.colcon_core.task.python.build:Building Python package in '/home/maksmykha/Documents/RobotikProject/src/robotik_gazebo'
[0.709s] INFO:colcon.colcon_core.shell:Skip shell extension 'powershell' for command environment: Not usable outside of PowerShell
[0.709s] DEBUG:colcon.colcon_core.shell:Skip shell extension 'dsv' for command environment
[0.840s] INFO:colcon.colcon_core.task.python.build:Building Python package in '/home/maksmykha/Documents/RobotikProject/src/robotik_sorting'
[0.840s] INFO:colcon.colcon_core.shell:Skip shell extension 'powershell' for command environment: Not usable outside of PowerShell
[0.840s] DEBUG:colcon.colcon_core.shell:Skip shell extension 'dsv' for command environment
[0.988s] INFO:colcon.colcon_core.task.python.build:Building Python package in '/home/maksmykha/Documents/RobotikProject/src/robotik_vision'
[0.988s] INFO:colcon.colcon_core.shell:Skip shell extension 'powershell' for command environment: Not usable outside of PowerShell
[0.988s] DEBUG:colcon.colcon_core.shell:Skip shell extension 'dsv' for command environment
[0.993s] DEBUG:colcon.colcon_core.event_handler.log_command:Invoked command in '/home/maksmykha/Documents/RobotikProject/build/yolo_msgs' returned '0': CMAKE_PREFIX_PATH=${CMAKE_PREFIX_PATH}:/home/maksmykha/Documents/RobotikProject/install/yolo_ros:/home/maksmykha/Documents/RobotikProject/install/robotik_vision:/home/maksmykha/Documents/RobotikProject/install/robotik_sorting:/home/maksmykha/Documents/RobotikProject/install/robotik_gazebo:/home/maksmykha/Documents/RobotikProject/install/robotik_control:/home/maksmykha/Documents/RobotikProject/install/robotik_bringup:/opt/ros/jazzy DEBUGINFOD_URLS=https://debuginfod.ubuntu.com /usr/bin/cmake --build /home/maksmykha/Documents/RobotikProject/build/yolo_msgs -- -j8 -l8
[1.002s] DEBUG:colcon.colcon_core.event_handler.log_command:Invoking command in '/home/maksmykha/Documents/RobotikProject/build/yolo_msgs': CMAKE_PREFIX_PATH=${CMAKE_PREFIX_PATH}:/home/maksmykha/Documents/RobotikProject/install/yolo_ros:/home/maksmykha/Documents/RobotikProject/install/robotik_vision:/home/maksmykha/Documents/RobotikProject/install/robotik_sorting:/home/maksmykha/Documents/RobotikProject/install/robotik_gazebo:/home/maksmykha/Documents/RobotikProject/install/robotik_control:/home/maksmykha/Documents/RobotikProject/install/robotik_bringup:/opt/ros/jazzy DEBUGINFOD_URLS=https://debuginfod.ubuntu.com /usr/bin/cmake --install /home/maksmykha/Documents/RobotikProject/build/yolo_msgs
[1.003s] DEBUG:colcon.colcon_core.event_handler.log_command:Invoked command in '/home/maksmykha/Documents/RobotikProject/build/robot_description' returned '0': CMAKE_PREFIX_PATH=${CMAKE_PREFIX_PATH}:/home/maksmykha/Documents/RobotikProject/install/yolo_ros:/home/maksmykha/Documents/RobotikProject/install/robotik_vision:/home/maksmykha/Documents/RobotikProject/install/robotik_sorting:/home/maksmykha/Documents/RobotikProject/install/robotik_gazebo:/home/maksmykha/Documents/RobotikProject/install/robotik_control:/home/maksmykha/Documents/RobotikProject/install/robotik_bringup:/opt/ros/jazzy DEBUGINFOD_URLS=https://debuginfod.ubuntu.com /usr/bin/cmake --build /home/maksmykha/Documents/RobotikProject/build/robot_description -- -j8 -l8
[1.003s] DEBUG:colcon.colcon_core.event_handler.log_command:Invoking command in '/home/maksmykha/Documents/RobotikProject/build/robot_description': CMAKE_PREFIX_PATH=${CMAKE_PREFIX_PATH}:/home/maksmykha/Documents/RobotikProject/install/yolo_ros:/home/maksmykha/Documents/RobotikProject/install/robotik_vision:/home/maksmykha/Documents/RobotikProject/install/robotik_sorting:/home/maksmykha/Documents/RobotikProject/install/robotik_gazebo:/home/maksmykha/Documents/RobotikProject/install/robotik_control:/home/maksmykha/Documents/RobotikProject/install/robotik_bringup:/opt/ros/jazzy DEBUGINFOD_URLS=https://debuginfod.ubuntu.com /usr/bin/cmake --install /home/maksmykha/Documents/RobotikProject/build/robot_description
[1.004s] DEBUG:colcon.colcon_core.event_handler.log_command:Invoked command in '/home/maksmykha/Documents/RobotikProject/build/robotik_description' returned '0': CMAKE_PREFIX_PATH=${CMAKE_PREFIX_PATH}:/home/maksmykha/Documents/RobotikProject/install/yolo_ros:/home/maksmykha/Documents/RobotikProject/install/robotik_vision:/home/maksmykha/Documents/RobotikProject/install/robotik_sorting:/home/maksmykha/Documents/RobotikProject/install/robotik_gazebo:/home/maksmykha/Documents/RobotikProject/install/robotik_control:/home/maksmykha/Documents/RobotikProject/install/robotik_bringup:/opt/ros/jazzy DEBUGINFOD_URLS=https://debuginfod.ubuntu.com /usr/bin/cmake --build /home/maksmykha/Documents/RobotikProject/build/robotik_description -- -j8 -l8
[1.005s] DEBUG:colcon.colcon_core.event_handler.log_command:Invoking command in '/home/maksmykha/Documents/RobotikProject/build/robotik_description': CMAKE_PREFIX_PATH=${CMAKE_PREFIX_PATH}:/home/maksmykha/Documents/RobotikProject/install/yolo_ros:/home/maksmykha/Documents/RobotikProject/install/robotik_vision:/home/maksmykha/Documents/RobotikProject/install/robotik_sorting:/home/maksmykha/Documents/RobotikProject/install/robotik_gazebo:/home/maksmykha/Documents/RobotikProject/install/robotik_control:/home/maksmykha/Documents/RobotikProject/install/robotik_bringup:/opt/ros/jazzy DEBUGINFOD_URLS=https://debuginfod.ubuntu.com /usr/bin/cmake --install /home/maksmykha/Documents/RobotikProject/build/robotik_description
[1.027s] Level 1:colcon.colcon_core.environment:create_environment_scripts_only(robot_description)
[1.033s] DEBUG:colcon.colcon_core.event_handler.log_command:Invoked command in '/home/maksmykha/Documents/RobotikProject/build/robot_description' returned '0': CMAKE_PREFIX_PATH=${CMAKE_PREFIX_PATH}:/home/maksmykha/Documents/RobotikProject/install/yolo_ros:/home/maksmykha/Documents/RobotikProject/install/robotik_vision:/home/maksmykha/Documents/RobotikProject/install/robotik_sorting:/home/maksmykha/Documents/RobotikProject/install/robotik_gazebo:/home/maksmykha/Documents/RobotikProject/install/robotik_control:/home/maksmykha/Documents/RobotikProject/install/robotik_bringup:/opt/ros/jazzy DEBUGINFOD_URLS=https://debuginfod.ubuntu.com /usr/bin/cmake --install /home/maksmykha/Documents/RobotikProject/build/robot_description
[1.041s] Level 1:colcon.colcon_core.environment:checking '/home/maksmykha/Documents/RobotikProject/install/robot_description' for CMake module files
[1.045s] Level 1:colcon.colcon_core.environment:checking '/home/maksmykha/Documents/RobotikProject/install/robot_description' for CMake config files
[1.048s] Level 1:colcon.colcon_core.shell:create_environment_hook('robot_description', 'cmake_prefix_path')
[1.048s] INFO:colcon.colcon_core.shell:Creating environment hook '/home/maksmykha/Documents/RobotikProject/install/robot_description/share/robot_description/hook/cmake_prefix_path.ps1'
[1.051s] INFO:colcon.colcon_core.shell:Creating environment descriptor '/home/maksmykha/Documents/RobotikProject/install/robot_description/share/robot_description/hook/cmake_prefix_path.dsv'
[1.052s] INFO:colcon.colcon_core.shell:Creating environment hook '/home/maksmykha/Documents/RobotikProject/install/robot_description/share/robot_description/hook/cmake_prefix_path.sh'
[1.055s] Level 1:colcon.colcon_core.environment:checking '/home/maksmykha/Documents/RobotikProject/install/robot_description/bin'
[1.055s] Level 1:colcon.colcon_core.environment:checking '/home/maksmykha/Documents/RobotikProject/install/robot_description/lib/pkgconfig/robot_description.pc'
[1.056s] Level 1:colcon.colcon_core.environment:checking '/home/maksmykha/Documents/RobotikProject/install/robot_description/lib/python3.12/site-packages'
[1.057s] Level 1:colcon.colcon_core.environment:checking '/home/maksmykha/Documents/RobotikProject/install/robot_description/bin'
[1.057s] INFO:colcon.colcon_core.shell:Creating package script '/home/maksmykha/Documents/RobotikProject/install/robot_description/share/robot_description/package.ps1'
[1.058s] INFO:colcon.colcon_core.shell:Creating package descriptor '/home/maksmykha/Documents/RobotikProject/install/robot_description/share/robot_description/package.dsv'
[1.058s] INFO:colcon.colcon_core.shell:Creating package script '/home/maksmykha/Documents/RobotikProject/install/robot_description/share/robot_description/package.sh'
[1.059s] INFO:colcon.colcon_core.shell:Creating package script '/home/maksmykha/Documents/RobotikProject/install/robot_description/share/robot_description/package.bash'
[1.059s] INFO:colcon.colcon_core.shell:Creating package script '/home/maksmykha/Documents/RobotikProject/install/robot_description/share/robot_description/package.zsh'
[1.059s] Level 1:colcon.colcon_core.environment:create_file_with_runtime_dependencies(/home/maksmykha/Documents/RobotikProject/install/robot_description/share/colcon-core/packages/robot_description)
[1.062s] Level 1:colcon.colcon_core.environment:create_environment_scripts_only(robot_description)
[1.062s] Level 1:colcon.colcon_core.environment:checking '/home/maksmykha/Documents/RobotikProject/install/robot_description' for CMake module files
[1.063s] Level 1:colcon.colcon_core.environment:checking '/home/maksmykha/Documents/RobotikProject/install/robot_description' for CMake config files
[1.063s] Level 1:colcon.colcon_core.shell:create_environment_hook('robot_description', 'cmake_prefix_path')
[1.064s] INFO:colcon.colcon_core.shell:Creating environment hook '/home/maksmykha/Documents/RobotikProject/install/robot_description/share/robot_description/hook/cmake_prefix_path.ps1'
[1.064s] INFO:colcon.colcon_core.shell:Creating environment descriptor '/home/maksmykha/Documents/RobotikProject/install/robot_description/share/robot_description/hook/cmake_prefix_path.dsv'
[1.064s] INFO:colcon.colcon_core.shell:Creating environment hook '/home/maksmykha/Documents/RobotikProject/install/robot_description/share/robot_description/hook/cmake_prefix_path.sh'
[1.065s] Level 1:colcon.colcon_core.environment:checking '/home/maksmykha/Documents/RobotikProject/install/robot_description/bin'
[1.065s] Level 1:colcon.colcon_core.environment:checking '/home/maksmykha/Documents/RobotikProject/install/robot_description/lib/pkgconfig/robot_description.pc'
[1.065s] Level 1:colcon.colcon_core.environment:checking '/home/maksmykha/Documents/RobotikProject/install/robot_description/lib/python3.12/site-packages'
[1.065s] Level 1:colcon.colcon_core.environment:checking '/home/maksmykha/Documents/RobotikProject/install/robot_description/bin'
[1.066s] INFO:colcon.colcon_core.shell:Creating package script '/home/maksmykha/Documents/RobotikProject/install/robot_description/share/robot_description/package.ps1'
[1.067s] INFO:colcon.colcon_core.shell:Creating package descriptor '/home/maksmykha/Documents/RobotikProject/install/robot_description/share/robot_description/package.dsv'
[1.067s] INFO:colcon.colcon_core.shell:Creating package script '/home/maksmykha/Documents/RobotikProject/install/robot_description/share/robot_description/package.sh'
[1.068s] INFO:colcon.colcon_core.shell:Creating package script '/home/maksmykha/Documents/RobotikProject/install/robot_description/share/robot_description/package.bash'
[1.068s] INFO:colcon.colcon_core.shell:Creating package script '/home/maksmykha/Documents/RobotikProject/install/robot_description/share/robot_description/package.zsh'
[1.069s] Level 1:colcon.colcon_core.environment:create_file_with_runtime_dependencies(/home/maksmykha/Documents/RobotikProject/install/robot_description/share/colcon-core/packages/robot_description)
[1.072s] Level 1:colcon.colcon_core.environment:create_environment_scripts_only(robotik_description)
[1.072s] Level 1:colcon.colcon_core.environment:checking '/home/maksmykha/Documents/RobotikProject/install/robotik_description' for CMake module files
[1.074s] DEBUG:colcon.colcon_core.event_handler.log_command:Invoked command in '/home/maksmykha/Documents/RobotikProject/build/robotik_description' returned '0': CMAKE_PREFIX_PATH=${CMAKE_PREFIX_PATH}:/home/maksmykha/Documents/RobotikProject/install/yolo_ros:/home/maksmykha/Documents/RobotikProject/install/robotik_vision:/home/maksmykha/Documents/RobotikProject/install/robotik_sorting:/home/maksmykha/Documents/RobotikProject/install/robotik_gazebo:/home/maksmykha/Documents/RobotikProject/install/robotik_control:/home/maksmykha/Documents/RobotikProject/install/robotik_bringup:/opt/ros/jazzy DEBUGINFOD_URLS=https://debuginfod.ubuntu.com /usr/bin/cmake --install /home/maksmykha/Documents/RobotikProject/build/robotik_description
[1.074s] Level 1:colcon.colcon_core.environment:checking '/home/maksmykha/Documents/RobotikProject/install/robotik_description' for CMake config files
[1.077s] Level 1:colcon.colcon_core.shell:create_environment_hook('robotik_description', 'cmake_prefix_path')
[1.078s] INFO:colcon.colcon_core.shell:Creating environment hook '/home/maksmykha/Documents/RobotikProject/install/robotik_description/share/robotik_description/hook/cmake_prefix_path.ps1'
[1.081s] INFO:colcon.colcon_core.shell:Creating environment descriptor '/home/maksmykha/Documents/RobotikProject/install/robotik_description/share/robotik_description/hook/cmake_prefix_path.dsv'
[1.082s] INFO:colcon.colcon_core.shell:Creating environment hook '/home/maksmykha/Documents/RobotikProject/install/robotik_description/share/robotik_description/hook/cmake_prefix_path.sh'
[1.082s] Level 1:colcon.colcon_core.environment:checking '/home/maksmykha/Documents/RobotikProject/install/robotik_description/bin'
[1.082s] Level 1:colcon.colcon_core.environment:checking '/home/maksmykha/Documents/RobotikProject/install/robotik_description/lib/pkgconfig/robotik_description.pc'
[1.082s] Level 1:colcon.colcon_core.environment:checking '/home/maksmykha/Documents/RobotikProject/install/robotik_description/lib/python3.12/site-packages'
[1.083s] Level 1:colcon.colcon_core.environment:checking '/home/maksmykha/Documents/RobotikProject/install/robotik_description/bin'
[1.083s] INFO:colcon.colcon_core.shell:Creating package script '/home/maksmykha/Documents/RobotikProject/install/robotik_description/share/robotik_description/package.ps1'
[1.084s] INFO:colcon.colcon_core.shell:Creating package descriptor '/home/maksmykha/Documents/RobotikProject/install/robotik_description/share/robotik_description/package.dsv'
[1.085s] INFO:colcon.colcon_core.shell:Creating package script '/home/maksmykha/Documents/RobotikProject/install/robotik_description/share/robotik_description/package.sh'
[1.085s] INFO:colcon.colcon_core.shell:Creating package script '/home/maksmykha/Documents/RobotikProject/install/robotik_description/share/robotik_description/package.bash'
[1.085s] INFO:colcon.colcon_core.shell:Creating package script '/home/maksmykha/Documents/RobotikProject/install/robotik_description/share/robotik_description/package.zsh'
[1.085s] Level 1:colcon.colcon_core.environment:create_file_with_runtime_dependencies(/home/maksmykha/Documents/RobotikProject/install/robotik_description/share/colcon-core/packages/robotik_description)
[1.086s] Level 1:colcon.colcon_core.environment:create_environment_scripts_only(robotik_description)
[1.086s] Level 1:colcon.colcon_core.environment:checking '/home/maksmykha/Documents/RobotikProject/install/robotik_description' for CMake module files
[1.086s] Level 1:colcon.colcon_core.environment:checking '/home/maksmykha/Documents/RobotikProject/install/robotik_description' for CMake config files
[1.087s] Level 1:colcon.colcon_core.shell:create_environment_hook('robotik_description', 'cmake_prefix_path')
[1.087s] INFO:colcon.colcon_core.shell:Creating environment hook '/home/maksmykha/Documents/RobotikProject/install/robotik_description/share/robotik_description/hook/cmake_prefix_path.ps1'
[1.087s] INFO:colcon.colcon_core.shell:Creating environment descriptor '/home/maksmykha/Documents/RobotikProject/install/robotik_description/share/robotik_description/hook/cmake_prefix_path.dsv'
[1.087s] INFO:colcon.colcon_core.shell:Creating environment hook '/home/maksmykha/Documents/RobotikProject/install/robotik_description/share/robotik_description/hook/cmake_prefix_path.sh'
[1.088s] Level 1:colcon.colcon_core.environment:checking '/home/maksmykha/Documents/RobotikProject/install/robotik_description/bin'
[1.088s] Level 1:colcon.colcon_core.environment:checking '/home/maksmykha/Documents/RobotikProject/install/robotik_description/lib/pkgconfig/robotik_description.pc'
[1.088s] Level 1:colcon.colcon_core.environment:checking '/home/maksmykha/Documents/RobotikProject/install/robotik_description/lib/python3.12/site-packages'
[1.088s] Level 1:colcon.colcon_core.environment:checking '/home/maksmykha/Documents/RobotikProject/install/robotik_description/bin'
[1.088s] INFO:colcon.colcon_core.shell:Creating package script '/home/maksmykha/Documents/RobotikProject/install/robotik_description/share/robotik_description/package.ps1'
[1.089s] INFO:colcon.colcon_core.shell:Creating package descriptor '/home/maksmykha/Documents/RobotikProject/install/robotik_description/share/robotik_description/package.dsv'
[1.089s] INFO:colcon.colcon_core.shell:Creating package script '/home/maksmykha/Documents/RobotikProject/install/robotik_description/share/robotik_description/package.sh'
[1.090s] INFO:colcon.colcon_core.shell:Creating package script '/home/maksmykha/Documents/RobotikProject/install/robotik_description/share/robotik_description/package.bash'
[1.090s] INFO:colcon.colcon_core.shell:Creating package script '/home/maksmykha/Documents/RobotikProject/install/robotik_description/share/robotik_description/package.zsh'
[1.091s] Level 1:colcon.colcon_core.environment:create_file_with_runtime_dependencies(/home/maksmykha/Documents/RobotikProject/install/robotik_description/share/colcon-core/packages/robotik_description)
[1.165s] Level 1:colcon.colcon_core.environment:create_environment_scripts_only(yolo_msgs)
[1.165s] Level 1:colcon.colcon_core.environment:checking '/home/maksmykha/Documents/RobotikProject/install/yolo_msgs' for CMake module files
[1.166s] Level 1:colcon.colcon_core.environment:checking '/home/maksmykha/Documents/RobotikProject/install/yolo_msgs' for CMake config files
[1.166s] Level 1:colcon.colcon_core.shell:create_environment_hook('yolo_msgs', 'cmake_prefix_path')
[1.167s] INFO:colcon.colcon_core.shell:Creating environment hook '/home/maksmykha/Documents/RobotikProject/install/yolo_msgs/share/yolo_msgs/hook/cmake_prefix_path.ps1'
[1.167s] DEBUG:colcon.colcon_core.event_handler.log_command:Invoked command in '/home/maksmykha/Documents/RobotikProject/build/yolo_msgs' returned '0': CMAKE_PREFIX_PATH=${CMAKE_PREFIX_PATH}:/home/maksmykha/Documents/RobotikProject/install/yolo_ros:/home/maksmykha/Documents/RobotikProject/install/robotik_vision:/home/maksmykha/Documents/RobotikProject/install/robotik_sorting:/home/maksmykha/Documents/RobotikProject/install/robotik_gazebo:/home/maksmykha/Documents/RobotikProject/install/robotik_control:/home/maksmykha/Documents/RobotikProject/install/robotik_bringup:/opt/ros/jazzy DEBUGINFOD_URLS=https://debuginfod.ubuntu.com /usr/bin/cmake --install /home/maksmykha/Documents/RobotikProject/build/yolo_msgs
[1.167s] INFO:colcon.colcon_core.shell:Creating environment descriptor '/home/maksmykha/Documents/RobotikProject/install/yolo_msgs/share/yolo_msgs/hook/cmake_prefix_path.dsv'
[1.168s] INFO:colcon.colcon_core.shell:Creating environment hook '/home/maksmykha/Documents/RobotikProject/install/yolo_msgs/share/yolo_msgs/hook/cmake_prefix_path.sh'
[1.168s] Level 1:colcon.colcon_core.environment:checking '/home/maksmykha/Documents/RobotikProject/install/yolo_msgs/lib'
[1.168s] Level 1:colcon.colcon_core.shell:create_environment_hook('yolo_msgs', 'ld_library_path_lib')
[1.168s] INFO:colcon.colcon_core.shell:Creating environment hook '/home/maksmykha/Documents/RobotikProject/install/yolo_msgs/share/yolo_msgs/hook/ld_library_path_lib.ps1'
[1.168s] INFO:colcon.colcon_core.shell:Creating environment descriptor '/home/maksmykha/Documents/RobotikProject/install/yolo_msgs/share/yolo_msgs/hook/ld_library_path_lib.dsv'
[1.169s] INFO:colcon.colcon_core.shell:Creating environment hook '/home/maksmykha/Documents/RobotikProject/install/yolo_msgs/share/yolo_msgs/hook/ld_library_path_lib.sh'
[1.169s] Level 1:colcon.colcon_core.environment:checking '/home/maksmykha/Documents/RobotikProject/install/yolo_msgs/bin'
[1.169s] Level 1:colcon.colcon_core.environment:checking '/home/maksmykha/Documents/RobotikProject/install/yolo_msgs/lib/pkgconfig/yolo_msgs.pc'
[1.169s] Level 1:colcon.colcon_core.environment:checking '/home/maksmykha/Documents/RobotikProject/install/yolo_msgs/lib/python3.12/site-packages'
[1.169s] Level 1:colcon.colcon_core.shell:create_environment_hook('yolo_msgs', 'pythonpath')
[1.169s] INFO:colcon.colcon_core.shell:Creating environment hook '/home/maksmykha/Documents/RobotikProject/install/yolo_msgs/share/yolo_msgs/hook/pythonpath.ps1'
[1.170s] INFO:colcon.colcon_core.shell:Creating environment descriptor '/home/maksmykha/Documents/RobotikProject/install/yolo_msgs/share/yolo_msgs/hook/pythonpath.dsv'
[1.170s] INFO:colcon.colcon_core.shell:Creating environment hook '/home/maksmykha/Documents/RobotikProject/install/yolo_msgs/share/yolo_msgs/hook/pythonpath.sh'
[1.170s] Level 1:colcon.colcon_core.environment:checking '/home/maksmykha/Documents/RobotikProject/install/yolo_msgs/bin'
[1.171s] INFO:colcon.colcon_core.shell:Creating package script '/home/maksmykha/Documents/RobotikProject/install/yolo_msgs/share/yolo_msgs/package.ps1'
[1.171s] INFO:colcon.colcon_core.shell:Creating package descriptor '/home/maksmykha/Documents/RobotikProject/install/yolo_msgs/share/yolo_msgs/package.dsv'
[1.172s] INFO:colcon.colcon_core.shell:Creating package script '/home/maksmykha/Documents/RobotikProject/install/yolo_msgs/share/yolo_msgs/package.sh'
[1.172s] INFO:colcon.colcon_core.shell:Creating package script '/home/maksmykha/Documents/RobotikProject/install/yolo_msgs/share/yolo_msgs/package.bash'
[1.172s] INFO:colcon.colcon_core.shell:Creating package script '/home/maksmykha/Documents/RobotikProject/install/yolo_msgs/share/yolo_msgs/package.zsh'
[1.172s] Level 1:colcon.colcon_core.environment:create_file_with_runtime_dependencies(/home/maksmykha/Documents/RobotikProject/install/yolo_msgs/share/colcon-core/packages/yolo_msgs)
[1.173s] Level 1:colcon.colcon_core.environment:create_environment_scripts_only(yolo_msgs)
[1.173s] Level 1:colcon.colcon_core.environment:checking '/home/maksmykha/Documents/RobotikProject/install/yolo_msgs' for CMake module files
[1.173s] Level 1:colcon.colcon_core.environment:checking '/home/maksmykha/Documents/RobotikProject/install/yolo_msgs' for CMake config files
[1.174s] Level 1:colcon.colcon_core.shell:create_environment_hook('yolo_msgs', 'cmake_prefix_path')
[1.174s] INFO:colcon.colcon_core.shell:Creating environment hook '/home/maksmykha/Documents/RobotikProject/install/yolo_msgs/share/yolo_msgs/hook/cmake_prefix_path.ps1'
[1.174s] INFO:colcon.colcon_core.shell:Creating environment descriptor '/home/maksmykha/Documents/RobotikProject/install/yolo_msgs/share/yolo_msgs/hook/cmake_prefix_path.dsv'
[1.174s] INFO:colcon.colcon_core.shell:Creating environment hook '/home/maksmykha/Documents/RobotikProject/install/yolo_msgs/share/yolo_msgs/hook/cmake_prefix_path.sh'
[1.174s] Level 1:colcon.colcon_core.environment:checking '/home/maksmykha/Documents/RobotikProject/install/yolo_msgs/lib'
[1.175s] Level 1:colcon.colcon_core.shell:create_environment_hook('yolo_msgs', 'ld_library_path_lib')
[1.175s] INFO:colcon.colcon_core.shell:Creating environment hook '/home/maksmykha/Documents/RobotikProject/install/yolo_msgs/share/yolo_msgs/hook/ld_library_path_lib.ps1'
[1.175s] INFO:colcon.colcon_core.shell:Creating environment descriptor '/home/maksmykha/Documents/RobotikProject/install/yolo_msgs/share/yolo_msgs/hook/ld_library_path_lib.dsv'
[1.175s] INFO:colcon.colcon_core.shell:Creating environment hook '/home/maksmykha/Documents/RobotikProject/install/yolo_msgs/share/yolo_msgs/hook/ld_library_path_lib.sh'
[1.177s] Level 1:colcon.colcon_core.environment:checking '/home/maksmykha/Documents/RobotikProject/install/yolo_msgs/bin'
[1.177s] Level 1:colcon.colcon_core.environment:checking '/home/maksmykha/Documents/RobotikProject/install/yolo_msgs/lib/pkgconfig/yolo_msgs.pc'
[1.177s] Level 1:colcon.colcon_core.environment:checking '/home/maksmykha/Documents/RobotikProject/install/yolo_msgs/lib/python3.12/site-packages'
[1.177s] Level 1:colcon.colcon_core.shell:create_environment_hook('yolo_msgs', 'pythonpath')
[1.177s] INFO:colcon.colcon_core.shell:Creating environment hook '/home/maksmykha/Documents/RobotikProject/install/yolo_msgs/share/yolo_msgs/hook/pythonpath.ps1'
[1.177s] INFO:colcon.colcon_core.shell:Creating environment descriptor '/home/maksmykha/Documents/RobotikProject/install/yolo_msgs/share/yolo_msgs/hook/pythonpath.dsv'
[1.178s] INFO:colcon.colcon_core.shell:Creating environment hook '/home/maksmykha/Documents/RobotikProject/install/yolo_msgs/share/yolo_msgs/hook/pythonpath.sh'
[1.179s] Level 1:colcon.colcon_core.environment:checking '/home/maksmykha/Documents/RobotikProject/install/yolo_msgs/bin'
[1.179s] INFO:colcon.colcon_core.shell:Creating package script '/home/maksmykha/Documents/RobotikProject/install/yolo_msgs/share/yolo_msgs/package.ps1'
[1.179s] INFO:colcon.colcon_core.shell:Creating package descriptor '/home/maksmykha/Documents/RobotikProject/install/yolo_msgs/share/yolo_msgs/package.dsv'
[1.180s] INFO:colcon.colcon_core.shell:Creating package script '/home/maksmykha/Documents/RobotikProject/install/yolo_msgs/share/yolo_msgs/package.sh'
[1.180s] INFO:colcon.colcon_core.shell:Creating package script '/home/maksmykha/Documents/RobotikProject/install/yolo_msgs/share/yolo_msgs/package.bash'
[1.180s] INFO:colcon.colcon_core.shell:Creating package script '/home/maksmykha/Documents/RobotikProject/install/yolo_msgs/share/yolo_msgs/package.zsh'
[1.180s] Level 1:colcon.colcon_core.environment:create_file_with_runtime_dependencies(/home/maksmykha/Documents/RobotikProject/install/yolo_msgs/share/colcon-core/packages/yolo_msgs)
[1.181s] INFO:colcon.colcon_ros.task.ament_python.build:Building ROS package in '/home/maksmykha/Documents/RobotikProject/src/yolo_ros/yolo_ros' with build type 'ament_python'
[1.181s] Level 1:colcon.colcon_core.shell:create_environment_hook('yolo_ros', 'ament_prefix_path')
[1.181s] INFO:colcon.colcon_core.shell:Creating environment hook '/home/maksmykha/Documents/RobotikProject/install/yolo_ros/share/yolo_ros/hook/ament_prefix_path.ps1'
[1.183s] INFO:colcon.colcon_core.shell:Creating environment descriptor '/home/maksmykha/Documents/RobotikProject/install/yolo_ros/share/yolo_ros/hook/ament_prefix_path.dsv'
[1.183s] INFO:colcon.colcon_core.shell:Creating environment hook '/home/maksmykha/Documents/RobotikProject/install/yolo_ros/share/yolo_ros/hook/ament_prefix_path.sh'
[1.184s] INFO:colcon.colcon_core.shell:Skip shell extension 'powershell' for command environment: Not usable outside of PowerShell
[1.184s] DEBUG:colcon.colcon_core.shell:Skip shell extension 'dsv' for command environment
[1.424s] INFO:colcon.colcon_core.task.python.build:Building Python package in '/home/maksmykha/Documents/RobotikProject/src/yolo_ros/yolo_ros'
[1.424s] INFO:colcon.colcon_core.shell:Skip shell extension 'powershell' for command environment: Not usable outside of PowerShell
[1.424s] DEBUG:colcon.colcon_core.shell:Skip shell extension 'dsv' for command environment
[1.584s] DEBUG:colcon.colcon_core.event_handler.log_command:Invoking command in '/home/maksmykha/Documents/RobotikProject/build/robotik_vision': DEBUGINFOD_URLS=https://debuginfod.ubuntu.com PYTHONPATH=/home/maksmykha/Documents/RobotikProject/build/robotik_vision/prefix_override:/usr/lib/python3/dist-packages/colcon_core/task/python/colcon_distutils_commands:/home/maksmykha/Documents/RobotikProject/install/robotik_vision/lib/python3.12/site-packages:${PYTHONPATH} /usr/bin/python3 -W ignore:setup.py install is deprecated -W ignore:easy_install command is deprecated setup.py develop --editable --build-directory /home/maksmykha/Documents/RobotikProject/build/robotik_vision/build --no-deps symlink_data
[1.591s] DEBUG:colcon.colcon_core.event_handler.log_command:Invoking command in '/home/maksmykha/Documents/RobotikProject/build/robotik_gazebo': DEBUGINFOD_URLS=https://debuginfod.ubuntu.com PYTHONPATH=/home/maksmykha/Documents/RobotikProject/build/robotik_gazebo/prefix_override:/usr/lib/python3/dist-packages/colcon_core/task/python/colcon_distutils_commands:/home/maksmykha/Documents/RobotikProject/install/robotik_gazebo/lib/python3.12/site-packages:${PYTHONPATH} /usr/bin/python3 -W ignore:setup.py install is deprecated -W ignore:easy_install command is deprecated setup.py develop --editable --build-directory /home/maksmykha/Documents/RobotikProject/build/robotik_gazebo/build --no-deps symlink_data
[1.592s] DEBUG:colcon.colcon_core.event_handler.log_command:Invoking command in '/home/maksmykha/Documents/RobotikProject/build/robotik_sorting': DEBUGINFOD_URLS=https://debuginfod.ubuntu.com PYTHONPATH=/home/maksmykha/Documents/RobotikProject/build/robotik_sorting/prefix_override:/usr/lib/python3/dist-packages/colcon_core/task/python/colcon_distutils_commands:/home/maksmykha/Documents/RobotikProject/install/robotik_sorting/lib/python3.12/site-packages:${PYTHONPATH} /usr/bin/python3 -W ignore:setup.py install is deprecated -W ignore:easy_install command is deprecated setup.py develop --editable --build-directory /home/maksmykha/Documents/RobotikProject/build/robotik_sorting/build --no-deps symlink_data
[1.597s] DEBUG:colcon.colcon_core.event_handler.log_command:Invoking command in '/home/maksmykha/Documents/RobotikProject/build/robotik_bringup': DEBUGINFOD_URLS=https://debuginfod.ubuntu.com PYTHONPATH=/home/maksmykha/Documents/RobotikProject/build/robotik_bringup/prefix_override:/usr/lib/python3/dist-packages/colcon_core/task/python/colcon_distutils_commands:/home/maksmykha/Documents/RobotikProject/install/robotik_bringup/lib/python3.12/site-packages:${PYTHONPATH} /usr/bin/python3 -W ignore:setup.py install is deprecated -W ignore:easy_install command is deprecated setup.py develop --editable --build-directory /home/maksmykha/Documents/RobotikProject/build/robotik_bringup/build --no-deps symlink_data
[1.604s] DEBUG:colcon.colcon_core.event_handler.log_command:Invoking command in '/home/maksmykha/Documents/RobotikProject/build/robotik_control': DEBUGINFOD_URLS=https://debuginfod.ubuntu.com PYTHONPATH=/home/maksmykha/Documents/RobotikProject/build/robotik_control/prefix_override:/usr/lib/python3/dist-packages/colcon_core/task/python/colcon_distutils_commands:/home/maksmykha/Documents/RobotikProject/install/robotik_control/lib/python3.12/site-packages:${PYTHONPATH} /usr/bin/python3 -W ignore:setup.py install is deprecated -W ignore:easy_install command is deprecated setup.py develop --editable --build-directory /home/maksmykha/Documents/RobotikProject/build/robotik_control/build --no-deps symlink_data
[1.951s] DEBUG:colcon.colcon_core.event_handler.log_command:Invoking command in '/home/maksmykha/Documents/RobotikProject/build/yolo_ros': CMAKE_PREFIX_PATH=/home/maksmykha/Documents/RobotikProject/install/yolo_msgs:/home/maksmykha/Documents/RobotikProject/install/yolo_bringup:/home/maksmykha/Documents/RobotikProject/install/robotik_description:/home/maksmykha/Documents/RobotikProject/install/robot_description:/opt/ros/jazzy/opt/gz_sim_vendor:/opt/ros/jazzy/opt/gz_sensors_vendor:/opt/ros/jazzy/opt/gz_physics_vendor:/opt/ros/jazzy/opt/sdformat_vendor:/opt/ros/jazzy/opt/gz_gui_vendor:/opt/ros/jazzy/opt/gz_transport_vendor:/opt/ros/jazzy/opt/gz_rendering_vendor:/opt/ros/jazzy/opt/gz_plugin_vendor:/opt/ros/jazzy/opt/gz_fuel_tools_vendor:/opt/ros/jazzy/opt/gz_msgs_vendor:/opt/ros/jazzy/opt/gz_common_vendor:/opt/ros/jazzy/opt/gz_math_vendor:/opt/ros/jazzy/opt/gz_utils_vendor:/opt/ros/jazzy/opt/gz_tools_vendor:/opt/ros/jazzy/opt/gz_ogre_next_vendor:/opt/ros/jazzy/opt/gz_dartsim_vendor:/opt/ros/jazzy/opt/gz_cmake_vendor DEBUGINFOD_URLS=https://debuginfod.ubuntu.com PYTHONPATH=/home/maksmykha/Documents/RobotikProject/build/yolo_ros/prefix_override:/usr/lib/python3/dist-packages/colcon_core/task/python/colcon_distutils_commands:/home/maksmykha/Documents/RobotikProject/install/yolo_ros/lib/python3.12/site-packages:/home/maksmykha/Documents/RobotikProject/install/yolo_msgs/lib/python3.12/site-packages:/home/maksmykha/Documents/RobotikProject/build/yolo_ros:/home/maksmykha/Documents/RobotikProject/install/yolo_ros/lib/python3.12/site-packages:/home/maksmykha/Documents/RobotikProject/build/robotik_vision:/home/maksmykha/Documents/RobotikProject/install/robotik_vision/lib/python3.12/site-packages:/home/maksmykha/Documents/RobotikProject/build/robotik_sorting:/home/maksmykha/Documents/RobotikProject/install/robotik_sorting/lib/python3.12/site-packages:/home/maksmykha/Documents/RobotikProject/build/robotik_gazebo:/home/maksmykha/Documents/RobotikProject/install/robotik_gazebo/lib/python3.12/site-packages:/home/maksmykha/Documents/RobotikProject/build/robotik_control:/home/maksmykha/Documents/RobotikProject/install/robotik_control/lib/python3.12/site-packages:/home/maksmykha/Documents/RobotikProject/build/robotik_bringup:/home/maksmykha/Documents/RobotikProject/install/robotik_bringup/lib/python3.12/site-packages:/opt/ros/jazzy/lib/python3.12/site-packages /usr/bin/python3 -W ignore:setup.py install is deprecated -W ignore:easy_install command is deprecated setup.py develop --editable --build-directory /home/maksmykha/Documents/RobotikProject/build/yolo_ros/build --no-deps symlink_data
[2.144s] Level 1:colcon.colcon_core.shell:create_environment_hook('robotik_sorting', 'pythonpath_develop')
[2.145s] INFO:colcon.colcon_core.shell:Creating environment hook '/home/maksmykha/Documents/RobotikProject/build/robotik_sorting/share/robotik_sorting/hook/pythonpath_develop.ps1'
[2.145s] INFO:colcon.colcon_core.shell:Creating environment descriptor '/home/maksmykha/Documents/RobotikProject/build/robotik_sorting/share/robotik_sorting/hook/pythonpath_develop.dsv'
[2.145s] INFO:colcon.colcon_core.shell:Creating environment hook '/home/maksmykha/Documents/RobotikProject/build/robotik_sorting/share/robotik_sorting/hook/pythonpath_develop.sh'
[2.146s] Level 1:colcon.colcon_core.environment:checking '/home/maksmykha/Documents/RobotikProject/install/robotik_sorting' for CMake module files
[2.148s] Level 1:colcon.colcon_core.environment:checking '/home/maksmykha/Documents/RobotikProject/install/robotik_sorting' for CMake config files
[2.148s] Level 1:colcon.colcon_core.environment:checking '/home/maksmykha/Documents/RobotikProject/install/robotik_sorting/lib'
[2.148s] Level 1:colcon.colcon_core.environment:checking '/home/maksmykha/Documents/RobotikProject/install/robotik_sorting/bin'
[2.148s] Level 1:colcon.colcon_core.environment:checking '/home/maksmykha/Documents/RobotikProject/install/robotik_sorting/lib/pkgconfig/robotik_sorting.pc'
[2.148s] DEBUG:colcon.colcon_core.event_handler.log_command:Invoked command in '/home/maksmykha/Documents/RobotikProject/build/robotik_sorting' returned '0': DEBUGINFOD_URLS=https://debuginfod.ubuntu.com PYTHONPATH=/home/maksmykha/Documents/RobotikProject/build/robotik_sorting/prefix_override:/usr/lib/python3/dist-packages/colcon_core/task/python/colcon_distutils_commands:/home/maksmykha/Documents/RobotikProject/install/robotik_sorting/lib/python3.12/site-packages:${PYTHONPATH} /usr/bin/python3 -W ignore:setup.py install is deprecated -W ignore:easy_install command is deprecated setup.py develop --editable --build-directory /home/maksmykha/Documents/RobotikProject/build/robotik_sorting/build --no-deps symlink_data
[2.149s] Level 1:colcon.colcon_core.environment:checking '/home/maksmykha/Documents/RobotikProject/install/robotik_sorting/lib/python3.12/site-packages'
[2.149s] Level 1:colcon.colcon_core.shell:create_environment_hook('robotik_sorting', 'pythonpath')
[2.149s] INFO:colcon.colcon_core.shell:Creating environment hook '/home/maksmykha/Documents/RobotikProject/install/robotik_sorting/share/robotik_sorting/hook/pythonpath.ps1'
[2.149s] INFO:colcon.colcon_core.shell:Creating environment descriptor '/home/maksmykha/Documents/RobotikProject/install/robotik_sorting/share/robotik_sorting/hook/pythonpath.dsv'
[2.149s] INFO:colcon.colcon_core.shell:Creating environment hook '/home/maksmykha/Documents/RobotikProject/install/robotik_sorting/share/robotik_sorting/hook/pythonpath.sh'
[2.150s] Level 1:colcon.colcon_core.environment:checking '/home/maksmykha/Documents/RobotikProject/install/robotik_sorting/bin'
[2.151s] Level 1:colcon.colcon_core.environment:create_environment_scripts_only(robotik_sorting)
[2.151s] INFO:colcon.colcon_core.shell:Creating package script '/home/maksmykha/Documents/RobotikProject/install/robotik_sorting/share/robotik_sorting/package.ps1'
[2.152s] INFO:colcon.colcon_core.shell:Creating package descriptor '/home/maksmykha/Documents/RobotikProject/install/robotik_sorting/share/robotik_sorting/package.dsv'
[2.152s] INFO:colcon.colcon_core.shell:Creating package script '/home/maksmykha/Documents/RobotikProject/install/robotik_sorting/share/robotik_sorting/package.sh'
[2.153s] INFO:colcon.colcon_core.shell:Creating package script '/home/maksmykha/Documents/RobotikProject/install/robotik_sorting/share/robotik_sorting/package.bash'
[2.153s] INFO:colcon.colcon_core.shell:Creating package script '/home/maksmykha/Documents/RobotikProject/install/robotik_sorting/share/robotik_sorting/package.zsh'
[2.153s] Level 1:colcon.colcon_core.environment:create_file_with_runtime_dependencies(/home/maksmykha/Documents/RobotikProject/install/robotik_sorting/share/colcon-core/packages/robotik_sorting)
[2.159s] Level 1:colcon.colcon_core.shell:create_environment_hook('robotik_bringup', 'pythonpath_develop')
[2.159s] INFO:colcon.colcon_core.shell:Creating environment hook '/home/maksmykha/Documents/RobotikProject/build/robotik_bringup/share/robotik_bringup/hook/pythonpath_develop.ps1'
[2.159s] INFO:colcon.colcon_core.shell:Creating environment descriptor '/home/maksmykha/Documents/RobotikProject/build/robotik_bringup/share/robotik_bringup/hook/pythonpath_develop.dsv'
[2.159s] INFO:colcon.colcon_core.shell:Creating environment hook '/home/maksmykha/Documents/RobotikProject/build/robotik_bringup/share/robotik_bringup/hook/pythonpath_develop.sh'
[2.160s] Level 1:colcon.colcon_core.environment:checking '/home/maksmykha/Documents/RobotikProject/install/robotik_bringup' for CMake module files
[2.160s] Level 1:colcon.colcon_core.environment:checking '/home/maksmykha/Documents/RobotikProject/install/robotik_bringup' for CMake config files
[2.161s] Level 1:colcon.colcon_core.environment:checking '/home/maksmykha/Documents/RobotikProject/install/robotik_bringup/lib'
[2.161s] Level 1:colcon.colcon_core.environment:checking '/home/maksmykha/Documents/RobotikProject/install/robotik_bringup/bin'
[2.161s] Level 1:colcon.colcon_core.environment:checking '/home/maksmykha/Documents/RobotikProject/install/robotik_bringup/lib/pkgconfig/robotik_bringup.pc'
[2.161s] Level 1:colcon.colcon_core.environment:checking '/home/maksmykha/Documents/RobotikProject/install/robotik_bringup/lib/python3.12/site-packages'
[2.161s] Level 1:colcon.colcon_core.shell:create_environment_hook('robotik_bringup', 'pythonpath')
[2.161s] INFO:colcon.colcon_core.shell:Creating environment hook '/home/maksmykha/Documents/RobotikProject/install/robotik_bringup/share/robotik_bringup/hook/pythonpath.ps1'
[2.161s] INFO:colcon.colcon_core.shell:Creating environment descriptor '/home/maksmykha/Documents/RobotikProject/install/robotik_bringup/share/robotik_bringup/hook/pythonpath.dsv'
[2.162s] DEBUG:colcon.colcon_core.event_handler.log_command:Invoked command in '/home/maksmykha/Documents/RobotikProject/build/robotik_bringup' returned '0': DEBUGINFOD_URLS=https://debuginfod.ubuntu.com PYTHONPATH=/home/maksmykha/Documents/RobotikProject/build/robotik_bringup/prefix_override:/usr/lib/python3/dist-packages/colcon_core/task/python/colcon_distutils_commands:/home/maksmykha/Documents/RobotikProject/install/robotik_bringup/lib/python3.12/site-packages:${PYTHONPATH} /usr/bin/python3 -W ignore:setup.py install is deprecated -W ignore:easy_install command is deprecated setup.py develop --editable --build-directory /home/maksmykha/Documents/RobotikProject/build/robotik_bringup/build --no-deps symlink_data
[2.162s] INFO:colcon.colcon_core.shell:Creating environment hook '/home/maksmykha/Documents/RobotikProject/install/robotik_bringup/share/robotik_bringup/hook/pythonpath.sh'
[2.163s] Level 1:colcon.colcon_core.environment:checking '/home/maksmykha/Documents/RobotikProject/install/robotik_bringup/bin'
[2.163s] Level 1:colcon.colcon_core.environment:create_environment_scripts_only(robotik_bringup)
[2.163s] INFO:colcon.colcon_core.shell:Creating package script '/home/maksmykha/Documents/RobotikProject/install/robotik_bringup/share/robotik_bringup/package.ps1'
[2.164s] INFO:colcon.colcon_core.shell:Creating package descriptor '/home/maksmykha/Documents/RobotikProject/install/robotik_bringup/share/robotik_bringup/package.dsv'
[2.164s] INFO:colcon.colcon_core.shell:Creating package script '/home/maksmykha/Documents/RobotikProject/install/robotik_bringup/share/robotik_bringup/package.sh'
[2.164s] INFO:colcon.colcon_core.shell:Creating package script '/home/maksmykha/Documents/RobotikProject/install/robotik_bringup/share/robotik_bringup/package.bash'
[2.165s] INFO:colcon.colcon_core.shell:Creating package script '/home/maksmykha/Documents/RobotikProject/install/robotik_bringup/share/robotik_bringup/package.zsh'
[2.165s] Level 1:colcon.colcon_core.environment:create_file_with_runtime_dependencies(/home/maksmykha/Documents/RobotikProject/install/robotik_bringup/share/colcon-core/packages/robotik_bringup)
[2.170s] Level 1:colcon.colcon_core.shell:create_environment_hook('robotik_vision', 'pythonpath_develop')
[2.170s] INFO:colcon.colcon_core.shell:Creating environment hook '/home/maksmykha/Documents/RobotikProject/build/robotik_vision/share/robotik_vision/hook/pythonpath_develop.ps1'
[2.171s] DEBUG:colcon.colcon_core.event_handler.log_command:Invoked command in '/home/maksmykha/Documents/RobotikProject/build/robotik_vision' returned '0': DEBUGINFOD_URLS=https://debuginfod.ubuntu.com PYTHONPATH=/home/maksmykha/Documents/RobotikProject/build/robotik_vision/prefix_override:/usr/lib/python3/dist-packages/colcon_core/task/python/colcon_distutils_commands:/home/maksmykha/Documents/RobotikProject/install/robotik_vision/lib/python3.12/site-packages:${PYTHONPATH} /usr/bin/python3 -W ignore:setup.py install is deprecated -W ignore:easy_install command is deprecated setup.py develop --editable --build-directory /home/maksmykha/Documents/RobotikProject/build/robotik_vision/build --no-deps symlink_data
[2.171s] INFO:colcon.colcon_core.shell:Creating environment descriptor '/home/maksmykha/Documents/RobotikProject/build/robotik_vision/share/robotik_vision/hook/pythonpath_develop.dsv'
[2.171s] INFO:colcon.colcon_core.shell:Creating environment hook '/home/maksmykha/Documents/RobotikProject/build/robotik_vision/share/robotik_vision/hook/pythonpath_develop.sh'
[2.172s] Level 1:colcon.colcon_core.environment:checking '/home/maksmykha/Documents/RobotikProject/install/robotik_vision' for CMake module files
[2.172s] Level 1:colcon.colcon_core.environment:checking '/home/maksmykha/Documents/RobotikProject/install/robotik_vision' for CMake config files
[2.173s] Level 1:colcon.colcon_core.environment:checking '/home/maksmykha/Documents/RobotikProject/install/robotik_vision/lib'
[2.173s] Level 1:colcon.colcon_core.environment:checking '/home/maksmykha/Documents/RobotikProject/install/robotik_vision/bin'
[2.173s] Level 1:colcon.colcon_core.environment:checking '/home/maksmykha/Documents/RobotikProject/install/robotik_vision/lib/pkgconfig/robotik_vision.pc'
[2.173s] Level 1:colcon.colcon_core.environment:checking '/home/maksmykha/Documents/RobotikProject/install/robotik_vision/lib/python3.12/site-packages'
[2.173s] Level 1:colcon.colcon_core.shell:create_environment_hook('robotik_vision', 'pythonpath')
[2.173s] INFO:colcon.colcon_core.shell:Creating environment hook '/home/maksmykha/Documents/RobotikProject/install/robotik_vision/share/robotik_vision/hook/pythonpath.ps1'
[2.173s] INFO:colcon.colcon_core.shell:Creating environment descriptor '/home/maksmykha/Documents/RobotikProject/install/robotik_vision/share/robotik_vision/hook/pythonpath.dsv'
[2.174s] INFO:colcon.colcon_core.shell:Creating environment hook '/home/maksmykha/Documents/RobotikProject/install/robotik_vision/share/robotik_vision/hook/pythonpath.sh'
[2.174s] Level 1:colcon.colcon_core.environment:checking '/home/maksmykha/Documents/RobotikProject/install/robotik_vision/bin'
[2.174s] Level 1:colcon.colcon_core.environment:create_environment_scripts_only(robotik_vision)
[2.174s] INFO:colcon.colcon_core.shell:Creating package script '/home/maksmykha/Documents/RobotikProject/install/robotik_vision/share/robotik_vision/package.ps1'
[2.174s] INFO:colcon.colcon_core.shell:Creating package descriptor '/home/maksmykha/Documents/RobotikProject/install/robotik_vision/share/robotik_vision/package.dsv'
[2.175s] INFO:colcon.colcon_core.shell:Creating package script '/home/maksmykha/Documents/RobotikProject/install/robotik_vision/share/robotik_vision/package.sh'
[2.175s] INFO:colcon.colcon_core.shell:Creating package script '/home/maksmykha/Documents/RobotikProject/install/robotik_vision/share/robotik_vision/package.bash'
[2.175s] INFO:colcon.colcon_core.shell:Creating package script '/home/maksmykha/Documents/RobotikProject/install/robotik_vision/share/robotik_vision/package.zsh'
[2.175s] Level 1:colcon.colcon_core.environment:create_file_with_runtime_dependencies(/home/maksmykha/Documents/RobotikProject/install/robotik_vision/share/colcon-core/packages/robotik_vision)
[2.175s] Level 1:colcon.colcon_core.shell:create_environment_hook('robotik_control', 'pythonpath_develop')
[2.176s] INFO:colcon.colcon_core.shell:Creating environment hook '/home/maksmykha/Documents/RobotikProject/build/robotik_control/share/robotik_control/hook/pythonpath_develop.ps1'
[2.176s] INFO:colcon.colcon_core.shell:Creating environment descriptor '/home/maksmykha/Documents/RobotikProject/build/robotik_control/share/robotik_control/hook/pythonpath_develop.dsv'
[2.177s] DEBUG:colcon.colcon_core.event_handler.log_command:Invoked command in '/home/maksmykha/Documents/RobotikProject/build/robotik_control' returned '0': DEBUGINFOD_URLS=https://debuginfod.ubuntu.com PYTHONPATH=/home/maksmykha/Documents/RobotikProject/build/robotik_control/prefix_override:/usr/lib/python3/dist-packages/colcon_core/task/python/colcon_distutils_commands:/home/maksmykha/Documents/RobotikProject/install/robotik_control/lib/python3.12/site-packages:${PYTHONPATH} /usr/bin/python3 -W ignore:setup.py install is deprecated -W ignore:easy_install command is deprecated setup.py develop --editable --build-directory /home/maksmykha/Documents/RobotikProject/build/robotik_control/build --no-deps symlink_data
[2.177s] INFO:colcon.colcon_core.shell:Creating environment hook '/home/maksmykha/Documents/RobotikProject/build/robotik_control/share/robotik_control/hook/pythonpath_develop.sh'
[2.177s] Level 1:colcon.colcon_core.environment:checking '/home/maksmykha/Documents/RobotikProject/install/robotik_control' for CMake module files
[2.178s] Level 1:colcon.colcon_core.environment:checking '/home/maksmykha/Documents/RobotikProject/install/robotik_control' for CMake config files
[2.178s] Level 1:colcon.colcon_core.environment:checking '/home/maksmykha/Documents/RobotikProject/install/robotik_control/lib'
[2.178s] Level 1:colcon.colcon_core.environment:checking '/home/maksmykha/Documents/RobotikProject/install/robotik_control/bin'
[2.178s] Level 1:colcon.colcon_core.environment:checking '/home/maksmykha/Documents/RobotikProject/install/robotik_control/lib/pkgconfig/robotik_control.pc'
[2.178s] Level 1:colcon.colcon_core.environment:checking '/home/maksmykha/Documents/RobotikProject/install/robotik_control/lib/python3.12/site-packages'
[2.178s] Level 1:colcon.colcon_core.shell:create_environment_hook('robotik_control', 'pythonpath')
[2.178s] INFO:colcon.colcon_core.shell:Creating environment hook '/home/maksmykha/Documents/RobotikProject/install/robotik_control/share/robotik_control/hook/pythonpath.ps1'
[2.179s] INFO:colcon.colcon_core.shell:Creating environment descriptor '/home/maksmykha/Documents/RobotikProject/install/robotik_control/share/robotik_control/hook/pythonpath.dsv'
[2.179s] INFO:colcon.colcon_core.shell:Creating environment hook '/home/maksmykha/Documents/RobotikProject/install/robotik_control/share/robotik_control/hook/pythonpath.sh'
[2.179s] Level 1:colcon.colcon_core.environment:checking '/home/maksmykha/Documents/RobotikProject/install/robotik_control/bin'
[2.179s] Level 1:colcon.colcon_core.environment:create_environment_scripts_only(robotik_control)
[2.179s] INFO:colcon.colcon_core.shell:Creating package script '/home/maksmykha/Documents/RobotikProject/install/robotik_control/share/robotik_control/package.ps1'
[2.180s] INFO:colcon.colcon_core.shell:Creating package descriptor '/home/maksmykha/Documents/RobotikProject/install/robotik_control/share/robotik_control/package.dsv'
[2.180s] INFO:colcon.colcon_core.shell:Creating package script '/home/maksmykha/Documents/RobotikProject/install/robotik_control/share/robotik_control/package.sh'
[2.180s] INFO:colcon.colcon_core.shell:Creating package script '/home/maksmykha/Documents/RobotikProject/install/robotik_control/share/robotik_control/package.bash'
[2.181s] INFO:colcon.colcon_core.shell:Creating package script '/home/maksmykha/Documents/RobotikProject/install/robotik_control/share/robotik_control/package.zsh'
[2.181s] Level 1:colcon.colcon_core.environment:create_file_with_runtime_dependencies(/home/maksmykha/Documents/RobotikProject/install/robotik_control/share/colcon-core/packages/robotik_control)
[2.204s] Level 1:colcon.colcon_core.shell:create_environment_hook('robotik_gazebo', 'pythonpath_develop')
[2.204s] INFO:colcon.colcon_core.shell:Creating environment hook '/home/maksmykha/Documents/RobotikProject/build/robotik_gazebo/share/robotik_gazebo/hook/pythonpath_develop.ps1'
[2.205s] DEBUG:colcon.colcon_core.event_handler.log_command:Invoked command in '/home/maksmykha/Documents/RobotikProject/build/robotik_gazebo' returned '0': DEBUGINFOD_URLS=https://debuginfod.ubuntu.com PYTHONPATH=/home/maksmykha/Documents/RobotikProject/build/robotik_gazebo/prefix_override:/usr/lib/python3/dist-packages/colcon_core/task/python/colcon_distutils_commands:/home/maksmykha/Documents/RobotikProject/install/robotik_gazebo/lib/python3.12/site-packages:${PYTHONPATH} /usr/bin/python3 -W ignore:setup.py install is deprecated -W ignore:easy_install command is deprecated setup.py develop --editable --build-directory /home/maksmykha/Documents/RobotikProject/build/robotik_gazebo/build --no-deps symlink_data
[2.205s] INFO:colcon.colcon_core.shell:Creating environment descriptor '/home/maksmykha/Documents/RobotikProject/build/robotik_gazebo/share/robotik_gazebo/hook/pythonpath_develop.dsv'
[2.205s] INFO:colcon.colcon_core.shell:Creating environment hook '/home/maksmykha/Documents/RobotikProject/build/robotik_gazebo/share/robotik_gazebo/hook/pythonpath_develop.sh'
[2.206s] Level 1:colcon.colcon_core.environment:checking '/home/maksmykha/Documents/RobotikProject/install/robotik_gazebo' for CMake module files
[2.206s] Level 1:colcon.colcon_core.environment:checking '/home/maksmykha/Documents/RobotikProject/install/robotik_gazebo' for CMake config files
[2.207s] Level 1:colcon.colcon_core.environment:checking '/home/maksmykha/Documents/RobotikProject/install/robotik_gazebo/lib'
[2.207s] Level 1:colcon.colcon_core.environment:checking '/home/maksmykha/Documents/RobotikProject/install/robotik_gazebo/bin'
[2.207s] Level 1:colcon.colcon_core.environment:checking '/home/maksmykha/Documents/RobotikProject/install/robotik_gazebo/lib/pkgconfig/robotik_gazebo.pc'
[2.207s] Level 1:colcon.colcon_core.environment:checking '/home/maksmykha/Documents/RobotikProject/install/robotik_gazebo/lib/python3.12/site-packages'
[2.207s] Level 1:colcon.colcon_core.shell:create_environment_hook('robotik_gazebo', 'pythonpath')
[2.207s] INFO:colcon.colcon_core.shell:Creating environment hook '/home/maksmykha/Documents/RobotikProject/install/robotik_gazebo/share/robotik_gazebo/hook/pythonpath.ps1'
[2.207s] INFO:colcon.colcon_core.shell:Creating environment descriptor '/home/maksmykha/Documents/RobotikProject/install/robotik_gazebo/share/robotik_gazebo/hook/pythonpath.dsv'
[2.207s] INFO:colcon.colcon_core.shell:Creating environment hook '/home/maksmykha/Documents/RobotikProject/install/robotik_gazebo/share/robotik_gazebo/hook/pythonpath.sh'
[2.208s] Level 1:colcon.colcon_core.environment:checking '/home/maksmykha/Documents/RobotikProject/install/robotik_gazebo/bin'
[2.208s] Level 1:colcon.colcon_core.environment:create_environment_scripts_only(robotik_gazebo)
[2.208s] INFO:colcon.colcon_core.shell:Creating package script '/home/maksmykha/Documents/RobotikProject/install/robotik_gazebo/share/robotik_gazebo/package.ps1'
[2.208s] INFO:colcon.colcon_core.shell:Creating package descriptor '/home/maksmykha/Documents/RobotikProject/install/robotik_gazebo/share/robotik_gazebo/package.dsv'
[2.209s] INFO:colcon.colcon_core.shell:Creating package script '/home/maksmykha/Documents/RobotikProject/install/robotik_gazebo/share/robotik_gazebo/package.sh'
[2.209s] INFO:colcon.colcon_core.shell:Creating package script '/home/maksmykha/Documents/RobotikProject/install/robotik_gazebo/share/robotik_gazebo/package.bash'
[2.209s] INFO:colcon.colcon_core.shell:Creating package script '/home/maksmykha/Documents/RobotikProject/install/robotik_gazebo/share/robotik_gazebo/package.zsh'
[2.209s] Level 1:colcon.colcon_core.environment:create_file_with_runtime_dependencies(/home/maksmykha/Documents/RobotikProject/install/robotik_gazebo/share/colcon-core/packages/robotik_gazebo)
[2.395s] Level 1:colcon.colcon_core.shell:create_environment_hook('yolo_ros', 'pythonpath_develop')
[2.395s] INFO:colcon.colcon_core.shell:Creating environment hook '/home/maksmykha/Documents/RobotikProject/build/yolo_ros/share/yolo_ros/hook/pythonpath_develop.ps1'
[2.396s] INFO:colcon.colcon_core.shell:Creating environment descriptor '/home/maksmykha/Documents/RobotikProject/build/yolo_ros/share/yolo_ros/hook/pythonpath_develop.dsv'
[2.396s] INFO:colcon.colcon_core.shell:Creating environment hook '/home/maksmykha/Documents/RobotikProject/build/yolo_ros/share/yolo_ros/hook/pythonpath_develop.sh'
[2.397s] DEBUG:colcon.colcon_core.event_handler.log_command:Invoked command in '/home/maksmykha/Documents/RobotikProject/build/yolo_ros' returned '0': CMAKE_PREFIX_PATH=/home/maksmykha/Documents/RobotikProject/install/yolo_msgs:/home/maksmykha/Documents/RobotikProject/install/yolo_bringup:/home/maksmykha/Documents/RobotikProject/install/robotik_description:/home/maksmykha/Documents/RobotikProject/install/robot_description:/opt/ros/jazzy/opt/gz_sim_vendor:/opt/ros/jazzy/opt/gz_sensors_vendor:/opt/ros/jazzy/opt/gz_physics_vendor:/opt/ros/jazzy/opt/sdformat_vendor:/opt/ros/jazzy/opt/gz_gui_vendor:/opt/ros/jazzy/opt/gz_transport_vendor:/opt/ros/jazzy/opt/gz_rendering_vendor:/opt/ros/jazzy/opt/gz_plugin_vendor:/opt/ros/jazzy/opt/gz_fuel_tools_vendor:/opt/ros/jazzy/opt/gz_msgs_vendor:/opt/ros/jazzy/opt/gz_common_vendor:/opt/ros/jazzy/opt/gz_math_vendor:/opt/ros/jazzy/opt/gz_utils_vendor:/opt/ros/jazzy/opt/gz_tools_vendor:/opt/ros/jazzy/opt/gz_ogre_next_vendor:/opt/ros/jazzy/opt/gz_dartsim_vendor:/opt/ros/jazzy/opt/gz_cmake_vendor DEBUGINFOD_URLS=https://debuginfod.ubuntu.com PYTHONPATH=/home/maksmykha/Documents/RobotikProject/build/yolo_ros/prefix_override:/usr/lib/python3/dist-packages/colcon_core/task/python/colcon_distutils_commands:/home/maksmykha/Documents/RobotikProject/install/yolo_ros/lib/python3.12/site-packages:/home/maksmykha/Documents/RobotikProject/install/yolo_msgs/lib/python3.12/site-packages:/home/maksmykha/Documents/RobotikProject/build/yolo_ros:/home/maksmykha/Documents/RobotikProject/install/yolo_ros/lib/python3.12/site-packages:/home/maksmykha/Documents/RobotikProject/build/robotik_vision:/home/maksmykha/Documents/RobotikProject/install/robotik_vision/lib/python3.12/site-packages:/home/maksmykha/Documents/RobotikProject/build/robotik_sorting:/home/maksmykha/Documents/RobotikProject/install/robotik_sorting/lib/python3.12/site-packages:/home/maksmykha/Documents/RobotikProject/build/robotik_gazebo:/home/maksmykha/Documents/RobotikProject/install/robotik_gazebo/lib/python3.12/site-packages:/home/maksmykha/Documents/RobotikProject/build/robotik_control:/home/maksmykha/Documents/RobotikProject/install/robotik_control/lib/python3.12/site-packages:/home/maksmykha/Documents/RobotikProject/build/robotik_bringup:/home/maksmykha/Documents/RobotikProject/install/robotik_bringup/lib/python3.12/site-packages:/opt/ros/jazzy/lib/python3.12/site-packages /usr/bin/python3 -W ignore:setup.py install is deprecated -W ignore:easy_install command is deprecated setup.py develop --editable --build-directory /home/maksmykha/Documents/RobotikProject/build/yolo_ros/build --no-deps symlink_data
[2.397s] Level 1:colcon.colcon_core.environment:checking '/home/maksmykha/Documents/RobotikProject/install/yolo_ros' for CMake module files
[2.397s] Level 1:colcon.colcon_core.environment:checking '/home/maksmykha/Documents/RobotikProject/install/yolo_ros' for CMake config files
[2.398s] Level 1:colcon.colcon_core.environment:checking '/home/maksmykha/Documents/RobotikProject/install/yolo_ros/lib'
[2.398s] Level 1:colcon.colcon_core.environment:checking '/home/maksmykha/Documents/RobotikProject/install/yolo_ros/bin'
[2.398s] Level 1:colcon.colcon_core.environment:checking '/home/maksmykha/Documents/RobotikProject/install/yolo_ros/lib/pkgconfig/yolo_ros.pc'
[2.398s] Level 1:colcon.colcon_core.environment:checking '/home/maksmykha/Documents/RobotikProject/install/yolo_ros/lib/python3.12/site-packages'
[2.398s] Level 1:colcon.colcon_core.shell:create_environment_hook('yolo_ros', 'pythonpath')
[2.398s] INFO:colcon.colcon_core.shell:Creating environment hook '/home/maksmykha/Documents/RobotikProject/install/yolo_ros/share/yolo_ros/hook/pythonpath.ps1'
[2.398s] INFO:colcon.colcon_core.shell:Creating environment descriptor '/home/maksmykha/Documents/RobotikProject/install/yolo_ros/share/yolo_ros/hook/pythonpath.dsv'
[2.398s] INFO:colcon.colcon_core.shell:Creating environment hook '/home/maksmykha/Documents/RobotikProject/install/yolo_ros/share/yolo_ros/hook/pythonpath.sh'
[2.399s] Level 1:colcon.colcon_core.environment:checking '/home/maksmykha/Documents/RobotikProject/install/yolo_ros/bin'
[2.399s] Level 1:colcon.colcon_core.environment:create_environment_scripts_only(yolo_ros)
[2.399s] INFO:colcon.colcon_core.shell:Creating package script '/home/maksmykha/Documents/RobotikProject/install/yolo_ros/share/yolo_ros/package.ps1'
[2.399s] INFO:colcon.colcon_core.shell:Creating package descriptor '/home/maksmykha/Documents/RobotikProject/install/yolo_ros/share/yolo_ros/package.dsv'
[2.400s] INFO:colcon.colcon_core.shell:Creating package script '/home/maksmykha/Documents/RobotikProject/install/yolo_ros/share/yolo_ros/package.sh'
[2.400s] INFO:colcon.colcon_core.shell:Creating package script '/home/maksmykha/Documents/RobotikProject/install/yolo_ros/share/yolo_ros/package.bash'
[2.400s] INFO:colcon.colcon_core.shell:Creating package script '/home/maksmykha/Documents/RobotikProject/install/yolo_ros/share/yolo_ros/package.zsh'
[2.400s] Level 1:colcon.colcon_core.environment:create_file_with_runtime_dependencies(/home/maksmykha/Documents/RobotikProject/install/yolo_ros/share/colcon-core/packages/yolo_ros)
[2.400s] INFO:colcon.colcon_ros.task.ament_cmake.build:Building ROS package in '/home/maksmykha/Documents/RobotikProject/src/yolo_ros/yolo_bringup' with build type 'ament_cmake'
[2.400s] INFO:colcon.colcon_cmake.task.cmake.build:Building CMake package in '/home/maksmykha/Documents/RobotikProject/src/yolo_ros/yolo_bringup'
[2.401s] INFO:colcon.colcon_core.shell:Skip shell extension 'powershell' for command environment: Not usable outside of PowerShell
[2.401s] DEBUG:colcon.colcon_core.shell:Skip shell extension 'dsv' for command environment
[2.410s] DEBUG:colcon.colcon_core.event_handler.log_command:Invoking command in '/home/maksmykha/Documents/RobotikProject/build/yolo_bringup': AMENT_PREFIX_PATH=/home/maksmykha/Documents/RobotikProject/install/yolo_ros:/home/maksmykha/Documents/RobotikProject/install/yolo_bringup:/home/maksmykha/Documents/RobotikProject/install/yolo_msgs:/home/maksmykha/Documents/RobotikProject/install/robotik_vision:/home/maksmykha/Documents/RobotikProject/install/robotik_sorting:/home/maksmykha/Documents/RobotikProject/install/robotik_gazebo:/home/maksmykha/Documents/RobotikProject/install/robotik_description:/home/maksmykha/Documents/RobotikProject/install/robotik_control:/home/maksmykha/Documents/RobotikProject/install/robotik_bringup:/home/maksmykha/Documents/RobotikProject/install/robot_description:/opt/ros/jazzy CMAKE_PREFIX_PATH=/home/maksmykha/Documents/RobotikProject/install/yolo_msgs:/home/maksmykha/Documents/RobotikProject/install/yolo_bringup:/home/maksmykha/Documents/RobotikProject/install/robotik_description:/home/maksmykha/Documents/RobotikProject/install/robot_description:/opt/ros/jazzy/opt/gz_sim_vendor:/opt/ros/jazzy/opt/gz_sensors_vendor:/opt/ros/jazzy/opt/gz_physics_vendor:/opt/ros/jazzy/opt/sdformat_vendor:/opt/ros/jazzy/opt/gz_gui_vendor:/opt/ros/jazzy/opt/gz_transport_vendor:/opt/ros/jazzy/opt/gz_rendering_vendor:/opt/ros/jazzy/opt/gz_plugin_vendor:/opt/ros/jazzy/opt/gz_fuel_tools_vendor:/opt/ros/jazzy/opt/gz_msgs_vendor:/opt/ros/jazzy/opt/gz_common_vendor:/opt/ros/jazzy/opt/gz_math_vendor:/opt/ros/jazzy/opt/gz_utils_vendor:/opt/ros/jazzy/opt/gz_tools_vendor:/opt/ros/jazzy/opt/gz_ogre_next_vendor:/opt/ros/jazzy/opt/gz_dartsim_vendor:/opt/ros/jazzy/opt/gz_cmake_vendor:/home/maksmykha/Documents/RobotikProject/install/yolo_ros:/home/maksmykha/Documents/RobotikProject/install/robotik_vision:/home/maksmykha/Documents/RobotikProject/install/robotik_sorting:/home/maksmykha/Documents/RobotikProject/install/robotik_gazebo:/home/maksmykha/Documents/RobotikProject/install/robotik_control:/home/maksmykha/Documents/RobotikProject/install/robotik_bringup:/opt/ros/jazzy DEBUGINFOD_URLS=https://debuginfod.ubuntu.com /usr/bin/cmake --build /home/maksmykha/Documents/RobotikProject/build/yolo_bringup -- -j8 -l8
[2.441s] DEBUG:colcon.colcon_core.event_handler.log_command:Invoked command in '/home/maksmykha/Documents/RobotikProject/build/yolo_bringup' returned '0': AMENT_PREFIX_PATH=/home/maksmykha/Documents/RobotikProject/install/yolo_ros:/home/maksmykha/Documents/RobotikProject/install/yolo_bringup:/home/maksmykha/Documents/RobotikProject/install/yolo_msgs:/home/maksmykha/Documents/RobotikProject/install/robotik_vision:/home/maksmykha/Documents/RobotikProject/install/robotik_sorting:/home/maksmykha/Documents/RobotikProject/install/robotik_gazebo:/home/maksmykha/Documents/RobotikProject/install/robotik_description:/home/maksmykha/Documents/RobotikProject/install/robotik_control:/home/maksmykha/Documents/RobotikProject/install/robotik_bringup:/home/maksmykha/Documents/RobotikProject/install/robot_description:/opt/ros/jazzy CMAKE_PREFIX_PATH=/home/maksmykha/Documents/RobotikProject/install/yolo_msgs:/home/maksmykha/Documents/RobotikProject/install/yolo_bringup:/home/maksmykha/Documents/RobotikProject/install/robotik_description:/home/maksmykha/Documents/RobotikProject/install/robot_description:/opt/ros/jazzy/opt/gz_sim_vendor:/opt/ros/jazzy/opt/gz_sensors_vendor:/opt/ros/jazzy/opt/gz_physics_vendor:/opt/ros/jazzy/opt/sdformat_vendor:/opt/ros/jazzy/opt/gz_gui_vendor:/opt/ros/jazzy/opt/gz_transport_vendor:/opt/ros/jazzy/opt/gz_rendering_vendor:/opt/ros/jazzy/opt/gz_plugin_vendor:/opt/ros/jazzy/opt/gz_fuel_tools_vendor:/opt/ros/jazzy/opt/gz_msgs_vendor:/opt/ros/jazzy/opt/gz_common_vendor:/opt/ros/jazzy/opt/gz_math_vendor:/opt/ros/jazzy/opt/gz_utils_vendor:/opt/ros/jazzy/opt/gz_tools_vendor:/opt/ros/jazzy/opt/gz_ogre_next_vendor:/opt/ros/jazzy/opt/gz_dartsim_vendor:/opt/ros/jazzy/opt/gz_cmake_vendor:/home/maksmykha/Documents/RobotikProject/install/yolo_ros:/home/maksmykha/Documents/RobotikProject/install/robotik_vision:/home/maksmykha/Documents/RobotikProject/install/robotik_sorting:/home/maksmykha/Documents/RobotikProject/install/robotik_gazebo:/home/maksmykha/Documents/RobotikProject/install/robotik_control:/home/maksmykha/Documents/RobotikProject/install/robotik_bringup:/opt/ros/jazzy DEBUGINFOD_URLS=https://debuginfod.ubuntu.com /usr/bin/cmake --build /home/maksmykha/Documents/RobotikProject/build/yolo_bringup -- -j8 -l8
[2.442s] DEBUG:colcon.colcon_core.event_handler.log_command:Invoking command in '/home/maksmykha/Documents/RobotikProject/build/yolo_bringup': AMENT_PREFIX_PATH=/home/maksmykha/Documents/RobotikProject/install/yolo_ros:/home/maksmykha/Documents/RobotikProject/install/yolo_bringup:/home/maksmykha/Documents/RobotikProject/install/yolo_msgs:/home/maksmykha/Documents/RobotikProject/install/robotik_vision:/home/maksmykha/Documents/RobotikProject/install/robotik_sorting:/home/maksmykha/Documents/RobotikProject/install/robotik_gazebo:/home/maksmykha/Documents/RobotikProject/install/robotik_description:/home/maksmykha/Documents/RobotikProject/install/robotik_control:/home/maksmykha/Documents/RobotikProject/install/robotik_bringup:/home/maksmykha/Documents/RobotikProject/install/robot_description:/opt/ros/jazzy CMAKE_PREFIX_PATH=/home/maksmykha/Documents/RobotikProject/install/yolo_msgs:/home/maksmykha/Documents/RobotikProject/install/yolo_bringup:/home/maksmykha/Documents/RobotikProject/install/robotik_description:/home/maksmykha/Documents/RobotikProject/install/robot_description:/opt/ros/jazzy/opt/gz_sim_vendor:/opt/ros/jazzy/opt/gz_sensors_vendor:/opt/ros/jazzy/opt/gz_physics_vendor:/opt/ros/jazzy/opt/sdformat_vendor:/opt/ros/jazzy/opt/gz_gui_vendor:/opt/ros/jazzy/opt/gz_transport_vendor:/opt/ros/jazzy/opt/gz_rendering_vendor:/opt/ros/jazzy/opt/gz_plugin_vendor:/opt/ros/jazzy/opt/gz_fuel_tools_vendor:/opt/ros/jazzy/opt/gz_msgs_vendor:/opt/ros/jazzy/opt/gz_common_vendor:/opt/ros/jazzy/opt/gz_math_vendor:/opt/ros/jazzy/opt/gz_utils_vendor:/opt/ros/jazzy/opt/gz_tools_vendor:/opt/ros/jazzy/opt/gz_ogre_next_vendor:/opt/ros/jazzy/opt/gz_dartsim_vendor:/opt/ros/jazzy/opt/gz_cmake_vendor:/home/maksmykha/Documents/RobotikProject/install/yolo_ros:/home/maksmykha/Documents/RobotikProject/install/robotik_vision:/home/maksmykha/Documents/RobotikProject/install/robotik_sorting:/home/maksmykha/Documents/RobotikProject/install/robotik_gazebo:/home/maksmykha/Documents/RobotikProject/install/robotik_control:/home/maksmykha/Documents/RobotikProject/install/robotik_bringup:/opt/ros/jazzy DEBUGINFOD_URLS=https://debuginfod.ubuntu.com /usr/bin/cmake --install /home/maksmykha/Documents/RobotikProject/build/yolo_bringup
[2.456s] Level 1:colcon.colcon_core.environment:create_environment_scripts_only(yolo_bringup)
[2.457s] Level 1:colcon.colcon_core.environment:checking '/home/maksmykha/Documents/RobotikProject/install/yolo_bringup' for CMake module files
[2.457s] DEBUG:colcon.colcon_core.event_handler.log_command:Invoked command in '/home/maksmykha/Documents/RobotikProject/build/yolo_bringup' returned '0': AMENT_PREFIX_PATH=/home/maksmykha/Documents/RobotikProject/install/yolo_ros:/home/maksmykha/Documents/RobotikProject/install/yolo_bringup:/home/maksmykha/Documents/RobotikProject/install/yolo_msgs:/home/maksmykha/Documents/RobotikProject/install/robotik_vision:/home/maksmykha/Documents/RobotikProject/install/robotik_sorting:/home/maksmykha/Documents/RobotikProject/install/robotik_gazebo:/home/maksmykha/Documents/RobotikProject/install/robotik_description:/home/maksmykha/Documents/RobotikProject/install/robotik_control:/home/maksmykha/Documents/RobotikProject/install/robotik_bringup:/home/maksmykha/Documents/RobotikProject/install/robot_description:/opt/ros/jazzy CMAKE_PREFIX_PATH=/home/maksmykha/Documents/RobotikProject/install/yolo_msgs:/home/maksmykha/Documents/RobotikProject/install/yolo_bringup:/home/maksmykha/Documents/RobotikProject/install/robotik_description:/home/maksmykha/Documents/RobotikProject/install/robot_description:/opt/ros/jazzy/opt/gz_sim_vendor:/opt/ros/jazzy/opt/gz_sensors_vendor:/opt/ros/jazzy/opt/gz_physics_vendor:/opt/ros/jazzy/opt/sdformat_vendor:/opt/ros/jazzy/opt/gz_gui_vendor:/opt/ros/jazzy/opt/gz_transport_vendor:/opt/ros/jazzy/opt/gz_rendering_vendor:/opt/ros/jazzy/opt/gz_plugin_vendor:/opt/ros/jazzy/opt/gz_fuel_tools_vendor:/opt/ros/jazzy/opt/gz_msgs_vendor:/opt/ros/jazzy/opt/gz_common_vendor:/opt/ros/jazzy/opt/gz_math_vendor:/opt/ros/jazzy/opt/gz_utils_vendor:/opt/ros/jazzy/opt/gz_tools_vendor:/opt/ros/jazzy/opt/gz_ogre_next_vendor:/opt/ros/jazzy/opt/gz_dartsim_vendor:/opt/ros/jazzy/opt/gz_cmake_vendor:/home/maksmykha/Documents/RobotikProject/install/yolo_ros:/home/maksmykha/Documents/RobotikProject/install/robotik_vision:/home/maksmykha/Documents/RobotikProject/install/robotik_sorting:/home/maksmykha/Documents/RobotikProject/install/robotik_gazebo:/home/maksmykha/Documents/RobotikProject/install/robotik_control:/home/maksmykha/Documents/RobotikProject/install/robotik_bringup:/opt/ros/jazzy DEBUGINFOD_URLS=https://debuginfod.ubuntu.com /usr/bin/cmake --install /home/maksmykha/Documents/RobotikProject/build/yolo_bringup
[2.457s] Level 1:colcon.colcon_core.environment:checking '/home/maksmykha/Documents/RobotikProject/install/yolo_bringup' for CMake config files
[2.457s] Level 1:colcon.colcon_core.shell:create_environment_hook('yolo_bringup', 'cmake_prefix_path')
[2.457s] INFO:colcon.colcon_core.shell:Creating environment hook '/home/maksmykha/Documents/RobotikProject/install/yolo_bringup/share/yolo_bringup/hook/cmake_prefix_path.ps1'
[2.458s] INFO:colcon.colcon_core.shell:Creating environment descriptor '/home/maksmykha/Documents/RobotikProject/install/yolo_bringup/share/yolo_bringup/hook/cmake_prefix_path.dsv'
[2.458s] INFO:colcon.colcon_core.shell:Creating environment hook '/home/maksmykha/Documents/RobotikProject/install/yolo_bringup/share/yolo_bringup/hook/cmake_prefix_path.sh'
[2.458s] Level 1:colcon.colcon_core.environment:checking '/home/maksmykha/Documents/RobotikProject/install/yolo_bringup/bin'
[2.458s] Level 1:colcon.colcon_core.environment:checking '/home/maksmykha/Documents/RobotikProject/install/yolo_bringup/lib/pkgconfig/yolo_bringup.pc'
[2.458s] Level 1:colcon.colcon_core.environment:checking '/home/maksmykha/Documents/RobotikProject/install/yolo_bringup/lib/python3.12/site-packages'
[2.458s] Level 1:colcon.colcon_core.environment:checking '/home/maksmykha/Documents/RobotikProject/install/yolo_bringup/bin'
[2.459s] INFO:colcon.colcon_core.shell:Creating package script '/home/maksmykha/Documents/RobotikProject/install/yolo_bringup/share/yolo_bringup/package.ps1'
[2.459s] INFO:colcon.colcon_core.shell:Creating package descriptor '/home/maksmykha/Documents/RobotikProject/install/yolo_bringup/share/yolo_bringup/package.dsv'
[2.459s] INFO:colcon.colcon_core.shell:Creating package script '/home/maksmykha/Documents/RobotikProject/install/yolo_bringup/share/yolo_bringup/package.sh'
[2.459s] INFO:colcon.colcon_core.shell:Creating package script '/home/maksmykha/Documents/RobotikProject/install/yolo_bringup/share/yolo_bringup/package.bash'
[2.459s] INFO:colcon.colcon_core.shell:Creating package script '/home/maksmykha/Documents/RobotikProject/install/yolo_bringup/share/yolo_bringup/package.zsh'
[2.459s] Level 1:colcon.colcon_core.environment:create_file_with_runtime_dependencies(/home/maksmykha/Documents/RobotikProject/install/yolo_bringup/share/colcon-core/packages/yolo_bringup)
[2.460s] Level 1:colcon.colcon_core.environment:create_environment_scripts_only(yolo_bringup)
[2.460s] Level 1:colcon.colcon_core.environment:checking '/home/maksmykha/Documents/RobotikProject/install/yolo_bringup' for CMake module files
[2.460s] Level 1:colcon.colcon_core.environment:checking '/home/maksmykha/Documents/RobotikProject/install/yolo_bringup' for CMake config files
[2.460s] Level 1:colcon.colcon_core.shell:create_environment_hook('yolo_bringup', 'cmake_prefix_path')
[2.460s] INFO:colcon.colcon_core.shell:Creating environment hook '/home/maksmykha/Documents/RobotikProject/install/yolo_bringup/share/yolo_bringup/hook/cmake_prefix_path.ps1'
[2.460s] INFO:colcon.colcon_core.shell:Creating environment descriptor '/home/maksmykha/Documents/RobotikProject/install/yolo_bringup/share/yolo_bringup/hook/cmake_prefix_path.dsv'
[2.461s] INFO:colcon.colcon_core.shell:Creating environment hook '/home/maksmykha/Documents/RobotikProject/install/yolo_bringup/share/yolo_bringup/hook/cmake_prefix_path.sh'
[2.461s] Level 1:colcon.colcon_core.environment:checking '/home/maksmykha/Documents/RobotikProject/install/yolo_bringup/bin'
[2.461s] Level 1:colcon.colcon_core.environment:checking '/home/maksmykha/Documents/RobotikProject/install/yolo_bringup/lib/pkgconfig/yolo_bringup.pc'
[2.461s] Level 1:colcon.colcon_core.environment:checking '/home/maksmykha/Documents/RobotikProject/install/yolo_bringup/lib/python3.12/site-packages'
[2.461s] Level 1:colcon.colcon_core.environment:checking '/home/maksmykha/Documents/RobotikProject/install/yolo_bringup/bin'
[2.462s] INFO:colcon.colcon_core.shell:Creating package script '/home/maksmykha/Documents/RobotikProject/install/yolo_bringup/share/yolo_bringup/package.ps1'
[2.462s] INFO:colcon.colcon_core.shell:Creating package descriptor '/home/maksmykha/Documents/RobotikProject/install/yolo_bringup/share/yolo_bringup/package.dsv'
[2.462s] INFO:colcon.colcon_core.shell:Creating package script '/home/maksmykha/Documents/RobotikProject/install/yolo_bringup/share/yolo_bringup/package.sh'
[2.462s] INFO:colcon.colcon_core.shell:Creating package script '/home/maksmykha/Documents/RobotikProject/install/yolo_bringup/share/yolo_bringup/package.bash'
[2.462s] INFO:colcon.colcon_core.shell:Creating package script '/home/maksmykha/Documents/RobotikProject/install/yolo_bringup/share/yolo_bringup/package.zsh'
[2.463s] Level 1:colcon.colcon_core.environment:create_file_with_runtime_dependencies(/home/maksmykha/Documents/RobotikProject/install/yolo_bringup/share/colcon-core/packages/yolo_bringup)
[2.463s] DEBUG:colcon.colcon_parallel_executor.executor.parallel:closing loop
[2.463s] DEBUG:colcon.colcon_parallel_executor.executor.parallel:loop closed
[2.463s] DEBUG:colcon.colcon_parallel_executor.executor.parallel:run_until_complete finished with '0'
[2.463s] DEBUG:colcon.colcon_core.event_reactor:joining thread
[2.470s] INFO:colcon.colcon_core.plugin_system:Skipping extension 'colcon_notification.desktop_notification.terminal_notifier': Not used on non-Darwin systems
[2.470s] INFO:colcon.colcon_core.plugin_system:Skipping extension 'colcon_notification.desktop_notification.win32': Not used on non-Windows systems
[2.470s] INFO:colcon.colcon_notification.desktop_notification:Sending desktop notification using 'notify2'
[2.501s] DEBUG:colcon.colcon_core.event_reactor:joined thread
[2.501s] INFO:colcon.colcon_core.shell:Creating prefix script '/home/maksmykha/Documents/RobotikProject/install/local_setup.ps1'
[2.502s] INFO:colcon.colcon_core.shell:Creating prefix util module '/home/maksmykha/Documents/RobotikProject/install/_local_setup_util_ps1.py'
[2.503s] INFO:colcon.colcon_core.shell:Creating prefix chain script '/home/maksmykha/Documents/RobotikProject/install/setup.ps1'
[2.504s] INFO:colcon.colcon_core.shell:Creating prefix script '/home/maksmykha/Documents/RobotikProject/install/local_setup.sh'
[2.504s] INFO:colcon.colcon_core.shell:Creating prefix util module '/home/maksmykha/Documents/RobotikProject/install/_local_setup_util_sh.py'
[2.504s] INFO:colcon.colcon_core.shell:Creating prefix chain script '/home/maksmykha/Documents/RobotikProject/install/setup.sh'
[2.505s] INFO:colcon.colcon_core.shell:Creating prefix script '/home/maksmykha/Documents/RobotikProject/install/local_setup.bash'
[2.506s] INFO:colcon.colcon_core.shell:Creating prefix chain script '/home/maksmykha/Documents/RobotikProject/install/setup.bash'
[2.507s] INFO:colcon.colcon_core.shell:Creating prefix script '/home/maksmykha/Documents/RobotikProject/install/local_setup.zsh'
[2.507s] INFO:colcon.colcon_core.shell:Creating prefix chain script '/home/maksmykha/Documents/RobotikProject/install/setup.zsh'
