[0.061s] DEBUG:colcon:Command line arguments: ['/usr/bin/colcon', 'build', '--symlink-install']
[0.061s] DEBUG:colcon:Parsed command line arguments: Namespace(log_base=None, log_level=None, verb_name='build', build_base='build', install_base='install', merge_install=False, symlink_install=True, test_result_base=None, continue_on_error=False, executor='parallel', parallel_workers=8, event_handlers=None, ignore_user_meta=False, metas=['./colcon.meta'], base_paths=['.'], packages_ignore=None, packages_ignore_regex=None, paths=None, packages_up_to=None, packages_up_to_regex=None, packages_above=None, packages_above_and_dependencies=None, packages_above_depth=None, packages_select_by_dep=None, packages_skip_by_dep=None, packages_skip_up_to=None, packages_select_build_failed=False, packages_skip_build_finished=False, packages_select_test_failures=False, packages_skip_test_passed=False, packages_select=None, packages_skip=None, packages_select_regex=None, packages_skip_regex=None, packages_start=None, packages_end=None, allow_overriding=[], cmake_args=None, cmake_target=None, cmake_target_skip_unavailable=False, cmake_clean_cache=False, cmake_clean_first=False, cmake_force_configure=False, ament_cmake_args=None, catkin_cmake_args=None, catkin_skip_building_tests=False, mixin_files=None, mixin=None, verb_parser=<colcon_mixin.mixin.mixin_argument.MixinArgumentDecorator object at 0xf6667a824b90>, verb_extension=<colcon_core.verb.build.BuildVerb object at 0xf6667a824830>, main=<bound method BuildVerb.main of <colcon_core.verb.build.BuildVerb object at 0xf6667a824830>>, mixin_verb=('build',))
[0.082s] Level 1:colcon.colcon_core.package_discovery:discover_packages(colcon_meta) check parameters
[0.082s] Level 1:colcon.colcon_core.package_discovery:discover_packages(recursive) check parameters
[0.082s] Level 1:colcon.colcon_core.package_discovery:discover_packages(ignore) check parameters
[0.082s] Level 1:colcon.colcon_core.package_discovery:discover_packages(path) check parameters
[0.082s] Level 1:colcon.colcon_core.package_discovery:discover_packages(colcon_meta) discover
[0.082s] Level 1:colcon.colcon_core.package_discovery:discover_packages(recursive) discover
[0.082s] INFO:colcon.colcon_core.package_discovery:Crawling recursively for packages in '/home/maksmykha/Documents/RobotikProject'
[0.082s] Level 1:colcon.colcon_core.package_identification:_identify(.) by extensions ['ignore', 'ignore_ament_install']
[0.082s] Level 1:colcon.colcon_core.package_identification:_identify(.) by extension 'ignore'
[0.082s] Level 1:colcon.colcon_core.package_identification:_identify(.) by extension 'ignore_ament_install'
[0.082s] Level 1:colcon.colcon_core.package_identification:_identify(.) by extensions ['colcon_pkg']
[0.082s] Level 1:colcon.colcon_core.package_identification:_identify(.) by extension 'colcon_pkg'
[0.082s] Level 1:colcon.colcon_core.package_identification:_identify(.) by extensions ['colcon_meta']
[0.082s] Level 1:colcon.colcon_core.package_identification:_identify(.) by extension 'colcon_meta'
[0.082s] Level 1:colcon.colcon_core.package_identification:_identify(.) by extensions ['ros']
[0.082s] Level 1:colcon.colcon_core.package_identification:_identify(.) by extension 'ros'
[0.097s] Level 1:colcon.colcon_core.package_identification:_identify(.) by extensions ['cmake', 'python']
[0.097s] Level 1:colcon.colcon_core.package_identification:_identify(.) by extension 'cmake'
[0.097s] Level 1:colcon.colcon_core.package_identification:_identify(.) by extension 'python'
[0.097s] Level 1:colcon.colcon_core.package_identification:_identify(.) by extensions ['python_setup_py']
[0.097s] Level 1:colcon.colcon_core.package_identification:_identify(.) by extension 'python_setup_py'
[0.097s] Level 1:colcon.colcon_core.package_identification:_identify(build) by extensions ['ignore', 'ignore_ament_install']
[0.097s] Level 1:colcon.colcon_core.package_identification:_identify(build) by extension 'ignore'
[0.097s] Level 1:colcon.colcon_core.package_identification:_identify(build) ignored
[0.097s] Level 1:colcon.colcon_core.package_identification:_identify(install) by extensions ['ignore', 'ignore_ament_install']
[0.097s] Level 1:colcon.colcon_core.package_identification:_identify(install) by extension 'ignore'
[0.097s] Level 1:colcon.colcon_core.package_identification:_identify(install) ignored
[0.097s] Level 1:colcon.colcon_core.package_identification:_identify(log) by extensions ['ignore', 'ignore_ament_install']
[0.097s] Level 1:colcon.colcon_core.package_identification:_identify(log) by extension 'ignore'
[0.097s] Level 1:colcon.colcon_core.package_identification:_identify(log) ignored
[0.097s] Level 1:colcon.colcon_core.package_identification:_identify(src) by extensions ['ignore', 'ignore_ament_install']
[0.097s] Level 1:colcon.colcon_core.package_identification:_identify(src) by extension 'ignore'
[0.097s] Level 1:colcon.colcon_core.package_identification:_identify(src) by extension 'ignore_ament_install'
[0.097s] Level 1:colcon.colcon_core.package_identification:_identify(src) by extensions ['colcon_pkg']
[0.097s] Level 1:colcon.colcon_core.package_identification:_identify(src) by extension 'colcon_pkg'
[0.097s] Level 1:colcon.colcon_core.package_identification:_identify(src) by extensions ['colcon_meta']
[0.097s] Level 1:colcon.colcon_core.package_identification:_identify(src) by extension 'colcon_meta'
[0.097s] Level 1:colcon.colcon_core.package_identification:_identify(src) by extensions ['ros']
[0.097s] Level 1:colcon.colcon_core.package_identification:_identify(src) by extension 'ros'
[0.097s] Level 1:colcon.colcon_core.package_identification:_identify(src) by extensions ['cmake', 'python']
[0.097s] Level 1:colcon.colcon_core.package_identification:_identify(src) by extension 'cmake'
[0.097s] Level 1:colcon.colcon_core.package_identification:_identify(src) by extension 'python'
[0.097s] Level 1:colcon.colcon_core.package_identification:_identify(src) by extensions ['python_setup_py']
[0.097s] Level 1:colcon.colcon_core.package_identification:_identify(src) by extension 'python_setup_py'
[0.098s] Level 1:colcon.colcon_core.package_identification:_identify(src/robot_description) by extensions ['ignore', 'ignore_ament_install']
[0.098s] Level 1:colcon.colcon_core.package_identification:_identify(src/robot_description) by extension 'ignore'
[0.098s] Level 1:colcon.colcon_core.package_identification:_identify(src/robot_description) by extension 'ignore_ament_install'
[0.098s] Level 1:colcon.colcon_core.package_identification:_identify(src/robot_description) by extensions ['colcon_pkg']
[0.098s] Level 1:colcon.colcon_core.package_identification:_identify(src/robot_description) by extension 'colcon_pkg'
[0.098s] Level 1:colcon.colcon_core.package_identification:_identify(src/robot_description) by extensions ['colcon_meta']
[0.098s] Level 1:colcon.colcon_core.package_identification:_identify(src/robot_description) by extension 'colcon_meta'
[0.098s] Level 1:colcon.colcon_core.package_identification:_identify(src/robot_description) by extensions ['ros']
[0.098s] Level 1:colcon.colcon_core.package_identification:_identify(src/robot_description) by extension 'ros'
[0.099s] DEBUG:colcon.colcon_core.package_identification:Package 'src/robot_description' with type 'ros.ament_cmake' and name 'robot_description'
[0.099s] Level 1:colcon.colcon_core.package_identification:_identify(src/robotik_bringup) by extensions ['ignore', 'ignore_ament_install']
[0.099s] Level 1:colcon.colcon_core.package_identification:_identify(src/robotik_bringup) by extension 'ignore'
[0.099s] Level 1:colcon.colcon_core.package_identification:_identify(src/robotik_bringup) by extension 'ignore_ament_install'
[0.099s] Level 1:colcon.colcon_core.package_identification:_identify(src/robotik_bringup) by extensions ['colcon_pkg']
[0.099s] Level 1:colcon.colcon_core.package_identification:_identify(src/robotik_bringup) by extension 'colcon_pkg'
[0.099s] Level 1:colcon.colcon_core.package_identification:_identify(src/robotik_bringup) by extensions ['colcon_meta']
[0.099s] Level 1:colcon.colcon_core.package_identification:_identify(src/robotik_bringup) by extension 'colcon_meta'
[0.099s] Level 1:colcon.colcon_core.package_identification:_identify(src/robotik_bringup) by extensions ['ros']
[0.099s] Level 1:colcon.colcon_core.package_identification:_identify(src/robotik_bringup) by extension 'ros'
[0.100s] DEBUG:colcon.colcon_core.package_identification:Package 'src/robotik_bringup' with type 'ros.ament_python' and name 'robotik_bringup'
[0.100s] Level 1:colcon.colcon_core.package_identification:_identify(src/robotik_control) by extensions ['ignore', 'ignore_ament_install']
[0.100s] Level 1:colcon.colcon_core.package_identification:_identify(src/robotik_control) by extension 'ignore'
[0.100s] Level 1:colcon.colcon_core.package_identification:_identify(src/robotik_control) by extension 'ignore_ament_install'
[0.100s] Level 1:colcon.colcon_core.package_identification:_identify(src/robotik_control) by extensions ['colcon_pkg']
[0.100s] Level 1:colcon.colcon_core.package_identification:_identify(src/robotik_control) by extension 'colcon_pkg'
[0.100s] Level 1:colcon.colcon_core.package_identification:_identify(src/robotik_control) by extensions ['colcon_meta']
[0.100s] Level 1:colcon.colcon_core.package_identification:_identify(src/robotik_control) by extension 'colcon_meta'
[0.100s] Level 1:colcon.colcon_core.package_identification:_identify(src/robotik_control) by extensions ['ros']
[0.100s] Level 1:colcon.colcon_core.package_identification:_identify(src/robotik_control) by extension 'ros'
[0.102s] DEBUG:colcon.colcon_core.package_identification:Package 'src/robotik_control' with type 'ros.ament_python' and name 'robotik_control'
[0.102s] Level 1:colcon.colcon_core.package_identification:_identify(src/robotik_description) by extensions ['ignore', 'ignore_ament_install']
[0.102s] Level 1:colcon.colcon_core.package_identification:_identify(src/robotik_description) by extension 'ignore'
[0.102s] Level 1:colcon.colcon_core.package_identification:_identify(src/robotik_description) by extension 'ignore_ament_install'
[0.102s] Level 1:colcon.colcon_core.package_identification:_identify(src/robotik_description) by extensions ['colcon_pkg']
[0.102s] Level 1:colcon.colcon_core.package_identification:_identify(src/robotik_description) by extension 'colcon_pkg'
[0.102s] Level 1:colcon.colcon_core.package_identification:_identify(src/robotik_description) by extensions ['colcon_meta']
[0.102s] Level 1:colcon.colcon_core.package_identification:_identify(src/robotik_description) by extension 'colcon_meta'
[0.102s] Level 1:colcon.colcon_core.package_identification:_identify(src/robotik_description) by extensions ['ros']
[0.102s] Level 1:colcon.colcon_core.package_identification:_identify(src/robotik_description) by extension 'ros'
[0.103s] DEBUG:colcon.colcon_core.package_identification:Package 'src/robotik_description' with type 'ros.ament_cmake' and name 'robotik_description'
[0.103s] Level 1:colcon.colcon_core.package_identification:_identify(src/robotik_gazebo) by extensions ['ignore', 'ignore_ament_install']
[0.103s] Level 1:colcon.colcon_core.package_identification:_identify(src/robotik_gazebo) by extension 'ignore'
[0.103s] Level 1:colcon.colcon_core.package_identification:_identify(src/robotik_gazebo) by extension 'ignore_ament_install'
[0.103s] Level 1:colcon.colcon_core.package_identification:_identify(src/robotik_gazebo) by extensions ['colcon_pkg']
[0.103s] Level 1:colcon.colcon_core.package_identification:_identify(src/robotik_gazebo) by extension 'colcon_pkg'
[0.103s] Level 1:colcon.colcon_core.package_identification:_identify(src/robotik_gazebo) by extensions ['colcon_meta']
[0.103s] Level 1:colcon.colcon_core.package_identification:_identify(src/robotik_gazebo) by extension 'colcon_meta'
[0.103s] Level 1:colcon.colcon_core.package_identification:_identify(src/robotik_gazebo) by extensions ['ros']
[0.103s] Level 1:colcon.colcon_core.package_identification:_identify(src/robotik_gazebo) by extension 'ros'
[0.103s] DEBUG:colcon.colcon_core.package_identification:Package 'src/robotik_gazebo' with type 'ros.ament_python' and name 'robotik_gazebo'
[0.103s] Level 1:colcon.colcon_core.package_identification:_identify(src/robotik_sorting) by extensions ['ignore', 'ignore_ament_install']
[0.103s] Level 1:colcon.colcon_core.package_identification:_identify(src/robotik_sorting) by extension 'ignore'
[0.103s] Level 1:colcon.colcon_core.package_identification:_identify(src/robotik_sorting) by extension 'ignore_ament_install'
[0.103s] Level 1:colcon.colcon_core.package_identification:_identify(src/robotik_sorting) by extensions ['colcon_pkg']
[0.103s] Level 1:colcon.colcon_core.package_identification:_identify(src/robotik_sorting) by extension 'colcon_pkg'
[0.103s] Level 1:colcon.colcon_core.package_identification:_identify(src/robotik_sorting) by extensions ['colcon_meta']
[0.103s] Level 1:colcon.colcon_core.package_identification:_identify(src/robotik_sorting) by extension 'colcon_meta'
[0.103s] Level 1:colcon.colcon_core.package_identification:_identify(src/robotik_sorting) by extensions ['ros']
[0.103s] Level 1:colcon.colcon_core.package_identification:_identify(src/robotik_sorting) by extension 'ros'
[0.104s] DEBUG:colcon.colcon_core.package_identification:Package 'src/robotik_sorting' with type 'ros.ament_python' and name 'robotik_sorting'
[0.104s] Level 1:colcon.colcon_core.package_identification:_identify(src/robotik_vision) by extensions ['ignore', 'ignore_ament_install']
[0.104s] Level 1:colcon.colcon_core.package_identification:_identify(src/robotik_vision) by extension 'ignore'
[0.104s] Level 1:colcon.colcon_core.package_identification:_identify(src/robotik_vision) by extension 'ignore_ament_install'
[0.104s] Level 1:colcon.colcon_core.package_identification:_identify(src/robotik_vision) by extensions ['colcon_pkg']
[0.104s] Level 1:colcon.colcon_core.package_identification:_identify(src/robotik_vision) by extension 'colcon_pkg'
[0.104s] Level 1:colcon.colcon_core.package_identification:_identify(src/robotik_vision) by extensions ['colcon_meta']
[0.104s] Level 1:colcon.colcon_core.package_identification:_identify(src/robotik_vision) by extension 'colcon_meta'
[0.104s] Level 1:colcon.colcon_core.package_identification:_identify(src/robotik_vision) by extensions ['ros']
[0.104s] Level 1:colcon.colcon_core.package_identification:_identify(src/robotik_vision) by extension 'ros'
[0.104s] DEBUG:colcon.colcon_core.package_identification:Package 'src/robotik_vision' with type 'ros.ament_python' and name 'robotik_vision'
[0.104s] Level 1:colcon.colcon_core.package_identification:_identify(src/yolo_ros) by extensions ['ignore', 'ignore_ament_install']
[0.104s] Level 1:colcon.colcon_core.package_identification:_identify(src/yolo_ros) by extension 'ignore'
[0.104s] Level 1:colcon.colcon_core.package_identification:_identify(src/yolo_ros) by extension 'ignore_ament_install'
[0.104s] Level 1:colcon.colcon_core.package_identification:_identify(src/yolo_ros) by extensions ['colcon_pkg']
[0.104s] Level 1:colcon.colcon_core.package_identification:_identify(src/yolo_ros) by extension 'colcon_pkg'
[0.104s] Level 1:colcon.colcon_core.package_identification:_identify(src/yolo_ros) by extensions ['colcon_meta']
[0.104s] Level 1:colcon.colcon_core.package_identification:_identify(src/yolo_ros) by extension 'colcon_meta'
[0.104s] Level 1:colcon.colcon_core.package_identification:_identify(src/yolo_ros) by extensions ['ros']
[0.104s] Level 1:colcon.colcon_core.package_identification:_identify(src/yolo_ros) by extension 'ros'
[0.104s] Level 1:colcon.colcon_core.package_identification:_identify(src/yolo_ros) by extensions ['cmake', 'python']
[0.104s] Level 1:colcon.colcon_core.package_identification:_identify(src/yolo_ros) by extension 'cmake'
[0.104s] Level 1:colcon.colcon_core.package_identification:_identify(src/yolo_ros) by extension 'python'
[0.104s] Level 1:colcon.colcon_core.package_identification:_identify(src/yolo_ros) by extensions ['python_setup_py']
[0.104s] Level 1:colcon.colcon_core.package_identification:_identify(src/yolo_ros) by extension 'python_setup_py'
[0.105s] Level 1:colcon.colcon_core.package_identification:_identify(src/yolo_ros/docs) by extensions ['ignore', 'ignore_ament_install']
[0.105s] Level 1:colcon.colcon_core.package_identification:_identify(src/yolo_ros/docs) by extension 'ignore'
[0.105s] Level 1:colcon.colcon_core.package_identification:_identify(src/yolo_ros/docs) by extension 'ignore_ament_install'
[0.105s] Level 1:colcon.colcon_core.package_identification:_identify(src/yolo_ros/docs) by extensions ['colcon_pkg']
[0.105s] Level 1:colcon.colcon_core.package_identification:_identify(src/yolo_ros/docs) by extension 'colcon_pkg'
[0.105s] Level 1:colcon.colcon_core.package_identification:_identify(src/yolo_ros/docs) by extensions ['colcon_meta']
[0.105s] Level 1:colcon.colcon_core.package_identification:_identify(src/yolo_ros/docs) by extension 'colcon_meta'
[0.105s] Level 1:colcon.colcon_core.package_identification:_identify(src/yolo_ros/docs) by extensions ['ros']
[0.105s] Level 1:colcon.colcon_core.package_identification:_identify(src/yolo_ros/docs) by extension 'ros'
[0.105s] Level 1:colcon.colcon_core.package_identification:_identify(src/yolo_ros/docs) by extensions ['cmake', 'python']
[0.105s] Level 1:colcon.colcon_core.package_identification:_identify(src/yolo_ros/docs) by extension 'cmake'
[0.105s] Level 1:colcon.colcon_core.package_identification:_identify(src/yolo_ros/docs) by extension 'python'
[0.105s] Level 1:colcon.colcon_core.package_identification:_identify(src/yolo_ros/docs) by extensions ['python_setup_py']
[0.105s] Level 1:colcon.colcon_core.package_identification:_identify(src/yolo_ros/docs) by extension 'python_setup_py'
[0.105s] Level 1:colcon.colcon_core.package_identification:_identify(src/yolo_ros/yolo_bringup) by extensions ['ignore', 'ignore_ament_install']
[0.105s] Level 1:colcon.colcon_core.package_identification:_identify(src/yolo_ros/yolo_bringup) by extension 'ignore'
[0.105s] Level 1:colcon.colcon_core.package_identification:_identify(src/yolo_ros/yolo_bringup) by extension 'ignore_ament_install'
[0.105s] Level 1:colcon.colcon_core.package_identification:_identify(src/yolo_ros/yolo_bringup) by extensions ['colcon_pkg']
[0.105s] Level 1:colcon.colcon_core.package_identification:_identify(src/yolo_ros/yolo_bringup) by extension 'colcon_pkg'
[0.105s] Level 1:colcon.colcon_core.package_identification:_identify(src/yolo_ros/yolo_bringup) by extensions ['colcon_meta']
[0.105s] Level 1:colcon.colcon_core.package_identification:_identify(src/yolo_ros/yolo_bringup) by extension 'colcon_meta'
[0.105s] Level 1:colcon.colcon_core.package_identification:_identify(src/yolo_ros/yolo_bringup) by extensions ['ros']
[0.105s] Level 1:colcon.colcon_core.package_identification:_identify(src/yolo_ros/yolo_bringup) by extension 'ros'
[0.105s] DEBUG:colcon.colcon_core.package_identification:Package 'src/yolo_ros/yolo_bringup' with type 'ros.ament_cmake' and name 'yolo_bringup'
[0.105s] Level 1:colcon.colcon_core.package_identification:_identify(src/yolo_ros/yolo_msgs) by extensions ['ignore', 'ignore_ament_install']
[0.105s] Level 1:colcon.colcon_core.package_identification:_identify(src/yolo_ros/yolo_msgs) by extension 'ignore'
[0.105s] Level 1:colcon.colcon_core.package_identification:_identify(src/yolo_ros/yolo_msgs) by extension 'ignore_ament_install'
[0.105s] Level 1:colcon.colcon_core.package_identification:_identify(src/yolo_ros/yolo_msgs) by extensions ['colcon_pkg']
[0.105s] Level 1:colcon.colcon_core.package_identification:_identify(src/yolo_ros/yolo_msgs) by extension 'colcon_pkg'
[0.105s] Level 1:colcon.colcon_core.package_identification:_identify(src/yolo_ros/yolo_msgs) by extensions ['colcon_meta']
[0.105s] Level 1:colcon.colcon_core.package_identification:_identify(src/yolo_ros/yolo_msgs) by extension 'colcon_meta'
[0.105s] Level 1:colcon.colcon_core.package_identification:_identify(src/yolo_ros/yolo_msgs) by extensions ['ros']
[0.105s] Level 1:colcon.colcon_core.package_identification:_identify(src/yolo_ros/yolo_msgs) by extension 'ros'
[0.106s] DEBUG:colcon.colcon_core.package_identification:Package 'src/yolo_ros/yolo_msgs' with type 'ros.ament_cmake' and name 'yolo_msgs'
[0.106s] Level 1:colcon.colcon_core.package_identification:_identify(src/yolo_ros/yolo_ros) by extensions ['ignore', 'ignore_ament_install']
[0.106s] Level 1:colcon.colcon_core.package_identification:_identify(src/yolo_ros/yolo_ros) by extension 'ignore'
[0.106s] Level 1:colcon.colcon_core.package_identification:_identify(src/yolo_ros/yolo_ros) by extension 'ignore_ament_install'
[0.106s] Level 1:colcon.colcon_core.package_identification:_identify(src/yolo_ros/yolo_ros) by extensions ['colcon_pkg']
[0.106s] Level 1:colcon.colcon_core.package_identification:_identify(src/yolo_ros/yolo_ros) by extension 'colcon_pkg'
[0.106s] Level 1:colcon.colcon_core.package_identification:_identify(src/yolo_ros/yolo_ros) by extensions ['colcon_meta']
[0.106s] Level 1:colcon.colcon_core.package_identification:_identify(src/yolo_ros/yolo_ros) by extension 'colcon_meta'
[0.106s] Level 1:colcon.colcon_core.package_identification:_identify(src/yolo_ros/yolo_ros) by extensions ['ros']
[0.106s] Level 1:colcon.colcon_core.package_identification:_identify(src/yolo_ros/yolo_ros) by extension 'ros'
[0.106s] DEBUG:colcon.colcon_core.package_identification:Package 'src/yolo_ros/yolo_ros' with type 'ros.ament_python' and name 'yolo_ros'
[0.106s] Level 1:colcon.colcon_core.package_discovery:discover_packages(recursive) using defaults
[0.106s] Level 1:colcon.colcon_core.package_discovery:discover_packages(ignore) discover
[0.106s] Level 1:colcon.colcon_core.package_discovery:discover_packages(ignore) using defaults
[0.106s] Level 1:colcon.colcon_core.package_discovery:discover_packages(path) discover
[0.106s] Level 1:colcon.colcon_core.package_discovery:discover_packages(path) using defaults
[0.118s] Level 1:colcon.colcon_core.package_discovery:discover_packages(prefix_path) check parameters
[0.118s] Level 1:colcon.colcon_core.package_discovery:discover_packages(prefix_path) discover
[0.119s] DEBUG:colcon.colcon_installed_package_information.package_discovery:Found 4 installed packages in /home/maksmykha/Documents/RobotikProject/install
[0.120s] DEBUG:colcon.colcon_installed_package_information.package_discovery:Found 428 installed packages in /opt/ros/jazzy
[0.121s] Level 1:colcon.colcon_core.package_discovery:discover_packages(prefix_path) using defaults
[0.151s] Level 5:colcon.colcon_core.verb:set package 'robot_description' build argument 'cmake_args' from command line to 'None'
[0.151s] Level 5:colcon.colcon_core.verb:set package 'robot_description' build argument 'cmake_target' from command line to 'None'
[0.151s] Level 5:colcon.colcon_core.verb:set package 'robot_description' build argument 'cmake_target_skip_unavailable' from command line to 'False'
[0.151s] Level 5:colcon.colcon_core.verb:set package 'robot_description' build argument 'cmake_clean_cache' from command line to 'False'
[0.151s] Level 5:colcon.colcon_core.verb:set package 'robot_description' build argument 'cmake_clean_first' from command line to 'False'
[0.151s] Level 5:colcon.colcon_core.verb:set package 'robot_description' build argument 'cmake_force_configure' from command line to 'False'
[0.151s] Level 5:colcon.colcon_core.verb:set package 'robot_description' build argument 'ament_cmake_args' from command line to 'None'
[0.151s] Level 5:colcon.colcon_core.verb:set package 'robot_description' build argument 'catkin_cmake_args' from command line to 'None'
[0.151s] Level 5:colcon.colcon_core.verb:set package 'robot_description' build argument 'catkin_skip_building_tests' from command line to 'False'
[0.151s] DEBUG:colcon.colcon_core.verb:Building package 'robot_description' with the following arguments: {'ament_cmake_args': None, 'build_base': '/home/maksmykha/Documents/RobotikProject/build/robot_description', 'catkin_cmake_args': None, 'catkin_skip_building_tests': False, 'cmake_args': None, 'cmake_clean_cache': False, 'cmake_clean_first': False, 'cmake_force_configure': False, 'cmake_target': None, 'cmake_target_skip_unavailable': False, 'install_base': '/home/maksmykha/Documents/RobotikProject/install/robot_description', 'merge_install': False, 'path': '/home/maksmykha/Documents/RobotikProject/src/robot_description', 'symlink_install': True, 'test_result_base': None}
[0.151s] Level 5:colcon.colcon_core.verb:set package 'robotik_bringup' build argument 'cmake_args' from command line to 'None'
[0.151s] Level 5:colcon.colcon_core.verb:set package 'robotik_bringup' build argument 'cmake_target' from command line to 'None'
[0.151s] Level 5:colcon.colcon_core.verb:set package 'robotik_bringup' build argument 'cmake_target_skip_unavailable' from command line to 'False'
[0.151s] Level 5:colcon.colcon_core.verb:set package 'robotik_bringup' build argument 'cmake_clean_cache' from command line to 'False'
[0.151s] Level 5:colcon.colcon_core.verb:set package 'robotik_bringup' build argument 'cmake_clean_first' from command line to 'False'
[0.151s] Level 5:colcon.colcon_core.verb:set package 'robotik_bringup' build argument 'cmake_force_configure' from command line to 'False'
[0.151s] Level 5:colcon.colcon_core.verb:set package 'robotik_bringup' build argument 'ament_cmake_args' from command line to 'None'
[0.151s] Level 5:colcon.colcon_core.verb:set package 'robotik_bringup' build argument 'catkin_cmake_args' from command line to 'None'
[0.151s] Level 5:colcon.colcon_core.verb:set package 'robotik_bringup' build argument 'catkin_skip_building_tests' from command line to 'False'
[0.151s] DEBUG:colcon.colcon_core.verb:Building package 'robotik_bringup' with the following arguments: {'ament_cmake_args': None, 'build_base': '/home/maksmykha/Documents/RobotikProject/build/robotik_bringup', 'catkin_cmake_args': None, 'catkin_skip_building_tests': False, 'cmake_args': None, 'cmake_clean_cache': False, 'cmake_clean_first': False, 'cmake_force_configure': False, 'cmake_target': None, 'cmake_target_skip_unavailable': False, 'install_base': '/home/maksmykha/Documents/RobotikProject/install/robotik_bringup', 'merge_install': False, 'path': '/home/maksmykha/Documents/RobotikProject/src/robotik_bringup', 'symlink_install': True, 'test_result_base': None}
[0.151s] Level 5:colcon.colcon_core.verb:set package 'robotik_control' build argument 'cmake_args' from command line to 'None'
[0.151s] Level 5:colcon.colcon_core.verb:set package 'robotik_control' build argument 'cmake_target' from command line to 'None'
[0.151s] Level 5:colcon.colcon_core.verb:set package 'robotik_control' build argument 'cmake_target_skip_unavailable' from command line to 'False'
[0.151s] Level 5:colcon.colcon_core.verb:set package 'robotik_control' build argument 'cmake_clean_cache' from command line to 'False'
[0.151s] Level 5:colcon.colcon_core.verb:set package 'robotik_control' build argument 'cmake_clean_first' from command line to 'False'
[0.151s] Level 5:colcon.colcon_core.verb:set package 'robotik_control' build argument 'cmake_force_configure' from command line to 'False'
[0.151s] Level 5:colcon.colcon_core.verb:set package 'robotik_control' build argument 'ament_cmake_args' from command line to 'None'
[0.151s] Level 5:colcon.colcon_core.verb:set package 'robotik_control' build argument 'catkin_cmake_args' from command line to 'None'
[0.151s] Level 5:colcon.colcon_core.verb:set package 'robotik_control' build argument 'catkin_skip_building_tests' from command line to 'False'
[0.151s] DEBUG:colcon.colcon_core.verb:Building package 'robotik_control' with the following arguments: {'ament_cmake_args': None, 'build_base': '/home/maksmykha/Documents/RobotikProject/build/robotik_control', 'catkin_cmake_args': None, 'catkin_skip_building_tests': False, 'cmake_args': None, 'cmake_clean_cache': False, 'cmake_clean_first': False, 'cmake_force_configure': False, 'cmake_target': None, 'cmake_target_skip_unavailable': False, 'install_base': '/home/maksmykha/Documents/RobotikProject/install/robotik_control', 'merge_install': False, 'path': '/home/maksmykha/Documents/RobotikProject/src/robotik_control', 'symlink_install': True, 'test_result_base': None}
[0.151s] Level 5:colcon.colcon_core.verb:set package 'robotik_description' build argument 'cmake_args' from command line to 'None'
[0.151s] Level 5:colcon.colcon_core.verb:set package 'robotik_description' build argument 'cmake_target' from command line to 'None'
[0.151s] Level 5:colcon.colcon_core.verb:set package 'robotik_description' build argument 'cmake_target_skip_unavailable' from command line to 'False'
[0.151s] Level 5:colcon.colcon_core.verb:set package 'robotik_description' build argument 'cmake_clean_cache' from command line to 'False'
[0.151s] Level 5:colcon.colcon_core.verb:set package 'robotik_description' build argument 'cmake_clean_first' from command line to 'False'
[0.151s] Level 5:colcon.colcon_core.verb:set package 'robotik_description' build argument 'cmake_force_configure' from command line to 'False'
[0.151s] Level 5:colcon.colcon_core.verb:set package 'robotik_description' build argument 'ament_cmake_args' from command line to 'None'
[0.151s] Level 5:colcon.colcon_core.verb:set package 'robotik_description' build argument 'catkin_cmake_args' from command line to 'None'
[0.151s] Level 5:colcon.colcon_core.verb:set package 'robotik_description' build argument 'catkin_skip_building_tests' from command line to 'False'
[0.151s] DEBUG:colcon.colcon_core.verb:Building package 'robotik_description' with the following arguments: {'ament_cmake_args': None, 'build_base': '/home/maksmykha/Documents/RobotikProject/build/robotik_description', 'catkin_cmake_args': None, 'catkin_skip_building_tests': False, 'cmake_args': None, 'cmake_clean_cache': False, 'cmake_clean_first': False, 'cmake_force_configure': False, 'cmake_target': None, 'cmake_target_skip_unavailable': False, 'install_base': '/home/maksmykha/Documents/RobotikProject/install/robotik_description', 'merge_install': False, 'path': '/home/maksmykha/Documents/RobotikProject/src/robotik_description', 'symlink_install': True, 'test_result_base': None}
[0.152s] Level 5:colcon.colcon_core.verb:set package 'robotik_gazebo' build argument 'cmake_args' from command line to 'None'
[0.152s] Level 5:colcon.colcon_core.verb:set package 'robotik_gazebo' build argument 'cmake_target' from command line to 'None'
[0.152s] Level 5:colcon.colcon_core.verb:set package 'robotik_gazebo' build argument 'cmake_target_skip_unavailable' from command line to 'False'
[0.152s] Level 5:colcon.colcon_core.verb:set package 'robotik_gazebo' build argument 'cmake_clean_cache' from command line to 'False'
[0.152s] Level 5:colcon.colcon_core.verb:set package 'robotik_gazebo' build argument 'cmake_clean_first' from command line to 'False'
[0.152s] Level 5:colcon.colcon_core.verb:set package 'robotik_gazebo' build argument 'cmake_force_configure' from command line to 'False'
[0.152s] Level 5:colcon.colcon_core.verb:set package 'robotik_gazebo' build argument 'ament_cmake_args' from command line to 'None'
[0.152s] Level 5:colcon.colcon_core.verb:set package 'robotik_gazebo' build argument 'catkin_cmake_args' from command line to 'None'
[0.152s] Level 5:colcon.colcon_core.verb:set package 'robotik_gazebo' build argument 'catkin_skip_building_tests' from command line to 'False'
[0.152s] DEBUG:colcon.colcon_core.verb:Building package 'robotik_gazebo' with the following arguments: {'ament_cmake_args': None, 'build_base': '/home/maksmykha/Documents/RobotikProject/build/robotik_gazebo', 'catkin_cmake_args': None, 'catkin_skip_building_tests': False, 'cmake_args': None, 'cmake_clean_cache': False, 'cmake_clean_first': False, 'cmake_force_configure': False, 'cmake_target': None, 'cmake_target_skip_unavailable': False, 'install_base': '/home/maksmykha/Documents/RobotikProject/install/robotik_gazebo', 'merge_install': False, 'path': '/home/maksmykha/Documents/RobotikProject/src/robotik_gazebo', 'symlink_install': True, 'test_result_base': None}
[0.152s] Level 5:colcon.colcon_core.verb:set package 'robotik_sorting' build argument 'cmake_args' from command line to 'None'
[0.152s] Level 5:colcon.colcon_core.verb:set package 'robotik_sorting' build argument 'cmake_target' from command line to 'None'
[0.152s] Level 5:colcon.colcon_core.verb:set package 'robotik_sorting' build argument 'cmake_target_skip_unavailable' from command line to 'False'
[0.152s] Level 5:colcon.colcon_core.verb:set package 'robotik_sorting' build argument 'cmake_clean_cache' from command line to 'False'
[0.152s] Level 5:colcon.colcon_core.verb:set package 'robotik_sorting' build argument 'cmake_clean_first' from command line to 'False'
[0.152s] Level 5:colcon.colcon_core.verb:set package 'robotik_sorting' build argument 'cmake_force_configure' from command line to 'False'
[0.152s] Level 5:colcon.colcon_core.verb:set package 'robotik_sorting' build argument 'ament_cmake_args' from command line to 'None'
[0.152s] Level 5:colcon.colcon_core.verb:set package 'robotik_sorting' build argument 'catkin_cmake_args' from command line to 'None'
[0.152s] Level 5:colcon.colcon_core.verb:set package 'robotik_sorting' build argument 'catkin_skip_building_tests' from command line to 'False'
[0.152s] DEBUG:colcon.colcon_core.verb:Building package 'robotik_sorting' with the following arguments: {'ament_cmake_args': None, 'build_base': '/home/maksmykha/Documents/RobotikProject/build/robotik_sorting', 'catkin_cmake_args': None, 'catkin_skip_building_tests': False, 'cmake_args': None, 'cmake_clean_cache': False, 'cmake_clean_first': False, 'cmake_force_configure': False, 'cmake_target': None, 'cmake_target_skip_unavailable': False, 'install_base': '/home/maksmykha/Documents/RobotikProject/install/robotik_sorting', 'merge_install': False, 'path': '/home/maksmykha/Documents/RobotikProject/src/robotik_sorting', 'symlink_install': True, 'test_result_base': None}
[0.152s] Level 5:colcon.colcon_core.verb:set package 'robotik_vision' build argument 'cmake_args' from command line to 'None'
[0.152s] Level 5:colcon.colcon_core.verb:set package 'robotik_vision' build argument 'cmake_target' from command line to 'None'
[0.152s] Level 5:colcon.colcon_core.verb:set package 'robotik_vision' build argument 'cmake_target_skip_unavailable' from command line to 'False'
[0.152s] Level 5:colcon.colcon_core.verb:set package 'robotik_vision' build argument 'cmake_clean_cache' from command line to 'False'
[0.152s] Level 5:colcon.colcon_core.verb:set package 'robotik_vision' build argument 'cmake_clean_first' from command line to 'False'
[0.152s] Level 5:colcon.colcon_core.verb:set package 'robotik_vision' build argument 'cmake_force_configure' from command line to 'False'
[0.152s] Level 5:colcon.colcon_core.verb:set package 'robotik_vision' build argument 'ament_cmake_args' from command line to 'None'
[0.152s] Level 5:colcon.colcon_core.verb:set package 'robotik_vision' build argument 'catkin_cmake_args' from command line to 'None'
[0.152s] Level 5:colcon.colcon_core.verb:set package 'robotik_vision' build argument 'catkin_skip_building_tests' from command line to 'False'
[0.152s] DEBUG:colcon.colcon_core.verb:Building package 'robotik_vision' with the following arguments: {'ament_cmake_args': None, 'build_base': '/home/maksmykha/Documents/RobotikProject/build/robotik_vision', 'catkin_cmake_args': None, 'catkin_skip_building_tests': False, 'cmake_args': None, 'cmake_clean_cache': False, 'cmake_clean_first': False, 'cmake_force_configure': False, 'cmake_target': None, 'cmake_target_skip_unavailable': False, 'install_base': '/home/maksmykha/Documents/RobotikProject/install/robotik_vision', 'merge_install': False, 'path': '/home/maksmykha/Documents/RobotikProject/src/robotik_vision', 'symlink_install': True, 'test_result_base': None}
[0.152s] Level 5:colcon.colcon_core.verb:set package 'yolo_msgs' build argument 'cmake_args' from command line to 'None'
[0.152s] Level 5:colcon.colcon_core.verb:set package 'yolo_msgs' build argument 'cmake_target' from command line to 'None'
[0.152s] Level 5:colcon.colcon_core.verb:set package 'yolo_msgs' build argument 'cmake_target_skip_unavailable' from command line to 'False'
[0.152s] Level 5:colcon.colcon_core.verb:set package 'yolo_msgs' build argument 'cmake_clean_cache' from command line to 'False'
[0.152s] Level 5:colcon.colcon_core.verb:set package 'yolo_msgs' build argument 'cmake_clean_first' from command line to 'False'
[0.152s] Level 5:colcon.colcon_core.verb:set package 'yolo_msgs' build argument 'cmake_force_configure' from command line to 'False'
[0.152s] Level 5:colcon.colcon_core.verb:set package 'yolo_msgs' build argument 'ament_cmake_args' from command line to 'None'
[0.152s] Level 5:colcon.colcon_core.verb:set package 'yolo_msgs' build argument 'catkin_cmake_args' from command line to 'None'
[0.152s] Level 5:colcon.colcon_core.verb:set package 'yolo_msgs' build argument 'catkin_skip_building_tests' from command line to 'False'
[0.152s] DEBUG:colcon.colcon_core.verb:Building package 'yolo_msgs' with the following arguments: {'ament_cmake_args': None, 'build_base': '/home/maksmykha/Documents/RobotikProject/build/yolo_msgs', 'catkin_cmake_args': None, 'catkin_skip_building_tests': False, 'cmake_args': None, 'cmake_clean_cache': False, 'cmake_clean_first': False, 'cmake_force_configure': False, 'cmake_target': None, 'cmake_target_skip_unavailable': False, 'install_base': '/home/maksmykha/Documents/RobotikProject/install/yolo_msgs', 'merge_install': False, 'path': '/home/maksmykha/Documents/RobotikProject/src/yolo_ros/yolo_msgs', 'symlink_install': True, 'test_result_base': None}
[0.152s] Level 5:colcon.colcon_core.verb:set package 'yolo_ros' build argument 'cmake_args' from command line to 'None'
[0.152s] Level 5:colcon.colcon_core.verb:set package 'yolo_ros' build argument 'cmake_target' from command line to 'None'
[0.152s] Level 5:colcon.colcon_core.verb:set package 'yolo_ros' build argument 'cmake_target_skip_unavailable' from command line to 'False'
[0.152s] Level 5:colcon.colcon_core.verb:set package 'yolo_ros' build argument 'cmake_clean_cache' from command line to 'False'
[0.152s] Level 5:colcon.colcon_core.verb:set package 'yolo_ros' build argument 'cmake_clean_first' from command line to 'False'
[0.152s] Level 5:colcon.colcon_core.verb:set package 'yolo_ros' build argument 'cmake_force_configure' from command line to 'False'
[0.152s] Level 5:colcon.colcon_core.verb:set package 'yolo_ros' build argument 'ament_cmake_args' from command line to 'None'
[0.152s] Level 5:colcon.colcon_core.verb:set package 'yolo_ros' build argument 'catkin_cmake_args' from command line to 'None'
[0.152s] Level 5:colcon.colcon_core.verb:set package 'yolo_ros' build argument 'catkin_skip_building_tests' from command line to 'False'
[0.152s] DEBUG:colcon.colcon_core.verb:Building package 'yolo_ros' with the following arguments: {'ament_cmake_args': None, 'build_base': '/home/maksmykha/Documents/RobotikProject/build/yolo_ros', 'catkin_cmake_args': None, 'catkin_skip_building_tests': False, 'cmake_args': None, 'cmake_clean_cache': False, 'cmake_clean_first': False, 'cmake_force_configure': False, 'cmake_target': None, 'cmake_target_skip_unavailable': False, 'install_base': '/home/maksmykha/Documents/RobotikProject/install/yolo_ros', 'merge_install': False, 'path': '/home/maksmykha/Documents/RobotikProject/src/yolo_ros/yolo_ros', 'symlink_install': True, 'test_result_base': None}
[0.152s] Level 5:colcon.colcon_core.verb:set package 'yolo_bringup' build argument 'cmake_args' from command line to 'None'
[0.152s] Level 5:colcon.colcon_core.verb:set package 'yolo_bringup' build argument 'cmake_target' from command line to 'None'
[0.152s] Level 5:colcon.colcon_core.verb:set package 'yolo_bringup' build argument 'cmake_target_skip_unavailable' from command line to 'False'
[0.152s] Level 5:colcon.colcon_core.verb:set package 'yolo_bringup' build argument 'cmake_clean_cache' from command line to 'False'
[0.152s] Level 5:colcon.colcon_core.verb:set package 'yolo_bringup' build argument 'cmake_clean_first' from command line to 'False'
[0.152s] Level 5:colcon.colcon_core.verb:set package 'yolo_bringup' build argument 'cmake_force_configure' from command line to 'False'
[0.152s] Level 5:colcon.colcon_core.verb:set package 'yolo_bringup' build argument 'ament_cmake_args' from command line to 'None'
[0.152s] Level 5:colcon.colcon_core.verb:set package 'yolo_bringup' build argument 'catkin_cmake_args' from command line to 'None'
[0.152s] Level 5:colcon.colcon_core.verb:set package 'yolo_bringup' build argument 'catkin_skip_building_tests' from command line to 'False'
[0.152s] DEBUG:colcon.colcon_core.verb:Building package 'yolo_bringup' with the following arguments: {'ament_cmake_args': None, 'build_base': '/home/maksmykha/Documents/RobotikProject/build/yolo_bringup', 'catkin_cmake_args': None, 'catkin_skip_building_tests': False, 'cmake_args': None, 'cmake_clean_cache': False, 'cmake_clean_first': False, 'cmake_force_configure': False, 'cmake_target': None, 'cmake_target_skip_unavailable': False, 'install_base': '/home/maksmykha/Documents/RobotikProject/install/yolo_bringup', 'merge_install': False, 'path': '/home/maksmykha/Documents/RobotikProject/src/yolo_ros/yolo_bringup', 'symlink_install': True, 'test_result_base': None}
[0.153s] INFO:colcon.colcon_core.executor:Executing jobs using 'parallel' executor
[0.153s] DEBUG:colcon.colcon_parallel_executor.executor.parallel:run_until_complete
[0.153s] INFO:colcon.colcon_ros.task.ament_cmake.build:Building ROS package in '/home/maksmykha/Documents/RobotikProject/src/yolo_ros/yolo_msgs' with build type 'ament_cmake'
[0.153s] INFO:colcon.colcon_cmake.task.cmake.build:Building CMake package in '/home/maksmykha/Documents/RobotikProject/src/yolo_ros/yolo_msgs'
[0.155s] INFO:colcon.colcon_core.plugin_system:Skipping extension 'colcon_core.shell.bat': Not used on non-Windows systems
[0.155s] INFO:colcon.colcon_core.shell:Skip shell extension 'powershell' for command environment: Not usable outside of PowerShell
[0.155s] DEBUG:colcon.colcon_core.shell:Skip shell extension 'dsv' for command environment
[0.161s] INFO:colcon.colcon_ros.task.ament_cmake.build:Building ROS package in '/home/maksmykha/Documents/RobotikProject/src/robot_description' with build type 'ament_cmake'
[0.161s] INFO:colcon.colcon_cmake.task.cmake.build:Building CMake package in '/home/maksmykha/Documents/RobotikProject/src/robot_description'
[0.161s] INFO:colcon.colcon_core.shell:Skip shell extension 'powershell' for command environment: Not usable outside of PowerShell
[0.161s] DEBUG:colcon.colcon_core.shell:Skip shell extension 'dsv' for command environment
[0.166s] INFO:colcon.colcon_ros.task.ament_python.build:Building ROS package in '/home/maksmykha/Documents/RobotikProject/src/robotik_bringup' with build type 'ament_python'
[0.167s] Level 1:colcon.colcon_core.shell:create_environment_hook('robotik_bringup', 'ament_prefix_path')
[0.167s] INFO:colcon.colcon_core.shell:Creating environment hook '/home/maksmykha/Documents/RobotikProject/install/robotik_bringup/share/robotik_bringup/hook/ament_prefix_path.ps1'
[0.168s] INFO:colcon.colcon_core.shell:Creating environment descriptor '/home/maksmykha/Documents/RobotikProject/install/robotik_bringup/share/robotik_bringup/hook/ament_prefix_path.dsv'
[0.168s] INFO:colcon.colcon_core.shell:Creating environment hook '/home/maksmykha/Documents/RobotikProject/install/robotik_bringup/share/robotik_bringup/hook/ament_prefix_path.sh'
[0.169s] INFO:colcon.colcon_core.shell:Skip shell extension 'powershell' for command environment: Not usable outside of PowerShell
[0.169s] DEBUG:colcon.colcon_core.shell:Skip shell extension 'dsv' for command environment
[0.174s] INFO:colcon.colcon_ros.task.ament_python.build:Building ROS package in '/home/maksmykha/Documents/RobotikProject/src/robotik_control' with build type 'ament_python'
[0.175s] Level 1:colcon.colcon_core.shell:create_environment_hook('robotik_control', 'ament_prefix_path')
[0.175s] INFO:colcon.colcon_core.shell:Creating environment hook '/home/maksmykha/Documents/RobotikProject/install/robotik_control/share/robotik_control/hook/ament_prefix_path.ps1'
[0.175s] INFO:colcon.colcon_core.shell:Creating environment descriptor '/home/maksmykha/Documents/RobotikProject/install/robotik_control/share/robotik_control/hook/ament_prefix_path.dsv'
[0.176s] INFO:colcon.colcon_core.shell:Creating environment hook '/home/maksmykha/Documents/RobotikProject/install/robotik_control/share/robotik_control/hook/ament_prefix_path.sh'
[0.176s] INFO:colcon.colcon_core.shell:Skip shell extension 'powershell' for command environment: Not usable outside of PowerShell
[0.176s] DEBUG:colcon.colcon_core.shell:Skip shell extension 'dsv' for command environment
[0.179s] INFO:colcon.colcon_ros.task.ament_cmake.build:Building ROS package in '/home/maksmykha/Documents/RobotikProject/src/robotik_description' with build type 'ament_cmake'
[0.179s] INFO:colcon.colcon_cmake.task.cmake.build:Building CMake package in '/home/maksmykha/Documents/RobotikProject/src/robotik_description'
[0.179s] INFO:colcon.colcon_core.shell:Skip shell extension 'powershell' for command environment: Not usable outside of PowerShell
[0.179s] DEBUG:colcon.colcon_core.shell:Skip shell extension 'dsv' for command environment
[0.187s] INFO:colcon.colcon_ros.task.ament_python.build:Building ROS package in '/home/maksmykha/Documents/RobotikProject/src/robotik_gazebo' with build type 'ament_python'
[0.191s] Level 1:colcon.colcon_core.shell:create_environment_hook('robotik_gazebo', 'ament_prefix_path')
[0.191s] INFO:colcon.colcon_core.shell:Creating environment hook '/home/maksmykha/Documents/RobotikProject/install/robotik_gazebo/share/robotik_gazebo/hook/ament_prefix_path.ps1'
[0.192s] INFO:colcon.colcon_core.shell:Creating environment descriptor '/home/maksmykha/Documents/RobotikProject/install/robotik_gazebo/share/robotik_gazebo/hook/ament_prefix_path.dsv'
[0.192s] INFO:colcon.colcon_core.shell:Creating environment hook '/home/maksmykha/Documents/RobotikProject/install/robotik_gazebo/share/robotik_gazebo/hook/ament_prefix_path.sh'
[0.192s] INFO:colcon.colcon_core.shell:Skip shell extension 'powershell' for command environment: Not usable outside of PowerShell
[0.192s] DEBUG:colcon.colcon_core.shell:Skip shell extension 'dsv' for command environment
[0.197s] INFO:colcon.colcon_ros.task.ament_python.build:Building ROS package in '/home/maksmykha/Documents/RobotikProject/src/robotik_sorting' with build type 'ament_python'
[0.197s] Level 1:colcon.colcon_core.shell:create_environment_hook('robotik_sorting', 'ament_prefix_path')
[0.197s] INFO:colcon.colcon_core.shell:Creating environment hook '/home/maksmykha/Documents/RobotikProject/install/robotik_sorting/share/robotik_sorting/hook/ament_prefix_path.ps1'
[0.198s] INFO:colcon.colcon_core.shell:Creating environment descriptor '/home/maksmykha/Documents/RobotikProject/install/robotik_sorting/share/robotik_sorting/hook/ament_prefix_path.dsv'
[0.199s] INFO:colcon.colcon_core.shell:Creating environment hook '/home/maksmykha/Documents/RobotikProject/install/robotik_sorting/share/robotik_sorting/hook/ament_prefix_path.sh'
[0.199s] INFO:colcon.colcon_core.shell:Skip shell extension 'powershell' for command environment: Not usable outside of PowerShell
[0.199s] DEBUG:colcon.colcon_core.shell:Skip shell extension 'dsv' for command environment
[0.205s] INFO:colcon.colcon_ros.task.ament_python.build:Building ROS package in '/home/maksmykha/Documents/RobotikProject/src/robotik_vision' with build type 'ament_python'
[0.205s] Level 1:colcon.colcon_core.shell:create_environment_hook('robotik_vision', 'ament_prefix_path')
[0.205s] INFO:colcon.colcon_core.shell:Creating environment hook '/home/maksmykha/Documents/RobotikProject/install/robotik_vision/share/robotik_vision/hook/ament_prefix_path.ps1'
[0.206s] INFO:colcon.colcon_core.shell:Creating environment descriptor '/home/maksmykha/Documents/RobotikProject/install/robotik_vision/share/robotik_vision/hook/ament_prefix_path.dsv'
[0.207s] INFO:colcon.colcon_core.shell:Creating environment hook '/home/maksmykha/Documents/RobotikProject/install/robotik_vision/share/robotik_vision/hook/ament_prefix_path.sh'
[0.207s] INFO:colcon.colcon_core.shell:Skip shell extension 'powershell' for command environment: Not usable outside of PowerShell
[0.207s] DEBUG:colcon.colcon_core.shell:Skip shell extension 'dsv' for command environment
[0.226s] DEBUG:colcon.colcon_core.event_handler.log_command:Invoking command in '/home/maksmykha/Documents/RobotikProject/build/yolo_msgs': CMAKE_PREFIX_PATH=${CMAKE_PREFIX_PATH}:/home/maksmykha/Documents/RobotikProject/install/yolo_ros:/opt/ros/jazzy DEBUGINFOD_URLS=https://debuginfod.ubuntu.com /usr/bin/cmake --build /home/maksmykha/Documents/RobotikProject/build/yolo_msgs -- -j8 -l8
[0.229s] DEBUG:colcon.colcon_core.event_handler.log_command:Invoking command in '/home/maksmykha/Documents/RobotikProject/build/robot_description': CMAKE_PREFIX_PATH=${CMAKE_PREFIX_PATH}:/home/maksmykha/Documents/RobotikProject/install/yolo_ros:/opt/ros/jazzy DEBUGINFOD_URLS=https://debuginfod.ubuntu.com /usr/bin/cmake --build /home/maksmykha/Documents/RobotikProject/build/robot_description -- -j8 -l8
[0.410s] INFO:colcon.colcon_core.task.python.build:Building Python package in '/home/maksmykha/Documents/RobotikProject/src/robotik_bringup'
[0.410s] INFO:colcon.colcon_core.shell:Skip shell extension 'powershell' for command environment: Not usable outside of PowerShell
[0.410s] DEBUG:colcon.colcon_core.shell:Skip shell extension 'dsv' for command environment
[0.541s] INFO:colcon.colcon_core.task.python.build:Building Python package in '/home/maksmykha/Documents/RobotikProject/src/robotik_control'
[0.542s] INFO:colcon.colcon_core.shell:Skip shell extension 'powershell' for command environment: Not usable outside of PowerShell
[0.542s] DEBUG:colcon.colcon_core.shell:Skip shell extension 'dsv' for command environment
[0.546s] DEBUG:colcon.colcon_core.event_handler.log_command:Invoking command in '/home/maksmykha/Documents/RobotikProject/build/robotik_description': CMAKE_PREFIX_PATH=${CMAKE_PREFIX_PATH}:/home/maksmykha/Documents/RobotikProject/install/yolo_ros:/opt/ros/jazzy DEBUGINFOD_URLS=https://debuginfod.ubuntu.com /usr/bin/cmake /home/maksmykha/Documents/RobotikProject/src/robotik_description -DAMENT_CMAKE_SYMLINK_INSTALL=1 -DCMAKE_INSTALL_PREFIX=/home/maksmykha/Documents/RobotikProject/install/robotik_description
[0.693s] INFO:colcon.colcon_core.task.python.build:Building Python package in '/home/maksmykha/Documents/RobotikProject/src/robotik_gazebo'
[0.694s] INFO:colcon.colcon_core.shell:Skip shell extension 'powershell' for command environment: Not usable outside of PowerShell
[0.694s] DEBUG:colcon.colcon_core.shell:Skip shell extension 'dsv' for command environment
[0.822s] INFO:colcon.colcon_core.task.python.build:Building Python package in '/home/maksmykha/Documents/RobotikProject/src/robotik_sorting'
[0.822s] INFO:colcon.colcon_core.shell:Skip shell extension 'powershell' for command environment: Not usable outside of PowerShell
[0.822s] DEBUG:colcon.colcon_core.shell:Skip shell extension 'dsv' for command environment
[0.950s] INFO:colcon.colcon_core.task.python.build:Building Python package in '/home/maksmykha/Documents/RobotikProject/src/robotik_vision'
[0.951s] INFO:colcon.colcon_core.shell:Skip shell extension 'powershell' for command environment: Not usable outside of PowerShell
[0.951s] DEBUG:colcon.colcon_core.shell:Skip shell extension 'dsv' for command environment
[0.959s] DEBUG:colcon.colcon_core.event_handler.log_command:Invoked command in '/home/maksmykha/Documents/RobotikProject/build/robot_description' returned '0': CMAKE_PREFIX_PATH=${CMAKE_PREFIX_PATH}:/home/maksmykha/Documents/RobotikProject/install/yolo_ros:/opt/ros/jazzy DEBUGINFOD_URLS=https://debuginfod.ubuntu.com /usr/bin/cmake --build /home/maksmykha/Documents/RobotikProject/build/robot_description -- -j8 -l8
[0.973s] DEBUG:colcon.colcon_core.event_handler.log_command:Invoking command in '/home/maksmykha/Documents/RobotikProject/build/robot_description': CMAKE_PREFIX_PATH=${CMAKE_PREFIX_PATH}:/home/maksmykha/Documents/RobotikProject/install/yolo_ros:/opt/ros/jazzy DEBUGINFOD_URLS=https://debuginfod.ubuntu.com /usr/bin/cmake --install /home/maksmykha/Documents/RobotikProject/build/robot_description
[0.974s] DEBUG:colcon.colcon_core.event_handler.log_command:Invoked command in '/home/maksmykha/Documents/RobotikProject/build/yolo_msgs' returned '0': CMAKE_PREFIX_PATH=${CMAKE_PREFIX_PATH}:/home/maksmykha/Documents/RobotikProject/install/yolo_ros:/opt/ros/jazzy DEBUGINFOD_URLS=https://debuginfod.ubuntu.com /usr/bin/cmake --build /home/maksmykha/Documents/RobotikProject/build/yolo_msgs -- -j8 -l8
[0.974s] DEBUG:colcon.colcon_core.event_handler.log_command:Invoking command in '/home/maksmykha/Documents/RobotikProject/build/yolo_msgs': CMAKE_PREFIX_PATH=${CMAKE_PREFIX_PATH}:/home/maksmykha/Documents/RobotikProject/install/yolo_ros:/opt/ros/jazzy DEBUGINFOD_URLS=https://debuginfod.ubuntu.com /usr/bin/cmake --install /home/maksmykha/Documents/RobotikProject/build/yolo_msgs
[1.009s] Level 1:colcon.colcon_core.environment:create_environment_scripts_only(robot_description)
[1.013s] Level 1:colcon.colcon_core.environment:checking '/home/maksmykha/Documents/RobotikProject/install/robot_description' for CMake module files
[1.014s] Level 1:colcon.colcon_core.environment:checking '/home/maksmykha/Documents/RobotikProject/install/robot_description' for CMake config files
[1.014s] Level 1:colcon.colcon_core.shell:create_environment_hook('robot_description', 'cmake_prefix_path')
[1.014s] INFO:colcon.colcon_core.shell:Creating environment hook '/home/maksmykha/Documents/RobotikProject/install/robot_description/share/robot_description/hook/cmake_prefix_path.ps1'
[1.015s] INFO:colcon.colcon_core.shell:Creating environment descriptor '/home/maksmykha/Documents/RobotikProject/install/robot_description/share/robot_description/hook/cmake_prefix_path.dsv'
[1.038s] INFO:colcon.colcon_core.shell:Creating environment hook '/home/maksmykha/Documents/RobotikProject/install/robot_description/share/robot_description/hook/cmake_prefix_path.sh'
[1.039s] Level 1:colcon.colcon_core.environment:checking '/home/maksmykha/Documents/RobotikProject/install/robot_description/bin'
[1.039s] Level 1:colcon.colcon_core.environment:checking '/home/maksmykha/Documents/RobotikProject/install/robot_description/lib/pkgconfig/robot_description.pc'
[1.039s] Level 1:colcon.colcon_core.environment:checking '/home/maksmykha/Documents/RobotikProject/install/robot_description/lib/python3.12/site-packages'
[1.039s] Level 1:colcon.colcon_core.environment:checking '/home/maksmykha/Documents/RobotikProject/install/robot_description/bin'
[1.040s] INFO:colcon.colcon_core.shell:Creating package script '/home/maksmykha/Documents/RobotikProject/install/robot_description/share/robot_description/package.ps1'
[1.041s] DEBUG:colcon.colcon_core.event_handler.log_command:Invoked command in '/home/maksmykha/Documents/RobotikProject/build/robot_description' returned '0': CMAKE_PREFIX_PATH=${CMAKE_PREFIX_PATH}:/home/maksmykha/Documents/RobotikProject/install/yolo_ros:/opt/ros/jazzy DEBUGINFOD_URLS=https://debuginfod.ubuntu.com /usr/bin/cmake --install /home/maksmykha/Documents/RobotikProject/build/robot_description
[1.041s] INFO:colcon.colcon_core.shell:Creating package descriptor '/home/maksmykha/Documents/RobotikProject/install/robot_description/share/robot_description/package.dsv'
[1.046s] INFO:colcon.colcon_core.shell:Creating package script '/home/maksmykha/Documents/RobotikProject/install/robot_description/share/robot_description/package.sh'
[1.046s] INFO:colcon.colcon_core.shell:Creating package script '/home/maksmykha/Documents/RobotikProject/install/robot_description/share/robot_description/package.bash'
[1.048s] INFO:colcon.colcon_core.shell:Creating package script '/home/maksmykha/Documents/RobotikProject/install/robot_description/share/robot_description/package.zsh'
[1.048s] Level 1:colcon.colcon_core.environment:create_file_with_runtime_dependencies(/home/maksmykha/Documents/RobotikProject/install/robot_description/share/colcon-core/packages/robot_description)
[1.051s] Level 1:colcon.colcon_core.environment:create_environment_scripts_only(robot_description)
[1.052s] Level 1:colcon.colcon_core.environment:checking '/home/maksmykha/Documents/RobotikProject/install/robot_description' for CMake module files
[1.052s] Level 1:colcon.colcon_core.environment:checking '/home/maksmykha/Documents/RobotikProject/install/robot_description' for CMake config files
[1.052s] Level 1:colcon.colcon_core.shell:create_environment_hook('robot_description', 'cmake_prefix_path')
[1.052s] INFO:colcon.colcon_core.shell:Creating environment hook '/home/maksmykha/Documents/RobotikProject/install/robot_description/share/robot_description/hook/cmake_prefix_path.ps1'
[1.053s] INFO:colcon.colcon_core.shell:Creating environment descriptor '/home/maksmykha/Documents/RobotikProject/install/robot_description/share/robot_description/hook/cmake_prefix_path.dsv'
[1.054s] INFO:colcon.colcon_core.shell:Creating environment hook '/home/maksmykha/Documents/RobotikProject/install/robot_description/share/robot_description/hook/cmake_prefix_path.sh'
[1.060s] Level 1:colcon.colcon_core.environment:checking '/home/maksmykha/Documents/RobotikProject/install/robot_description/bin'
[1.060s] Level 1:colcon.colcon_core.environment:checking '/home/maksmykha/Documents/RobotikProject/install/robot_description/lib/pkgconfig/robot_description.pc'
[1.061s] Level 1:colcon.colcon_core.environment:checking '/home/maksmykha/Documents/RobotikProject/install/robot_description/lib/python3.12/site-packages'
[1.061s] Level 1:colcon.colcon_core.environment:checking '/home/maksmykha/Documents/RobotikProject/install/robot_description/bin'
[1.061s] INFO:colcon.colcon_core.shell:Creating package script '/home/maksmykha/Documents/RobotikProject/install/robot_description/share/robot_description/package.ps1'
[1.062s] INFO:colcon.colcon_core.shell:Creating package descriptor '/home/maksmykha/Documents/RobotikProject/install/robot_description/share/robot_description/package.dsv'
[1.062s] INFO:colcon.colcon_core.shell:Creating package script '/home/maksmykha/Documents/RobotikProject/install/robot_description/share/robot_description/package.sh'
[1.062s] INFO:colcon.colcon_core.shell:Creating package script '/home/maksmykha/Documents/RobotikProject/install/robot_description/share/robot_description/package.bash'
[1.063s] INFO:colcon.colcon_core.shell:Creating package script '/home/maksmykha/Documents/RobotikProject/install/robot_description/share/robot_description/package.zsh'
[1.063s] Level 1:colcon.colcon_core.environment:create_file_with_runtime_dependencies(/home/maksmykha/Documents/RobotikProject/install/robot_description/share/colcon-core/packages/robot_description)
[1.108s] Level 1:colcon.colcon_core.environment:create_environment_scripts_only(yolo_msgs)
[1.108s] DEBUG:colcon.colcon_core.event_handler.log_command:Invoked command in '/home/maksmykha/Documents/RobotikProject/build/yolo_msgs' returned '0': CMAKE_PREFIX_PATH=${CMAKE_PREFIX_PATH}:/home/maksmykha/Documents/RobotikProject/install/yolo_ros:/opt/ros/jazzy DEBUGINFOD_URLS=https://debuginfod.ubuntu.com /usr/bin/cmake --install /home/maksmykha/Documents/RobotikProject/build/yolo_msgs
[1.108s] Level 1:colcon.colcon_core.environment:checking '/home/maksmykha/Documents/RobotikProject/install/yolo_msgs' for CMake module files
[1.111s] Level 1:colcon.colcon_core.environment:checking '/home/maksmykha/Documents/RobotikProject/install/yolo_msgs' for CMake config files
[1.111s] Level 1:colcon.colcon_core.shell:create_environment_hook('yolo_msgs', 'cmake_prefix_path')
[1.112s] INFO:colcon.colcon_core.shell:Creating environment hook '/home/maksmykha/Documents/RobotikProject/install/yolo_msgs/share/yolo_msgs/hook/cmake_prefix_path.ps1'
[1.113s] INFO:colcon.colcon_core.shell:Creating environment descriptor '/home/maksmykha/Documents/RobotikProject/install/yolo_msgs/share/yolo_msgs/hook/cmake_prefix_path.dsv'
[1.113s] INFO:colcon.colcon_core.shell:Creating environment hook '/home/maksmykha/Documents/RobotikProject/install/yolo_msgs/share/yolo_msgs/hook/cmake_prefix_path.sh'
[1.114s] Level 1:colcon.colcon_core.environment:checking '/home/maksmykha/Documents/RobotikProject/install/yolo_msgs/lib'
[1.114s] Level 1:colcon.colcon_core.shell:create_environment_hook('yolo_msgs', 'ld_library_path_lib')
[1.114s] INFO:colcon.colcon_core.shell:Creating environment hook '/home/maksmykha/Documents/RobotikProject/install/yolo_msgs/share/yolo_msgs/hook/ld_library_path_lib.ps1'
[1.114s] INFO:colcon.colcon_core.shell:Creating environment descriptor '/home/maksmykha/Documents/RobotikProject/install/yolo_msgs/share/yolo_msgs/hook/ld_library_path_lib.dsv'
[1.115s] INFO:colcon.colcon_core.shell:Creating environment hook '/home/maksmykha/Documents/RobotikProject/install/yolo_msgs/share/yolo_msgs/hook/ld_library_path_lib.sh'
[1.115s] Level 1:colcon.colcon_core.environment:checking '/home/maksmykha/Documents/RobotikProject/install/yolo_msgs/bin'
[1.115s] Level 1:colcon.colcon_core.environment:checking '/home/maksmykha/Documents/RobotikProject/install/yolo_msgs/lib/pkgconfig/yolo_msgs.pc'
[1.115s] Level 1:colcon.colcon_core.environment:checking '/home/maksmykha/Documents/RobotikProject/install/yolo_msgs/lib/python3.12/site-packages'
[1.115s] Level 1:colcon.colcon_core.shell:create_environment_hook('yolo_msgs', 'pythonpath')
[1.117s] INFO:colcon.colcon_core.shell:Creating environment hook '/home/maksmykha/Documents/RobotikProject/install/yolo_msgs/share/yolo_msgs/hook/pythonpath.ps1'
[1.117s] INFO:colcon.colcon_core.shell:Creating environment descriptor '/home/maksmykha/Documents/RobotikProject/install/yolo_msgs/share/yolo_msgs/hook/pythonpath.dsv'
[1.117s] INFO:colcon.colcon_core.shell:Creating environment hook '/home/maksmykha/Documents/RobotikProject/install/yolo_msgs/share/yolo_msgs/hook/pythonpath.sh'
[1.118s] Level 1:colcon.colcon_core.environment:checking '/home/maksmykha/Documents/RobotikProject/install/yolo_msgs/bin'
[1.118s] INFO:colcon.colcon_core.shell:Creating package script '/home/maksmykha/Documents/RobotikProject/install/yolo_msgs/share/yolo_msgs/package.ps1'
[1.122s] INFO:colcon.colcon_core.shell:Creating package descriptor '/home/maksmykha/Documents/RobotikProject/install/yolo_msgs/share/yolo_msgs/package.dsv'
[1.122s] INFO:colcon.colcon_core.shell:Creating package script '/home/maksmykha/Documents/RobotikProject/install/yolo_msgs/share/yolo_msgs/package.sh'
[1.122s] INFO:colcon.colcon_core.shell:Creating package script '/home/maksmykha/Documents/RobotikProject/install/yolo_msgs/share/yolo_msgs/package.bash'
[1.123s] INFO:colcon.colcon_core.shell:Creating package script '/home/maksmykha/Documents/RobotikProject/install/yolo_msgs/share/yolo_msgs/package.zsh'
[1.123s] Level 1:colcon.colcon_core.environment:create_file_with_runtime_dependencies(/home/maksmykha/Documents/RobotikProject/install/yolo_msgs/share/colcon-core/packages/yolo_msgs)
[1.123s] Level 1:colcon.colcon_core.environment:create_environment_scripts_only(yolo_msgs)
[1.123s] Level 1:colcon.colcon_core.environment:checking '/home/maksmykha/Documents/RobotikProject/install/yolo_msgs' for CMake module files
[1.124s] Level 1:colcon.colcon_core.environment:checking '/home/maksmykha/Documents/RobotikProject/install/yolo_msgs' for CMake config files
[1.124s] Level 1:colcon.colcon_core.shell:create_environment_hook('yolo_msgs', 'cmake_prefix_path')
[1.124s] INFO:colcon.colcon_core.shell:Creating environment hook '/home/maksmykha/Documents/RobotikProject/install/yolo_msgs/share/yolo_msgs/hook/cmake_prefix_path.ps1'
[1.124s] INFO:colcon.colcon_core.shell:Creating environment descriptor '/home/maksmykha/Documents/RobotikProject/install/yolo_msgs/share/yolo_msgs/hook/cmake_prefix_path.dsv'
[1.125s] INFO:colcon.colcon_core.shell:Creating environment hook '/home/maksmykha/Documents/RobotikProject/install/yolo_msgs/share/yolo_msgs/hook/cmake_prefix_path.sh'
[1.125s] Level 1:colcon.colcon_core.environment:checking '/home/maksmykha/Documents/RobotikProject/install/yolo_msgs/lib'
[1.125s] Level 1:colcon.colcon_core.shell:create_environment_hook('yolo_msgs', 'ld_library_path_lib')
[1.125s] INFO:colcon.colcon_core.shell:Creating environment hook '/home/maksmykha/Documents/RobotikProject/install/yolo_msgs/share/yolo_msgs/hook/ld_library_path_lib.ps1'
[1.125s] INFO:colcon.colcon_core.shell:Creating environment descriptor '/home/maksmykha/Documents/RobotikProject/install/yolo_msgs/share/yolo_msgs/hook/ld_library_path_lib.dsv'
[1.126s] INFO:colcon.colcon_core.shell:Creating environment hook '/home/maksmykha/Documents/RobotikProject/install/yolo_msgs/share/yolo_msgs/hook/ld_library_path_lib.sh'
[1.126s] Level 1:colcon.colcon_core.environment:checking '/home/maksmykha/Documents/RobotikProject/install/yolo_msgs/bin'
[1.126s] Level 1:colcon.colcon_core.environment:checking '/home/maksmykha/Documents/RobotikProject/install/yolo_msgs/lib/pkgconfig/yolo_msgs.pc'
[1.126s] Level 1:colcon.colcon_core.environment:checking '/home/maksmykha/Documents/RobotikProject/install/yolo_msgs/lib/python3.12/site-packages'
[1.126s] Level 1:colcon.colcon_core.shell:create_environment_hook('yolo_msgs', 'pythonpath')
[1.126s] INFO:colcon.colcon_core.shell:Creating environment hook '/home/maksmykha/Documents/RobotikProject/install/yolo_msgs/share/yolo_msgs/hook/pythonpath.ps1'
[1.127s] INFO:colcon.colcon_core.shell:Creating environment descriptor '/home/maksmykha/Documents/RobotikProject/install/yolo_msgs/share/yolo_msgs/hook/pythonpath.dsv'
[1.127s] INFO:colcon.colcon_core.shell:Creating environment hook '/home/maksmykha/Documents/RobotikProject/install/yolo_msgs/share/yolo_msgs/hook/pythonpath.sh'
[1.128s] Level 1:colcon.colcon_core.environment:checking '/home/maksmykha/Documents/RobotikProject/install/yolo_msgs/bin'
[1.128s] INFO:colcon.colcon_core.shell:Creating package script '/home/maksmykha/Documents/RobotikProject/install/yolo_msgs/share/yolo_msgs/package.ps1'
[1.129s] INFO:colcon.colcon_core.shell:Creating package descriptor '/home/maksmykha/Documents/RobotikProject/install/yolo_msgs/share/yolo_msgs/package.dsv'
[1.129s] INFO:colcon.colcon_core.shell:Creating package script '/home/maksmykha/Documents/RobotikProject/install/yolo_msgs/share/yolo_msgs/package.sh'
[1.130s] INFO:colcon.colcon_core.shell:Creating package script '/home/maksmykha/Documents/RobotikProject/install/yolo_msgs/share/yolo_msgs/package.bash'
[1.130s] INFO:colcon.colcon_core.shell:Creating package script '/home/maksmykha/Documents/RobotikProject/install/yolo_msgs/share/yolo_msgs/package.zsh'
[1.130s] Level 1:colcon.colcon_core.environment:create_file_with_runtime_dependencies(/home/maksmykha/Documents/RobotikProject/install/yolo_msgs/share/colcon-core/packages/yolo_msgs)
[1.131s] INFO:colcon.colcon_ros.task.ament_python.build:Building ROS package in '/home/maksmykha/Documents/RobotikProject/src/yolo_ros/yolo_ros' with build type 'ament_python'
[1.131s] Level 1:colcon.colcon_core.shell:create_environment_hook('yolo_ros', 'ament_prefix_path')
[1.131s] INFO:colcon.colcon_core.shell:Creating environment hook '/home/maksmykha/Documents/RobotikProject/install/yolo_ros/share/yolo_ros/hook/ament_prefix_path.ps1'
[1.131s] INFO:colcon.colcon_core.shell:Creating environment descriptor '/home/maksmykha/Documents/RobotikProject/install/yolo_ros/share/yolo_ros/hook/ament_prefix_path.dsv'
[1.131s] INFO:colcon.colcon_core.shell:Creating environment hook '/home/maksmykha/Documents/RobotikProject/install/yolo_ros/share/yolo_ros/hook/ament_prefix_path.sh'
[1.132s] INFO:colcon.colcon_core.shell:Skip shell extension 'powershell' for command environment: Not usable outside of PowerShell
[1.132s] DEBUG:colcon.colcon_core.shell:Skip shell extension 'dsv' for command environment
[1.373s] INFO:colcon.colcon_core.task.python.build:Building Python package in '/home/maksmykha/Documents/RobotikProject/src/yolo_ros/yolo_ros'
[1.374s] INFO:colcon.colcon_core.shell:Skip shell extension 'powershell' for command environment: Not usable outside of PowerShell
[1.374s] DEBUG:colcon.colcon_core.shell:Skip shell extension 'dsv' for command environment
[1.528s] DEBUG:colcon.colcon_core.event_handler.log_command:Invoking command in '/home/maksmykha/Documents/RobotikProject/build/robotik_bringup': DEBUGINFOD_URLS=https://debuginfod.ubuntu.com PYTHONPATH=/home/maksmykha/Documents/RobotikProject/build/robotik_bringup/prefix_override:/usr/lib/python3/dist-packages/colcon_core/task/python/colcon_distutils_commands:/home/maksmykha/Documents/RobotikProject/install/robotik_bringup/lib/python3.12/site-packages:${PYTHONPATH} /usr/bin/python3 -W ignore:setup.py install is deprecated -W ignore:easy_install command is deprecated setup.py develop --editable --build-directory /home/maksmykha/Documents/RobotikProject/build/robotik_bringup/build --no-deps symlink_data
[1.540s] DEBUG:colcon.colcon_core.event_handler.log_command:Invoking command in '/home/maksmykha/Documents/RobotikProject/build/robotik_sorting': DEBUGINFOD_URLS=https://debuginfod.ubuntu.com PYTHONPATH=/home/maksmykha/Documents/RobotikProject/build/robotik_sorting/prefix_override:/usr/lib/python3/dist-packages/colcon_core/task/python/colcon_distutils_commands:/home/maksmykha/Documents/RobotikProject/install/robotik_sorting/lib/python3.12/site-packages:${PYTHONPATH} /usr/bin/python3 -W ignore:setup.py install is deprecated -W ignore:easy_install command is deprecated setup.py develop --editable --build-directory /home/maksmykha/Documents/RobotikProject/build/robotik_sorting/build --no-deps symlink_data
[1.545s] DEBUG:colcon.colcon_core.event_handler.log_command:Invoking command in '/home/maksmykha/Documents/RobotikProject/build/robotik_control': DEBUGINFOD_URLS=https://debuginfod.ubuntu.com PYTHONPATH=/home/maksmykha/Documents/RobotikProject/build/robotik_control/prefix_override:/usr/lib/python3/dist-packages/colcon_core/task/python/colcon_distutils_commands:/home/maksmykha/Documents/RobotikProject/install/robotik_control/lib/python3.12/site-packages:${PYTHONPATH} /usr/bin/python3 -W ignore:setup.py install is deprecated -W ignore:easy_install command is deprecated setup.py develop --editable --build-directory /home/maksmykha/Documents/RobotikProject/build/robotik_control/build --no-deps symlink_data
[1.550s] DEBUG:colcon.colcon_core.event_handler.log_command:Invoked command in '/home/maksmykha/Documents/RobotikProject/build/robotik_description' returned '0': CMAKE_PREFIX_PATH=${CMAKE_PREFIX_PATH}:/home/maksmykha/Documents/RobotikProject/install/yolo_ros:/opt/ros/jazzy DEBUGINFOD_URLS=https://debuginfod.ubuntu.com /usr/bin/cmake /home/maksmykha/Documents/RobotikProject/src/robotik_description -DAMENT_CMAKE_SYMLINK_INSTALL=1 -DCMAKE_INSTALL_PREFIX=/home/maksmykha/Documents/RobotikProject/install/robotik_description
[1.551s] DEBUG:colcon.colcon_core.event_handler.log_command:Invoking command in '/home/maksmykha/Documents/RobotikProject/build/robotik_description': CMAKE_PREFIX_PATH=${CMAKE_PREFIX_PATH}:/home/maksmykha/Documents/RobotikProject/install/yolo_ros:/opt/ros/jazzy DEBUGINFOD_URLS=https://debuginfod.ubuntu.com /usr/bin/cmake --build /home/maksmykha/Documents/RobotikProject/build/robotik_description -- -j8 -l8
[1.578s] DEBUG:colcon.colcon_core.event_handler.log_command:Invoking command in '/home/maksmykha/Documents/RobotikProject/build/robotik_gazebo': DEBUGINFOD_URLS=https://debuginfod.ubuntu.com PYTHONPATH=/home/maksmykha/Documents/RobotikProject/build/robotik_gazebo/prefix_override:/usr/lib/python3/dist-packages/colcon_core/task/python/colcon_distutils_commands:/home/maksmykha/Documents/RobotikProject/install/robotik_gazebo/lib/python3.12/site-packages:${PYTHONPATH} /usr/bin/python3 -W ignore:setup.py install is deprecated -W ignore:easy_install command is deprecated setup.py develop --editable --build-directory /home/maksmykha/Documents/RobotikProject/build/robotik_gazebo/build --no-deps symlink_data
[1.607s] DEBUG:colcon.colcon_core.event_handler.log_command:Invoked command in '/home/maksmykha/Documents/RobotikProject/build/robotik_description' returned '0': CMAKE_PREFIX_PATH=${CMAKE_PREFIX_PATH}:/home/maksmykha/Documents/RobotikProject/install/yolo_ros:/opt/ros/jazzy DEBUGINFOD_URLS=https://debuginfod.ubuntu.com /usr/bin/cmake --build /home/maksmykha/Documents/RobotikProject/build/robotik_description -- -j8 -l8
[1.608s] DEBUG:colcon.colcon_core.event_handler.log_command:Invoking command in '/home/maksmykha/Documents/RobotikProject/build/robotik_description': CMAKE_PREFIX_PATH=${CMAKE_PREFIX_PATH}:/home/maksmykha/Documents/RobotikProject/install/yolo_ros:/opt/ros/jazzy DEBUGINFOD_URLS=https://debuginfod.ubuntu.com /usr/bin/cmake --install /home/maksmykha/Documents/RobotikProject/build/robotik_description
[1.626s] DEBUG:colcon.colcon_core.event_handler.log_command:Invoking command in '/home/maksmykha/Documents/RobotikProject/build/robotik_vision': DEBUGINFOD_URLS=https://debuginfod.ubuntu.com PYTHONPATH=/home/maksmykha/Documents/RobotikProject/build/robotik_vision/prefix_override:/usr/lib/python3/dist-packages/colcon_core/task/python/colcon_distutils_commands:/home/maksmykha/Documents/RobotikProject/install/robotik_vision/lib/python3.12/site-packages:${PYTHONPATH} /usr/bin/python3 -W ignore:setup.py install is deprecated -W ignore:easy_install command is deprecated setup.py develop --editable --build-directory /home/maksmykha/Documents/RobotikProject/build/robotik_vision/build --no-deps symlink_data
[1.797s] Level 1:colcon.colcon_core.environment:create_environment_scripts_only(robotik_description)
[1.798s] DEBUG:colcon.colcon_core.event_handler.log_command:Invoked command in '/home/maksmykha/Documents/RobotikProject/build/robotik_description' returned '0': CMAKE_PREFIX_PATH=${CMAKE_PREFIX_PATH}:/home/maksmykha/Documents/RobotikProject/install/yolo_ros:/opt/ros/jazzy DEBUGINFOD_URLS=https://debuginfod.ubuntu.com /usr/bin/cmake --install /home/maksmykha/Documents/RobotikProject/build/robotik_description
[1.798s] Level 1:colcon.colcon_core.environment:checking '/home/maksmykha/Documents/RobotikProject/install/robotik_description' for CMake module files
[1.798s] Level 1:colcon.colcon_core.environment:checking '/home/maksmykha/Documents/RobotikProject/install/robotik_description' for CMake config files
[1.798s] Level 1:colcon.colcon_core.shell:create_environment_hook('robotik_description', 'cmake_prefix_path')
[1.799s] INFO:colcon.colcon_core.shell:Creating environment hook '/home/maksmykha/Documents/RobotikProject/install/robotik_description/share/robotik_description/hook/cmake_prefix_path.ps1'
[1.799s] INFO:colcon.colcon_core.shell:Creating environment descriptor '/home/maksmykha/Documents/RobotikProject/install/robotik_description/share/robotik_description/hook/cmake_prefix_path.dsv'
[1.799s] INFO:colcon.colcon_core.shell:Creating environment hook '/home/maksmykha/Documents/RobotikProject/install/robotik_description/share/robotik_description/hook/cmake_prefix_path.sh'
[1.799s] Level 1:colcon.colcon_core.environment:checking '/home/maksmykha/Documents/RobotikProject/install/robotik_description/bin'
[1.799s] Level 1:colcon.colcon_core.environment:checking '/home/maksmykha/Documents/RobotikProject/install/robotik_description/lib/pkgconfig/robotik_description.pc'
[1.800s] Level 1:colcon.colcon_core.environment:checking '/home/maksmykha/Documents/RobotikProject/install/robotik_description/lib/python3.12/site-packages'
[1.800s] Level 1:colcon.colcon_core.environment:checking '/home/maksmykha/Documents/RobotikProject/install/robotik_description/bin'
[1.800s] INFO:colcon.colcon_core.shell:Creating package script '/home/maksmykha/Documents/RobotikProject/install/robotik_description/share/robotik_description/package.ps1'
[1.800s] INFO:colcon.colcon_core.shell:Creating package descriptor '/home/maksmykha/Documents/RobotikProject/install/robotik_description/share/robotik_description/package.dsv'
[1.800s] INFO:colcon.colcon_core.shell:Creating package script '/home/maksmykha/Documents/RobotikProject/install/robotik_description/share/robotik_description/package.sh'
[1.801s] INFO:colcon.colcon_core.shell:Creating package script '/home/maksmykha/Documents/RobotikProject/install/robotik_description/share/robotik_description/package.bash'
[1.801s] INFO:colcon.colcon_core.shell:Creating package script '/home/maksmykha/Documents/RobotikProject/install/robotik_description/share/robotik_description/package.zsh'
[1.801s] Level 1:colcon.colcon_core.environment:create_file_with_runtime_dependencies(/home/maksmykha/Documents/RobotikProject/install/robotik_description/share/colcon-core/packages/robotik_description)
[1.802s] Level 1:colcon.colcon_core.environment:create_environment_scripts_only(robotik_description)
[1.802s] Level 1:colcon.colcon_core.environment:checking '/home/maksmykha/Documents/RobotikProject/install/robotik_description' for CMake module files
[1.802s] Level 1:colcon.colcon_core.environment:checking '/home/maksmykha/Documents/RobotikProject/install/robotik_description' for CMake config files
[1.802s] Level 1:colcon.colcon_core.shell:create_environment_hook('robotik_description', 'cmake_prefix_path')
[1.802s] INFO:colcon.colcon_core.shell:Creating environment hook '/home/maksmykha/Documents/RobotikProject/install/robotik_description/share/robotik_description/hook/cmake_prefix_path.ps1'
[1.802s] INFO:colcon.colcon_core.shell:Creating environment descriptor '/home/maksmykha/Documents/RobotikProject/install/robotik_description/share/robotik_description/hook/cmake_prefix_path.dsv'
[1.803s] INFO:colcon.colcon_core.shell:Creating environment hook '/home/maksmykha/Documents/RobotikProject/install/robotik_description/share/robotik_description/hook/cmake_prefix_path.sh'
[1.803s] Level 1:colcon.colcon_core.environment:checking '/home/maksmykha/Documents/RobotikProject/install/robotik_description/bin'
[1.803s] Level 1:colcon.colcon_core.environment:checking '/home/maksmykha/Documents/RobotikProject/install/robotik_description/lib/pkgconfig/robotik_description.pc'
[1.803s] Level 1:colcon.colcon_core.environment:checking '/home/maksmykha/Documents/RobotikProject/install/robotik_description/lib/python3.12/site-packages'
[1.803s] Level 1:colcon.colcon_core.environment:checking '/home/maksmykha/Documents/RobotikProject/install/robotik_description/bin'
[1.804s] INFO:colcon.colcon_core.shell:Creating package script '/home/maksmykha/Documents/RobotikProject/install/robotik_description/share/robotik_description/package.ps1'
[1.804s] INFO:colcon.colcon_core.shell:Creating package descriptor '/home/maksmykha/Documents/RobotikProject/install/robotik_description/share/robotik_description/package.dsv'
[1.805s] INFO:colcon.colcon_core.shell:Creating package script '/home/maksmykha/Documents/RobotikProject/install/robotik_description/share/robotik_description/package.sh'
[1.806s] INFO:colcon.colcon_core.shell:Creating package script '/home/maksmykha/Documents/RobotikProject/install/robotik_description/share/robotik_description/package.bash'
[1.807s] INFO:colcon.colcon_core.shell:Creating package script '/home/maksmykha/Documents/RobotikProject/install/robotik_description/share/robotik_description/package.zsh'
[1.807s] Level 1:colcon.colcon_core.environment:create_file_with_runtime_dependencies(/home/maksmykha/Documents/RobotikProject/install/robotik_description/share/colcon-core/packages/robotik_description)
[1.937s] DEBUG:colcon.colcon_core.event_handler.log_command:Invoking command in '/home/maksmykha/Documents/RobotikProject/build/yolo_ros': CMAKE_PREFIX_PATH=/home/maksmykha/Documents/RobotikProject/install/yolo_msgs:/home/maksmykha/Documents/RobotikProject/install/yolo_bringup:/home/maksmykha/Documents/RobotikProject/install/robot_description:/opt/ros/jazzy/opt/gz_sim_vendor:/opt/ros/jazzy/opt/gz_sensors_vendor:/opt/ros/jazzy/opt/gz_physics_vendor:/opt/ros/jazzy/opt/sdformat_vendor:/opt/ros/jazzy/opt/gz_gui_vendor:/opt/ros/jazzy/opt/gz_transport_vendor:/opt/ros/jazzy/opt/gz_rendering_vendor:/opt/ros/jazzy/opt/gz_plugin_vendor:/opt/ros/jazzy/opt/gz_fuel_tools_vendor:/opt/ros/jazzy/opt/gz_msgs_vendor:/opt/ros/jazzy/opt/gz_common_vendor:/opt/ros/jazzy/opt/gz_math_vendor:/opt/ros/jazzy/opt/gz_utils_vendor:/opt/ros/jazzy/opt/gz_tools_vendor:/opt/ros/jazzy/opt/gz_ogre_next_vendor:/opt/ros/jazzy/opt/gz_dartsim_vendor:/opt/ros/jazzy/opt/gz_cmake_vendor DEBUGINFOD_URLS=https://debuginfod.ubuntu.com PYTHONPATH=/home/maksmykha/Documents/RobotikProject/build/yolo_ros/prefix_override:/usr/lib/python3/dist-packages/colcon_core/task/python/colcon_distutils_commands:/home/maksmykha/Documents/RobotikProject/install/yolo_ros/lib/python3.12/site-packages:/home/maksmykha/Documents/RobotikProject/install/yolo_msgs/lib/python3.12/site-packages:/home/maksmykha/Documents/RobotikProject/build/yolo_ros:/home/maksmykha/Documents/RobotikProject/install/yolo_ros/lib/python3.12/site-packages:/opt/ros/jazzy/lib/python3.12/site-packages /usr/bin/python3 -W ignore:setup.py install is deprecated -W ignore:easy_install command is deprecated setup.py develop --editable --build-directory /home/maksmykha/Documents/RobotikProject/build/yolo_ros/build --no-deps symlink_data
[2.084s] Level 1:colcon.colcon_core.shell:create_environment_hook('robotik_bringup', 'pythonpath_develop')
[2.084s] INFO:colcon.colcon_core.shell:Creating environment hook '/home/maksmykha/Documents/RobotikProject/build/robotik_bringup/share/robotik_bringup/hook/pythonpath_develop.ps1'
[2.084s] INFO:colcon.colcon_core.shell:Creating environment descriptor '/home/maksmykha/Documents/RobotikProject/build/robotik_bringup/share/robotik_bringup/hook/pythonpath_develop.dsv'
[2.085s] INFO:colcon.colcon_core.shell:Creating environment hook '/home/maksmykha/Documents/RobotikProject/build/robotik_bringup/share/robotik_bringup/hook/pythonpath_develop.sh'
[2.085s] Level 1:colcon.colcon_core.environment:checking '/home/maksmykha/Documents/RobotikProject/install/robotik_bringup' for CMake module files
[2.085s] Level 1:colcon.colcon_core.environment:checking '/home/maksmykha/Documents/RobotikProject/install/robotik_bringup' for CMake config files
[2.086s] Level 1:colcon.colcon_core.environment:checking '/home/maksmykha/Documents/RobotikProject/install/robotik_bringup/lib'
[2.086s] Level 1:colcon.colcon_core.environment:checking '/home/maksmykha/Documents/RobotikProject/install/robotik_bringup/bin'
[2.086s] Level 1:colcon.colcon_core.environment:checking '/home/maksmykha/Documents/RobotikProject/install/robotik_bringup/lib/pkgconfig/robotik_bringup.pc'
[2.086s] Level 1:colcon.colcon_core.environment:checking '/home/maksmykha/Documents/RobotikProject/install/robotik_bringup/lib/python3.12/site-packages'
[2.086s] Level 1:colcon.colcon_core.shell:create_environment_hook('robotik_bringup', 'pythonpath')
[2.086s] INFO:colcon.colcon_core.shell:Creating environment hook '/home/maksmykha/Documents/RobotikProject/install/robotik_bringup/share/robotik_bringup/hook/pythonpath.ps1'
[2.086s] DEBUG:colcon.colcon_core.event_handler.log_command:Invoked command in '/home/maksmykha/Documents/RobotikProject/build/robotik_bringup' returned '0': DEBUGINFOD_URLS=https://debuginfod.ubuntu.com PYTHONPATH=/home/maksmykha/Documents/RobotikProject/build/robotik_bringup/prefix_override:/usr/lib/python3/dist-packages/colcon_core/task/python/colcon_distutils_commands:/home/maksmykha/Documents/RobotikProject/install/robotik_bringup/lib/python3.12/site-packages:${PYTHONPATH} /usr/bin/python3 -W ignore:setup.py install is deprecated -W ignore:easy_install command is deprecated setup.py develop --editable --build-directory /home/maksmykha/Documents/RobotikProject/build/robotik_bringup/build --no-deps symlink_data
[2.087s] INFO:colcon.colcon_core.shell:Creating environment descriptor '/home/maksmykha/Documents/RobotikProject/install/robotik_bringup/share/robotik_bringup/hook/pythonpath.dsv'
[2.087s] INFO:colcon.colcon_core.shell:Creating environment hook '/home/maksmykha/Documents/RobotikProject/install/robotik_bringup/share/robotik_bringup/hook/pythonpath.sh'
[2.087s] Level 1:colcon.colcon_core.environment:checking '/home/maksmykha/Documents/RobotikProject/install/robotik_bringup/bin'
[2.087s] Level 1:colcon.colcon_core.environment:create_environment_scripts_only(robotik_bringup)
[2.088s] INFO:colcon.colcon_core.shell:Creating package script '/home/maksmykha/Documents/RobotikProject/install/robotik_bringup/share/robotik_bringup/package.ps1'
[2.088s] INFO:colcon.colcon_core.shell:Creating package descriptor '/home/maksmykha/Documents/RobotikProject/install/robotik_bringup/share/robotik_bringup/package.dsv'
[2.088s] INFO:colcon.colcon_core.shell:Creating package script '/home/maksmykha/Documents/RobotikProject/install/robotik_bringup/share/robotik_bringup/package.sh'
[2.089s] INFO:colcon.colcon_core.shell:Creating package script '/home/maksmykha/Documents/RobotikProject/install/robotik_bringup/share/robotik_bringup/package.bash'
[2.089s] INFO:colcon.colcon_core.shell:Creating package script '/home/maksmykha/Documents/RobotikProject/install/robotik_bringup/share/robotik_bringup/package.zsh'
[2.089s] Level 1:colcon.colcon_core.environment:create_file_with_runtime_dependencies(/home/maksmykha/Documents/RobotikProject/install/robotik_bringup/share/colcon-core/packages/robotik_bringup)
[2.098s] Level 1:colcon.colcon_core.shell:create_environment_hook('robotik_control', 'pythonpath_develop')
[2.098s] INFO:colcon.colcon_core.shell:Creating environment hook '/home/maksmykha/Documents/RobotikProject/build/robotik_control/share/robotik_control/hook/pythonpath_develop.ps1'
[2.099s] DEBUG:colcon.colcon_core.event_handler.log_command:Invoked command in '/home/maksmykha/Documents/RobotikProject/build/robotik_control' returned '0': DEBUGINFOD_URLS=https://debuginfod.ubuntu.com PYTHONPATH=/home/maksmykha/Documents/RobotikProject/build/robotik_control/prefix_override:/usr/lib/python3/dist-packages/colcon_core/task/python/colcon_distutils_commands:/home/maksmykha/Documents/RobotikProject/install/robotik_control/lib/python3.12/site-packages:${PYTHONPATH} /usr/bin/python3 -W ignore:setup.py install is deprecated -W ignore:easy_install command is deprecated setup.py develop --editable --build-directory /home/maksmykha/Documents/RobotikProject/build/robotik_control/build --no-deps symlink_data
[2.099s] INFO:colcon.colcon_core.shell:Creating environment descriptor '/home/maksmykha/Documents/RobotikProject/build/robotik_control/share/robotik_control/hook/pythonpath_develop.dsv'
[2.100s] INFO:colcon.colcon_core.shell:Creating environment hook '/home/maksmykha/Documents/RobotikProject/build/robotik_control/share/robotik_control/hook/pythonpath_develop.sh'
[2.100s] Level 1:colcon.colcon_core.environment:checking '/home/maksmykha/Documents/RobotikProject/install/robotik_control' for CMake module files
[2.101s] Level 1:colcon.colcon_core.environment:checking '/home/maksmykha/Documents/RobotikProject/install/robotik_control' for CMake config files
[2.101s] Level 1:colcon.colcon_core.environment:checking '/home/maksmykha/Documents/RobotikProject/install/robotik_control/lib'
[2.101s] Level 1:colcon.colcon_core.environment:checking '/home/maksmykha/Documents/RobotikProject/install/robotik_control/bin'
[2.101s] Level 1:colcon.colcon_core.environment:checking '/home/maksmykha/Documents/RobotikProject/install/robotik_control/lib/pkgconfig/robotik_control.pc'
[2.101s] Level 1:colcon.colcon_core.environment:checking '/home/maksmykha/Documents/RobotikProject/install/robotik_control/lib/python3.12/site-packages'
[2.101s] Level 1:colcon.colcon_core.shell:create_environment_hook('robotik_control', 'pythonpath')
[2.101s] INFO:colcon.colcon_core.shell:Creating environment hook '/home/maksmykha/Documents/RobotikProject/install/robotik_control/share/robotik_control/hook/pythonpath.ps1'
[2.102s] INFO:colcon.colcon_core.shell:Creating environment descriptor '/home/maksmykha/Documents/RobotikProject/install/robotik_control/share/robotik_control/hook/pythonpath.dsv'
[2.102s] INFO:colcon.colcon_core.shell:Creating environment hook '/home/maksmykha/Documents/RobotikProject/install/robotik_control/share/robotik_control/hook/pythonpath.sh'
[2.102s] Level 1:colcon.colcon_core.environment:checking '/home/maksmykha/Documents/RobotikProject/install/robotik_control/bin'
[2.102s] Level 1:colcon.colcon_core.environment:create_environment_scripts_only(robotik_control)
[2.102s] INFO:colcon.colcon_core.shell:Creating package script '/home/maksmykha/Documents/RobotikProject/install/robotik_control/share/robotik_control/package.ps1'
[2.103s] INFO:colcon.colcon_core.shell:Creating package descriptor '/home/maksmykha/Documents/RobotikProject/install/robotik_control/share/robotik_control/package.dsv'
[2.103s] INFO:colcon.colcon_core.shell:Creating package script '/home/maksmykha/Documents/RobotikProject/install/robotik_control/share/robotik_control/package.sh'
[2.104s] INFO:colcon.colcon_core.shell:Creating package script '/home/maksmykha/Documents/RobotikProject/install/robotik_control/share/robotik_control/package.bash'
[2.104s] INFO:colcon.colcon_core.shell:Creating package script '/home/maksmykha/Documents/RobotikProject/install/robotik_control/share/robotik_control/package.zsh'
[2.104s] Level 1:colcon.colcon_core.environment:create_file_with_runtime_dependencies(/home/maksmykha/Documents/RobotikProject/install/robotik_control/share/colcon-core/packages/robotik_control)
[2.141s] Level 1:colcon.colcon_core.shell:create_environment_hook('robotik_gazebo', 'pythonpath_develop')
[2.142s] INFO:colcon.colcon_core.shell:Creating environment hook '/home/maksmykha/Documents/RobotikProject/build/robotik_gazebo/share/robotik_gazebo/hook/pythonpath_develop.ps1'
[2.143s] DEBUG:colcon.colcon_core.event_handler.log_command:Invoked command in '/home/maksmykha/Documents/RobotikProject/build/robotik_gazebo' returned '0': DEBUGINFOD_URLS=https://debuginfod.ubuntu.com PYTHONPATH=/home/maksmykha/Documents/RobotikProject/build/robotik_gazebo/prefix_override:/usr/lib/python3/dist-packages/colcon_core/task/python/colcon_distutils_commands:/home/maksmykha/Documents/RobotikProject/install/robotik_gazebo/lib/python3.12/site-packages:${PYTHONPATH} /usr/bin/python3 -W ignore:setup.py install is deprecated -W ignore:easy_install command is deprecated setup.py develop --editable --build-directory /home/maksmykha/Documents/RobotikProject/build/robotik_gazebo/build --no-deps symlink_data
[2.144s] INFO:colcon.colcon_core.shell:Creating environment descriptor '/home/maksmykha/Documents/RobotikProject/build/robotik_gazebo/share/robotik_gazebo/hook/pythonpath_develop.dsv'
[2.144s] INFO:colcon.colcon_core.shell:Creating environment hook '/home/maksmykha/Documents/RobotikProject/build/robotik_gazebo/share/robotik_gazebo/hook/pythonpath_develop.sh'
[2.144s] Level 1:colcon.colcon_core.environment:checking '/home/maksmykha/Documents/RobotikProject/install/robotik_gazebo' for CMake module files
[2.144s] Level 1:colcon.colcon_core.environment:checking '/home/maksmykha/Documents/RobotikProject/install/robotik_gazebo' for CMake config files
[2.145s] Level 1:colcon.colcon_core.environment:checking '/home/maksmykha/Documents/RobotikProject/install/robotik_gazebo/lib'
[2.145s] Level 1:colcon.colcon_core.environment:checking '/home/maksmykha/Documents/RobotikProject/install/robotik_gazebo/bin'
[2.145s] Level 1:colcon.colcon_core.environment:checking '/home/maksmykha/Documents/RobotikProject/install/robotik_gazebo/lib/pkgconfig/robotik_gazebo.pc'
[2.145s] Level 1:colcon.colcon_core.environment:checking '/home/maksmykha/Documents/RobotikProject/install/robotik_gazebo/lib/python3.12/site-packages'
[2.145s] Level 1:colcon.colcon_core.shell:create_environment_hook('robotik_gazebo', 'pythonpath')
[2.145s] INFO:colcon.colcon_core.shell:Creating environment hook '/home/maksmykha/Documents/RobotikProject/install/robotik_gazebo/share/robotik_gazebo/hook/pythonpath.ps1'
[2.148s] INFO:colcon.colcon_core.shell:Creating environment descriptor '/home/maksmykha/Documents/RobotikProject/install/robotik_gazebo/share/robotik_gazebo/hook/pythonpath.dsv'
[2.148s] INFO:colcon.colcon_core.shell:Creating environment hook '/home/maksmykha/Documents/RobotikProject/install/robotik_gazebo/share/robotik_gazebo/hook/pythonpath.sh'
[2.148s] Level 1:colcon.colcon_core.environment:checking '/home/maksmykha/Documents/RobotikProject/install/robotik_gazebo/bin'
[2.148s] Level 1:colcon.colcon_core.environment:create_environment_scripts_only(robotik_gazebo)
[2.149s] INFO:colcon.colcon_core.shell:Creating package script '/home/maksmykha/Documents/RobotikProject/install/robotik_gazebo/share/robotik_gazebo/package.ps1'
[2.149s] INFO:colcon.colcon_core.shell:Creating package descriptor '/home/maksmykha/Documents/RobotikProject/install/robotik_gazebo/share/robotik_gazebo/package.dsv'
[2.150s] INFO:colcon.colcon_core.shell:Creating package script '/home/maksmykha/Documents/RobotikProject/install/robotik_gazebo/share/robotik_gazebo/package.sh'
[2.150s] INFO:colcon.colcon_core.shell:Creating package script '/home/maksmykha/Documents/RobotikProject/install/robotik_gazebo/share/robotik_gazebo/package.bash'
[2.150s] INFO:colcon.colcon_core.shell:Creating package script '/home/maksmykha/Documents/RobotikProject/install/robotik_gazebo/share/robotik_gazebo/package.zsh'
[2.150s] Level 1:colcon.colcon_core.environment:create_file_with_runtime_dependencies(/home/maksmykha/Documents/RobotikProject/install/robotik_gazebo/share/colcon-core/packages/robotik_gazebo)
[2.153s] Level 1:colcon.colcon_core.shell:create_environment_hook('robotik_sorting', 'pythonpath_develop')
[2.153s] INFO:colcon.colcon_core.shell:Creating environment hook '/home/maksmykha/Documents/RobotikProject/build/robotik_sorting/share/robotik_sorting/hook/pythonpath_develop.ps1'
[2.153s] DEBUG:colcon.colcon_core.event_handler.log_command:Invoked command in '/home/maksmykha/Documents/RobotikProject/build/robotik_sorting' returned '0': DEBUGINFOD_URLS=https://debuginfod.ubuntu.com PYTHONPATH=/home/maksmykha/Documents/RobotikProject/build/robotik_sorting/prefix_override:/usr/lib/python3/dist-packages/colcon_core/task/python/colcon_distutils_commands:/home/maksmykha/Documents/RobotikProject/install/robotik_sorting/lib/python3.12/site-packages:${PYTHONPATH} /usr/bin/python3 -W ignore:setup.py install is deprecated -W ignore:easy_install command is deprecated setup.py develop --editable --build-directory /home/maksmykha/Documents/RobotikProject/build/robotik_sorting/build --no-deps symlink_data
[2.154s] INFO:colcon.colcon_core.shell:Creating environment descriptor '/home/maksmykha/Documents/RobotikProject/build/robotik_sorting/share/robotik_sorting/hook/pythonpath_develop.dsv'
[2.154s] INFO:colcon.colcon_core.shell:Creating environment hook '/home/maksmykha/Documents/RobotikProject/build/robotik_sorting/share/robotik_sorting/hook/pythonpath_develop.sh'
[2.154s] Level 1:colcon.colcon_core.environment:checking '/home/maksmykha/Documents/RobotikProject/install/robotik_sorting' for CMake module files
[2.155s] Level 1:colcon.colcon_core.environment:checking '/home/maksmykha/Documents/RobotikProject/install/robotik_sorting' for CMake config files
[2.155s] Level 1:colcon.colcon_core.environment:checking '/home/maksmykha/Documents/RobotikProject/install/robotik_sorting/lib'
[2.155s] Level 1:colcon.colcon_core.environment:checking '/home/maksmykha/Documents/RobotikProject/install/robotik_sorting/bin'
[2.155s] Level 1:colcon.colcon_core.environment:checking '/home/maksmykha/Documents/RobotikProject/install/robotik_sorting/lib/pkgconfig/robotik_sorting.pc'
[2.155s] Level 1:colcon.colcon_core.environment:checking '/home/maksmykha/Documents/RobotikProject/install/robotik_sorting/lib/python3.12/site-packages'
[2.155s] Level 1:colcon.colcon_core.shell:create_environment_hook('robotik_sorting', 'pythonpath')
[2.156s] INFO:colcon.colcon_core.shell:Creating environment hook '/home/maksmykha/Documents/RobotikProject/install/robotik_sorting/share/robotik_sorting/hook/pythonpath.ps1'
[2.156s] INFO:colcon.colcon_core.shell:Creating environment descriptor '/home/maksmykha/Documents/RobotikProject/install/robotik_sorting/share/robotik_sorting/hook/pythonpath.dsv'
[2.156s] INFO:colcon.colcon_core.shell:Creating environment hook '/home/maksmykha/Documents/RobotikProject/install/robotik_sorting/share/robotik_sorting/hook/pythonpath.sh'
[2.156s] Level 1:colcon.colcon_core.environment:checking '/home/maksmykha/Documents/RobotikProject/install/robotik_sorting/bin'
[2.156s] Level 1:colcon.colcon_core.environment:create_environment_scripts_only(robotik_sorting)
[2.156s] INFO:colcon.colcon_core.shell:Creating package script '/home/maksmykha/Documents/RobotikProject/install/robotik_sorting/share/robotik_sorting/package.ps1'
[2.157s] INFO:colcon.colcon_core.shell:Creating package descriptor '/home/maksmykha/Documents/RobotikProject/install/robotik_sorting/share/robotik_sorting/package.dsv'
[2.157s] INFO:colcon.colcon_core.shell:Creating package script '/home/maksmykha/Documents/RobotikProject/install/robotik_sorting/share/robotik_sorting/package.sh'
[2.159s] INFO:colcon.colcon_core.shell:Creating package script '/home/maksmykha/Documents/RobotikProject/install/robotik_sorting/share/robotik_sorting/package.bash'
[2.160s] INFO:colcon.colcon_core.shell:Creating package script '/home/maksmykha/Documents/RobotikProject/install/robotik_sorting/share/robotik_sorting/package.zsh'
[2.160s] Level 1:colcon.colcon_core.environment:create_file_with_runtime_dependencies(/home/maksmykha/Documents/RobotikProject/install/robotik_sorting/share/colcon-core/packages/robotik_sorting)
[2.211s] Level 1:colcon.colcon_core.shell:create_environment_hook('robotik_vision', 'pythonpath_develop')
[2.211s] DEBUG:colcon.colcon_core.event_handler.log_command:Invoked command in '/home/maksmykha/Documents/RobotikProject/build/robotik_vision' returned '0': DEBUGINFOD_URLS=https://debuginfod.ubuntu.com PYTHONPATH=/home/maksmykha/Documents/RobotikProject/build/robotik_vision/prefix_override:/usr/lib/python3/dist-packages/colcon_core/task/python/colcon_distutils_commands:/home/maksmykha/Documents/RobotikProject/install/robotik_vision/lib/python3.12/site-packages:${PYTHONPATH} /usr/bin/python3 -W ignore:setup.py install is deprecated -W ignore:easy_install command is deprecated setup.py develop --editable --build-directory /home/maksmykha/Documents/RobotikProject/build/robotik_vision/build --no-deps symlink_data
[2.211s] INFO:colcon.colcon_core.shell:Creating environment hook '/home/maksmykha/Documents/RobotikProject/build/robotik_vision/share/robotik_vision/hook/pythonpath_develop.ps1'
[2.212s] INFO:colcon.colcon_core.shell:Creating environment descriptor '/home/maksmykha/Documents/RobotikProject/build/robotik_vision/share/robotik_vision/hook/pythonpath_develop.dsv'
[2.212s] INFO:colcon.colcon_core.shell:Creating environment hook '/home/maksmykha/Documents/RobotikProject/build/robotik_vision/share/robotik_vision/hook/pythonpath_develop.sh'
[2.212s] Level 1:colcon.colcon_core.environment:checking '/home/maksmykha/Documents/RobotikProject/install/robotik_vision' for CMake module files
[2.212s] Level 1:colcon.colcon_core.environment:checking '/home/maksmykha/Documents/RobotikProject/install/robotik_vision' for CMake config files
[2.213s] Level 1:colcon.colcon_core.environment:checking '/home/maksmykha/Documents/RobotikProject/install/robotik_vision/lib'
[2.213s] Level 1:colcon.colcon_core.environment:checking '/home/maksmykha/Documents/RobotikProject/install/robotik_vision/bin'
[2.213s] Level 1:colcon.colcon_core.environment:checking '/home/maksmykha/Documents/RobotikProject/install/robotik_vision/lib/pkgconfig/robotik_vision.pc'
[2.213s] Level 1:colcon.colcon_core.environment:checking '/home/maksmykha/Documents/RobotikProject/install/robotik_vision/lib/python3.12/site-packages'
[2.213s] Level 1:colcon.colcon_core.shell:create_environment_hook('robotik_vision', 'pythonpath')
[2.213s] INFO:colcon.colcon_core.shell:Creating environment hook '/home/maksmykha/Documents/RobotikProject/install/robotik_vision/share/robotik_vision/hook/pythonpath.ps1'
[2.213s] INFO:colcon.colcon_core.shell:Creating environment descriptor '/home/maksmykha/Documents/RobotikProject/install/robotik_vision/share/robotik_vision/hook/pythonpath.dsv'
[2.213s] INFO:colcon.colcon_core.shell:Creating environment hook '/home/maksmykha/Documents/RobotikProject/install/robotik_vision/share/robotik_vision/hook/pythonpath.sh'
[2.214s] Level 1:colcon.colcon_core.environment:checking '/home/maksmykha/Documents/RobotikProject/install/robotik_vision/bin'
[2.214s] Level 1:colcon.colcon_core.environment:create_environment_scripts_only(robotik_vision)
[2.214s] INFO:colcon.colcon_core.shell:Creating package script '/home/maksmykha/Documents/RobotikProject/install/robotik_vision/share/robotik_vision/package.ps1'
[2.214s] INFO:colcon.colcon_core.shell:Creating package descriptor '/home/maksmykha/Documents/RobotikProject/install/robotik_vision/share/robotik_vision/package.dsv'
[2.215s] INFO:colcon.colcon_core.shell:Creating package script '/home/maksmykha/Documents/RobotikProject/install/robotik_vision/share/robotik_vision/package.sh'
[2.215s] INFO:colcon.colcon_core.shell:Creating package script '/home/maksmykha/Documents/RobotikProject/install/robotik_vision/share/robotik_vision/package.bash'
[2.215s] INFO:colcon.colcon_core.shell:Creating package script '/home/maksmykha/Documents/RobotikProject/install/robotik_vision/share/robotik_vision/package.zsh'
[2.215s] Level 1:colcon.colcon_core.environment:create_file_with_runtime_dependencies(/home/maksmykha/Documents/RobotikProject/install/robotik_vision/share/colcon-core/packages/robotik_vision)
[2.384s] Level 1:colcon.colcon_core.shell:create_environment_hook('yolo_ros', 'pythonpath_develop')
[2.384s] INFO:colcon.colcon_core.shell:Creating environment hook '/home/maksmykha/Documents/RobotikProject/build/yolo_ros/share/yolo_ros/hook/pythonpath_develop.ps1'
[2.384s] DEBUG:colcon.colcon_core.event_handler.log_command:Invoked command in '/home/maksmykha/Documents/RobotikProject/build/yolo_ros' returned '0': CMAKE_PREFIX_PATH=/home/maksmykha/Documents/RobotikProject/install/yolo_msgs:/home/maksmykha/Documents/RobotikProject/install/yolo_bringup:/home/maksmykha/Documents/RobotikProject/install/robot_description:/opt/ros/jazzy/opt/gz_sim_vendor:/opt/ros/jazzy/opt/gz_sensors_vendor:/opt/ros/jazzy/opt/gz_physics_vendor:/opt/ros/jazzy/opt/sdformat_vendor:/opt/ros/jazzy/opt/gz_gui_vendor:/opt/ros/jazzy/opt/gz_transport_vendor:/opt/ros/jazzy/opt/gz_rendering_vendor:/opt/ros/jazzy/opt/gz_plugin_vendor:/opt/ros/jazzy/opt/gz_fuel_tools_vendor:/opt/ros/jazzy/opt/gz_msgs_vendor:/opt/ros/jazzy/opt/gz_common_vendor:/opt/ros/jazzy/opt/gz_math_vendor:/opt/ros/jazzy/opt/gz_utils_vendor:/opt/ros/jazzy/opt/gz_tools_vendor:/opt/ros/jazzy/opt/gz_ogre_next_vendor:/opt/ros/jazzy/opt/gz_dartsim_vendor:/opt/ros/jazzy/opt/gz_cmake_vendor DEBUGINFOD_URLS=https://debuginfod.ubuntu.com PYTHONPATH=/home/maksmykha/Documents/RobotikProject/build/yolo_ros/prefix_override:/usr/lib/python3/dist-packages/colcon_core/task/python/colcon_distutils_commands:/home/maksmykha/Documents/RobotikProject/install/yolo_ros/lib/python3.12/site-packages:/home/maksmykha/Documents/RobotikProject/install/yolo_msgs/lib/python3.12/site-packages:/home/maksmykha/Documents/RobotikProject/build/yolo_ros:/home/maksmykha/Documents/RobotikProject/install/yolo_ros/lib/python3.12/site-packages:/opt/ros/jazzy/lib/python3.12/site-packages /usr/bin/python3 -W ignore:setup.py install is deprecated -W ignore:easy_install command is deprecated setup.py develop --editable --build-directory /home/maksmykha/Documents/RobotikProject/build/yolo_ros/build --no-deps symlink_data
[2.385s] INFO:colcon.colcon_core.shell:Creating environment descriptor '/home/maksmykha/Documents/RobotikProject/build/yolo_ros/share/yolo_ros/hook/pythonpath_develop.dsv'
[2.385s] INFO:colcon.colcon_core.shell:Creating environment hook '/home/maksmykha/Documents/RobotikProject/build/yolo_ros/share/yolo_ros/hook/pythonpath_develop.sh'
[2.385s] Level 1:colcon.colcon_core.environment:checking '/home/maksmykha/Documents/RobotikProject/install/yolo_ros' for CMake module files
[2.386s] Level 1:colcon.colcon_core.environment:checking '/home/maksmykha/Documents/RobotikProject/install/yolo_ros' for CMake config files
[2.386s] Level 1:colcon.colcon_core.environment:checking '/home/maksmykha/Documents/RobotikProject/install/yolo_ros/lib'
[2.386s] Level 1:colcon.colcon_core.environment:checking '/home/maksmykha/Documents/RobotikProject/install/yolo_ros/bin'
[2.386s] Level 1:colcon.colcon_core.environment:checking '/home/maksmykha/Documents/RobotikProject/install/yolo_ros/lib/pkgconfig/yolo_ros.pc'
[2.386s] Level 1:colcon.colcon_core.environment:checking '/home/maksmykha/Documents/RobotikProject/install/yolo_ros/lib/python3.12/site-packages'
[2.386s] Level 1:colcon.colcon_core.shell:create_environment_hook('yolo_ros', 'pythonpath')
[2.386s] INFO:colcon.colcon_core.shell:Creating environment hook '/home/maksmykha/Documents/RobotikProject/install/yolo_ros/share/yolo_ros/hook/pythonpath.ps1'
[2.386s] INFO:colcon.colcon_core.shell:Creating environment descriptor '/home/maksmykha/Documents/RobotikProject/install/yolo_ros/share/yolo_ros/hook/pythonpath.dsv'
[2.387s] INFO:colcon.colcon_core.shell:Creating environment hook '/home/maksmykha/Documents/RobotikProject/install/yolo_ros/share/yolo_ros/hook/pythonpath.sh'
[2.387s] Level 1:colcon.colcon_core.environment:checking '/home/maksmykha/Documents/RobotikProject/install/yolo_ros/bin'
[2.387s] Level 1:colcon.colcon_core.environment:create_environment_scripts_only(yolo_ros)
[2.387s] INFO:colcon.colcon_core.shell:Creating package script '/home/maksmykha/Documents/RobotikProject/install/yolo_ros/share/yolo_ros/package.ps1'
[2.387s] INFO:colcon.colcon_core.shell:Creating package descriptor '/home/maksmykha/Documents/RobotikProject/install/yolo_ros/share/yolo_ros/package.dsv'
[2.388s] INFO:colcon.colcon_core.shell:Creating package script '/home/maksmykha/Documents/RobotikProject/install/yolo_ros/share/yolo_ros/package.sh'
[2.388s] INFO:colcon.colcon_core.shell:Creating package script '/home/maksmykha/Documents/RobotikProject/install/yolo_ros/share/yolo_ros/package.bash'
[2.388s] INFO:colcon.colcon_core.shell:Creating package script '/home/maksmykha/Documents/RobotikProject/install/yolo_ros/share/yolo_ros/package.zsh'
[2.388s] Level 1:colcon.colcon_core.environment:create_file_with_runtime_dependencies(/home/maksmykha/Documents/RobotikProject/install/yolo_ros/share/colcon-core/packages/yolo_ros)
[2.388s] INFO:colcon.colcon_ros.task.ament_cmake.build:Building ROS package in '/home/maksmykha/Documents/RobotikProject/src/yolo_ros/yolo_bringup' with build type 'ament_cmake'
[2.388s] INFO:colcon.colcon_cmake.task.cmake.build:Building CMake package in '/home/maksmykha/Documents/RobotikProject/src/yolo_ros/yolo_bringup'
[2.389s] INFO:colcon.colcon_core.shell:Skip shell extension 'powershell' for command environment: Not usable outside of PowerShell
[2.389s] DEBUG:colcon.colcon_core.shell:Skip shell extension 'dsv' for command environment
[2.401s] DEBUG:colcon.colcon_core.event_handler.log_command:Invoking command in '/home/maksmykha/Documents/RobotikProject/build/yolo_bringup': AMENT_PREFIX_PATH=/home/maksmykha/Documents/RobotikProject/install/yolo_ros:/home/maksmykha/Documents/RobotikProject/install/yolo_bringup:/home/maksmykha/Documents/RobotikProject/install/yolo_msgs:/home/maksmykha/Documents/RobotikProject/install/robot_description:/opt/ros/jazzy CMAKE_PREFIX_PATH=/home/maksmykha/Documents/RobotikProject/install/yolo_msgs:/home/maksmykha/Documents/RobotikProject/install/yolo_bringup:/home/maksmykha/Documents/RobotikProject/install/robot_description:/opt/ros/jazzy/opt/gz_sim_vendor:/opt/ros/jazzy/opt/gz_sensors_vendor:/opt/ros/jazzy/opt/gz_physics_vendor:/opt/ros/jazzy/opt/sdformat_vendor:/opt/ros/jazzy/opt/gz_gui_vendor:/opt/ros/jazzy/opt/gz_transport_vendor:/opt/ros/jazzy/opt/gz_rendering_vendor:/opt/ros/jazzy/opt/gz_plugin_vendor:/opt/ros/jazzy/opt/gz_fuel_tools_vendor:/opt/ros/jazzy/opt/gz_msgs_vendor:/opt/ros/jazzy/opt/gz_common_vendor:/opt/ros/jazzy/opt/gz_math_vendor:/opt/ros/jazzy/opt/gz_utils_vendor:/opt/ros/jazzy/opt/gz_tools_vendor:/opt/ros/jazzy/opt/gz_ogre_next_vendor:/opt/ros/jazzy/opt/gz_dartsim_vendor:/opt/ros/jazzy/opt/gz_cmake_vendor:/home/maksmykha/Documents/RobotikProject/install/yolo_ros:/opt/ros/jazzy DEBUGINFOD_URLS=https://debuginfod.ubuntu.com /usr/bin/cmake --build /home/maksmykha/Documents/RobotikProject/build/yolo_bringup -- -j8 -l8
[2.430s] DEBUG:colcon.colcon_core.event_handler.log_command:Invoked command in '/home/maksmykha/Documents/RobotikProject/build/yolo_bringup' returned '0': AMENT_PREFIX_PATH=/home/maksmykha/Documents/RobotikProject/install/yolo_ros:/home/maksmykha/Documents/RobotikProject/install/yolo_bringup:/home/maksmykha/Documents/RobotikProject/install/yolo_msgs:/home/maksmykha/Documents/RobotikProject/install/robot_description:/opt/ros/jazzy CMAKE_PREFIX_PATH=/home/maksmykha/Documents/RobotikProject/install/yolo_msgs:/home/maksmykha/Documents/RobotikProject/install/yolo_bringup:/home/maksmykha/Documents/RobotikProject/install/robot_description:/opt/ros/jazzy/opt/gz_sim_vendor:/opt/ros/jazzy/opt/gz_sensors_vendor:/opt/ros/jazzy/opt/gz_physics_vendor:/opt/ros/jazzy/opt/sdformat_vendor:/opt/ros/jazzy/opt/gz_gui_vendor:/opt/ros/jazzy/opt/gz_transport_vendor:/opt/ros/jazzy/opt/gz_rendering_vendor:/opt/ros/jazzy/opt/gz_plugin_vendor:/opt/ros/jazzy/opt/gz_fuel_tools_vendor:/opt/ros/jazzy/opt/gz_msgs_vendor:/opt/ros/jazzy/opt/gz_common_vendor:/opt/ros/jazzy/opt/gz_math_vendor:/opt/ros/jazzy/opt/gz_utils_vendor:/opt/ros/jazzy/opt/gz_tools_vendor:/opt/ros/jazzy/opt/gz_ogre_next_vendor:/opt/ros/jazzy/opt/gz_dartsim_vendor:/opt/ros/jazzy/opt/gz_cmake_vendor:/home/maksmykha/Documents/RobotikProject/install/yolo_ros:/opt/ros/jazzy DEBUGINFOD_URLS=https://debuginfod.ubuntu.com /usr/bin/cmake --build /home/maksmykha/Documents/RobotikProject/build/yolo_bringup -- -j8 -l8
[2.431s] DEBUG:colcon.colcon_core.event_handler.log_command:Invoking command in '/home/maksmykha/Documents/RobotikProject/build/yolo_bringup': AMENT_PREFIX_PATH=/home/maksmykha/Documents/RobotikProject/install/yolo_ros:/home/maksmykha/Documents/RobotikProject/install/yolo_bringup:/home/maksmykha/Documents/RobotikProject/install/yolo_msgs:/home/maksmykha/Documents/RobotikProject/install/robot_description:/opt/ros/jazzy CMAKE_PREFIX_PATH=/home/maksmykha/Documents/RobotikProject/install/yolo_msgs:/home/maksmykha/Documents/RobotikProject/install/yolo_bringup:/home/maksmykha/Documents/RobotikProject/install/robot_description:/opt/ros/jazzy/opt/gz_sim_vendor:/opt/ros/jazzy/opt/gz_sensors_vendor:/opt/ros/jazzy/opt/gz_physics_vendor:/opt/ros/jazzy/opt/sdformat_vendor:/opt/ros/jazzy/opt/gz_gui_vendor:/opt/ros/jazzy/opt/gz_transport_vendor:/opt/ros/jazzy/opt/gz_rendering_vendor:/opt/ros/jazzy/opt/gz_plugin_vendor:/opt/ros/jazzy/opt/gz_fuel_tools_vendor:/opt/ros/jazzy/opt/gz_msgs_vendor:/opt/ros/jazzy/opt/gz_common_vendor:/opt/ros/jazzy/opt/gz_math_vendor:/opt/ros/jazzy/opt/gz_utils_vendor:/opt/ros/jazzy/opt/gz_tools_vendor:/opt/ros/jazzy/opt/gz_ogre_next_vendor:/opt/ros/jazzy/opt/gz_dartsim_vendor:/opt/ros/jazzy/opt/gz_cmake_vendor:/home/maksmykha/Documents/RobotikProject/install/yolo_ros:/opt/ros/jazzy DEBUGINFOD_URLS=https://debuginfod.ubuntu.com /usr/bin/cmake --install /home/maksmykha/Documents/RobotikProject/build/yolo_bringup
[2.445s] Level 1:colcon.colcon_core.environment:create_environment_scripts_only(yolo_bringup)
[2.445s] Level 1:colcon.colcon_core.environment:checking '/home/maksmykha/Documents/RobotikProject/install/yolo_bringup' for CMake module files
[2.445s] DEBUG:colcon.colcon_core.event_handler.log_command:Invoked command in '/home/maksmykha/Documents/RobotikProject/build/yolo_bringup' returned '0': AMENT_PREFIX_PATH=/home/maksmykha/Documents/RobotikProject/install/yolo_ros:/home/maksmykha/Documents/RobotikProject/install/yolo_bringup:/home/maksmykha/Documents/RobotikProject/install/yolo_msgs:/home/maksmykha/Documents/RobotikProject/install/robot_description:/opt/ros/jazzy CMAKE_PREFIX_PATH=/home/maksmykha/Documents/RobotikProject/install/yolo_msgs:/home/maksmykha/Documents/RobotikProject/install/yolo_bringup:/home/maksmykha/Documents/RobotikProject/install/robot_description:/opt/ros/jazzy/opt/gz_sim_vendor:/opt/ros/jazzy/opt/gz_sensors_vendor:/opt/ros/jazzy/opt/gz_physics_vendor:/opt/ros/jazzy/opt/sdformat_vendor:/opt/ros/jazzy/opt/gz_gui_vendor:/opt/ros/jazzy/opt/gz_transport_vendor:/opt/ros/jazzy/opt/gz_rendering_vendor:/opt/ros/jazzy/opt/gz_plugin_vendor:/opt/ros/jazzy/opt/gz_fuel_tools_vendor:/opt/ros/jazzy/opt/gz_msgs_vendor:/opt/ros/jazzy/opt/gz_common_vendor:/opt/ros/jazzy/opt/gz_math_vendor:/opt/ros/jazzy/opt/gz_utils_vendor:/opt/ros/jazzy/opt/gz_tools_vendor:/opt/ros/jazzy/opt/gz_ogre_next_vendor:/opt/ros/jazzy/opt/gz_dartsim_vendor:/opt/ros/jazzy/opt/gz_cmake_vendor:/home/maksmykha/Documents/RobotikProject/install/yolo_ros:/opt/ros/jazzy DEBUGINFOD_URLS=https://debuginfod.ubuntu.com /usr/bin/cmake --install /home/maksmykha/Documents/RobotikProject/build/yolo_bringup
[2.445s] Level 1:colcon.colcon_core.environment:checking '/home/maksmykha/Documents/RobotikProject/install/yolo_bringup' for CMake config files
[2.445s] Level 1:colcon.colcon_core.shell:create_environment_hook('yolo_bringup', 'cmake_prefix_path')
[2.445s] INFO:colcon.colcon_core.shell:Creating environment hook '/home/maksmykha/Documents/RobotikProject/install/yolo_bringup/share/yolo_bringup/hook/cmake_prefix_path.ps1'
[2.446s] INFO:colcon.colcon_core.shell:Creating environment descriptor '/home/maksmykha/Documents/RobotikProject/install/yolo_bringup/share/yolo_bringup/hook/cmake_prefix_path.dsv'
[2.446s] INFO:colcon.colcon_core.shell:Creating environment hook '/home/maksmykha/Documents/RobotikProject/install/yolo_bringup/share/yolo_bringup/hook/cmake_prefix_path.sh'
[2.446s] Level 1:colcon.colcon_core.environment:checking '/home/maksmykha/Documents/RobotikProject/install/yolo_bringup/bin'
[2.446s] Level 1:colcon.colcon_core.environment:checking '/home/maksmykha/Documents/RobotikProject/install/yolo_bringup/lib/pkgconfig/yolo_bringup.pc'
[2.446s] Level 1:colcon.colcon_core.environment:checking '/home/maksmykha/Documents/RobotikProject/install/yolo_bringup/lib/python3.12/site-packages'
[2.446s] Level 1:colcon.colcon_core.environment:checking '/home/maksmykha/Documents/RobotikProject/install/yolo_bringup/bin'
[2.447s] INFO:colcon.colcon_core.shell:Creating package script '/home/maksmykha/Documents/RobotikProject/install/yolo_bringup/share/yolo_bringup/package.ps1'
[2.447s] INFO:colcon.colcon_core.shell:Creating package descriptor '/home/maksmykha/Documents/RobotikProject/install/yolo_bringup/share/yolo_bringup/package.dsv'
[2.447s] INFO:colcon.colcon_core.shell:Creating package script '/home/maksmykha/Documents/RobotikProject/install/yolo_bringup/share/yolo_bringup/package.sh'
[2.447s] INFO:colcon.colcon_core.shell:Creating package script '/home/maksmykha/Documents/RobotikProject/install/yolo_bringup/share/yolo_bringup/package.bash'
[2.447s] INFO:colcon.colcon_core.shell:Creating package script '/home/maksmykha/Documents/RobotikProject/install/yolo_bringup/share/yolo_bringup/package.zsh'
[2.447s] Level 1:colcon.colcon_core.environment:create_file_with_runtime_dependencies(/home/maksmykha/Documents/RobotikProject/install/yolo_bringup/share/colcon-core/packages/yolo_bringup)
[2.448s] Level 1:colcon.colcon_core.environment:create_environment_scripts_only(yolo_bringup)
[2.448s] Level 1:colcon.colcon_core.environment:checking '/home/maksmykha/Documents/RobotikProject/install/yolo_bringup' for CMake module files
[2.448s] Level 1:colcon.colcon_core.environment:checking '/home/maksmykha/Documents/RobotikProject/install/yolo_bringup' for CMake config files
[2.448s] Level 1:colcon.colcon_core.shell:create_environment_hook('yolo_bringup', 'cmake_prefix_path')
[2.448s] INFO:colcon.colcon_core.shell:Creating environment hook '/home/maksmykha/Documents/RobotikProject/install/yolo_bringup/share/yolo_bringup/hook/cmake_prefix_path.ps1'
[2.448s] INFO:colcon.colcon_core.shell:Creating environment descriptor '/home/maksmykha/Documents/RobotikProject/install/yolo_bringup/share/yolo_bringup/hook/cmake_prefix_path.dsv'
[2.448s] INFO:colcon.colcon_core.shell:Creating environment hook '/home/maksmykha/Documents/RobotikProject/install/yolo_bringup/share/yolo_bringup/hook/cmake_prefix_path.sh'
[2.449s] Level 1:colcon.colcon_core.environment:checking '/home/maksmykha/Documents/RobotikProject/install/yolo_bringup/bin'
[2.449s] Level 1:colcon.colcon_core.environment:checking '/home/maksmykha/Documents/RobotikProject/install/yolo_bringup/lib/pkgconfig/yolo_bringup.pc'
[2.449s] Level 1:colcon.colcon_core.environment:checking '/home/maksmykha/Documents/RobotikProject/install/yolo_bringup/lib/python3.12/site-packages'
[2.449s] Level 1:colcon.colcon_core.environment:checking '/home/maksmykha/Documents/RobotikProject/install/yolo_bringup/bin'
[2.449s] INFO:colcon.colcon_core.shell:Creating package script '/home/maksmykha/Documents/RobotikProject/install/yolo_bringup/share/yolo_bringup/package.ps1'
[2.449s] INFO:colcon.colcon_core.shell:Creating package descriptor '/home/maksmykha/Documents/RobotikProject/install/yolo_bringup/share/yolo_bringup/package.dsv'
[2.449s] INFO:colcon.colcon_core.shell:Creating package script '/home/maksmykha/Documents/RobotikProject/install/yolo_bringup/share/yolo_bringup/package.sh'
[2.450s] INFO:colcon.colcon_core.shell:Creating package script '/home/maksmykha/Documents/RobotikProject/install/yolo_bringup/share/yolo_bringup/package.bash'
[2.450s] INFO:colcon.colcon_core.shell:Creating package script '/home/maksmykha/Documents/RobotikProject/install/yolo_bringup/share/yolo_bringup/package.zsh'
[2.450s] Level 1:colcon.colcon_core.environment:create_file_with_runtime_dependencies(/home/maksmykha/Documents/RobotikProject/install/yolo_bringup/share/colcon-core/packages/yolo_bringup)
[2.450s] DEBUG:colcon.colcon_parallel_executor.executor.parallel:closing loop
[2.450s] DEBUG:colcon.colcon_parallel_executor.executor.parallel:loop closed
[2.450s] DEBUG:colcon.colcon_parallel_executor.executor.parallel:run_until_complete finished with '0'
[2.450s] DEBUG:colcon.colcon_core.event_reactor:joining thread
[2.456s] INFO:colcon.colcon_core.plugin_system:Skipping extension 'colcon_notification.desktop_notification.terminal_notifier': Not used on non-Darwin systems
[2.456s] INFO:colcon.colcon_core.plugin_system:Skipping extension 'colcon_notification.desktop_notification.win32': Not used on non-Windows systems
[2.456s] INFO:colcon.colcon_notification.desktop_notification:Sending desktop notification using 'notify2'
[2.492s] DEBUG:colcon.colcon_core.event_reactor:joined thread
[2.493s] INFO:colcon.colcon_core.shell:Creating prefix script '/home/maksmykha/Documents/RobotikProject/install/local_setup.ps1'
[2.493s] INFO:colcon.colcon_core.shell:Creating prefix util module '/home/maksmykha/Documents/RobotikProject/install/_local_setup_util_ps1.py'
[2.494s] INFO:colcon.colcon_core.shell:Creating prefix chain script '/home/maksmykha/Documents/RobotikProject/install/setup.ps1'
[2.495s] INFO:colcon.colcon_core.shell:Creating prefix script '/home/maksmykha/Documents/RobotikProject/install/local_setup.sh'
[2.496s] INFO:colcon.colcon_core.shell:Creating prefix util module '/home/maksmykha/Documents/RobotikProject/install/_local_setup_util_sh.py'
[2.496s] INFO:colcon.colcon_core.shell:Creating prefix chain script '/home/maksmykha/Documents/RobotikProject/install/setup.sh'
[2.497s] INFO:colcon.colcon_core.shell:Creating prefix script '/home/maksmykha/Documents/RobotikProject/install/local_setup.bash'
[2.497s] INFO:colcon.colcon_core.shell:Creating prefix chain script '/home/maksmykha/Documents/RobotikProject/install/setup.bash'
[2.498s] INFO:colcon.colcon_core.shell:Creating prefix script '/home/maksmykha/Documents/RobotikProject/install/local_setup.zsh'
[2.498s] INFO:colcon.colcon_core.shell:Creating prefix chain script '/home/maksmykha/Documents/RobotikProject/install/setup.zsh'
