[0.109s] DEBUG:colcon:Command line arguments: ['/usr/bin/colcon', 'build', '--symlink-install']
[0.110s] DEBUG:colcon:Parsed command line arguments: Namespace(log_base=None, log_level=None, verb_name='build', build_base='build', install_base='install', merge_install=False, symlink_install=True, test_result_base=None, continue_on_error=False, executor='parallel', parallel_workers=8, event_handlers=None, ignore_user_meta=False, metas=['./colcon.meta'], base_paths=['.'], packages_ignore=None, packages_ignore_regex=None, paths=None, packages_up_to=None, packages_up_to_regex=None, packages_above=None, packages_above_and_dependencies=None, packages_above_depth=None, packages_select_by_dep=None, packages_skip_by_dep=None, packages_skip_up_to=None, packages_select_build_failed=False, packages_skip_build_finished=False, packages_select_test_failures=False, packages_skip_test_passed=False, packages_select=None, packages_skip=None, packages_select_regex=None, packages_skip_regex=None, packages_start=None, packages_end=None, allow_overriding=[], cmake_args=None, cmake_target=None, cmake_target_skip_unavailable=False, cmake_clean_cache=False, cmake_clean_first=False, cmake_force_configure=False, ament_cmake_args=None, catkin_cmake_args=None, catkin_skip_building_tests=False, mixin_files=None, mixin=None, verb_parser=<colcon_mixin.mixin.mixin_argument.MixinArgumentDecorator object at 0xe7e323c55d90>, verb_extension=<colcon_core.verb.build.BuildVerb object at 0xe7e323f3bb90>, main=<bound method BuildVerb.main of <colcon_core.verb.build.BuildVerb object at 0xe7e323f3bb90>>, mixin_verb=('build',))
[0.143s] Level 1:colcon.colcon_core.package_discovery:discover_packages(colcon_meta) check parameters
[0.143s] Level 1:colcon.colcon_core.package_discovery:discover_packages(recursive) check parameters
[0.143s] Level 1:colcon.colcon_core.package_discovery:discover_packages(ignore) check parameters
[0.143s] Level 1:colcon.colcon_core.package_discovery:discover_packages(path) check parameters
[0.143s] Level 1:colcon.colcon_core.package_discovery:discover_packages(colcon_meta) discover
[0.143s] Level 1:colcon.colcon_core.package_discovery:discover_packages(recursive) discover
[0.143s] INFO:colcon.colcon_core.package_discovery:Crawling recursively for packages in '/home/maksmykha/Documents/RobotikProject'
[0.143s] Level 1:colcon.colcon_core.package_identification:_identify(.) by extensions ['ignore', 'ignore_ament_install']
[0.143s] Level 1:colcon.colcon_core.package_identification:_identify(.) by extension 'ignore'
[0.143s] Level 1:colcon.colcon_core.package_identification:_identify(.) by extension 'ignore_ament_install'
[0.144s] Level 1:colcon.colcon_core.package_identification:_identify(.) by extensions ['colcon_pkg']
[0.144s] Level 1:colcon.colcon_core.package_identification:_identify(.) by extension 'colcon_pkg'
[0.144s] Level 1:colcon.colcon_core.package_identification:_identify(.) by extensions ['colcon_meta']
[0.144s] Level 1:colcon.colcon_core.package_identification:_identify(.) by extension 'colcon_meta'
[0.144s] Level 1:colcon.colcon_core.package_identification:_identify(.) by extensions ['ros']
[0.144s] Level 1:colcon.colcon_core.package_identification:_identify(.) by extension 'ros'
[0.173s] Level 1:colcon.colcon_core.package_identification:_identify(.) by extensions ['cmake', 'python']
[0.174s] Level 1:colcon.colcon_core.package_identification:_identify(.) by extension 'cmake'
[0.174s] Level 1:colcon.colcon_core.package_identification:_identify(.) by extension 'python'
[0.174s] Level 1:colcon.colcon_core.package_identification:_identify(.) by extensions ['python_setup_py']
[0.174s] Level 1:colcon.colcon_core.package_identification:_identify(.) by extension 'python_setup_py'
[0.174s] Level 1:colcon.colcon_core.package_identification:_identify(build) by extensions ['ignore', 'ignore_ament_install']
[0.174s] Level 1:colcon.colcon_core.package_identification:_identify(build) by extension 'ignore'
[0.174s] Level 1:colcon.colcon_core.package_identification:_identify(build) ignored
[0.174s] Level 1:colcon.colcon_core.package_identification:_identify(install) by extensions ['ignore', 'ignore_ament_install']
[0.174s] Level 1:colcon.colcon_core.package_identification:_identify(install) by extension 'ignore'
[0.174s] Level 1:colcon.colcon_core.package_identification:_identify(install) ignored
[0.174s] Level 1:colcon.colcon_core.package_identification:_identify(log) by extensions ['ignore', 'ignore_ament_install']
[0.174s] Level 1:colcon.colcon_core.package_identification:_identify(log) by extension 'ignore'
[0.174s] Level 1:colcon.colcon_core.package_identification:_identify(log) ignored
[0.174s] Level 1:colcon.colcon_core.package_identification:_identify(src) by extensions ['ignore', 'ignore_ament_install']
[0.174s] Level 1:colcon.colcon_core.package_identification:_identify(src) by extension 'ignore'
[0.174s] Level 1:colcon.colcon_core.package_identification:_identify(src) by extension 'ignore_ament_install'
[0.174s] Level 1:colcon.colcon_core.package_identification:_identify(src) by extensions ['colcon_pkg']
[0.174s] Level 1:colcon.colcon_core.package_identification:_identify(src) by extension 'colcon_pkg'
[0.174s] Level 1:colcon.colcon_core.package_identification:_identify(src) by extensions ['colcon_meta']
[0.174s] Level 1:colcon.colcon_core.package_identification:_identify(src) by extension 'colcon_meta'
[0.174s] Level 1:colcon.colcon_core.package_identification:_identify(src) by extensions ['ros']
[0.174s] Level 1:colcon.colcon_core.package_identification:_identify(src) by extension 'ros'
[0.175s] Level 1:colcon.colcon_core.package_identification:_identify(src) by extensions ['cmake', 'python']
[0.175s] Level 1:colcon.colcon_core.package_identification:_identify(src) by extension 'cmake'
[0.175s] Level 1:colcon.colcon_core.package_identification:_identify(src) by extension 'python'
[0.175s] Level 1:colcon.colcon_core.package_identification:_identify(src) by extensions ['python_setup_py']
[0.175s] Level 1:colcon.colcon_core.package_identification:_identify(src) by extension 'python_setup_py'
[0.175s] Level 1:colcon.colcon_core.package_identification:_identify(src/robot_description) by extensions ['ignore', 'ignore_ament_install']
[0.175s] Level 1:colcon.colcon_core.package_identification:_identify(src/robot_description) by extension 'ignore'
[0.175s] Level 1:colcon.colcon_core.package_identification:_identify(src/robot_description) by extension 'ignore_ament_install'
[0.175s] Level 1:colcon.colcon_core.package_identification:_identify(src/robot_description) by extensions ['colcon_pkg']
[0.175s] Level 1:colcon.colcon_core.package_identification:_identify(src/robot_description) by extension 'colcon_pkg'
[0.175s] Level 1:colcon.colcon_core.package_identification:_identify(src/robot_description) by extensions ['colcon_meta']
[0.175s] Level 1:colcon.colcon_core.package_identification:_identify(src/robot_description) by extension 'colcon_meta'
[0.175s] Level 1:colcon.colcon_core.package_identification:_identify(src/robot_description) by extensions ['ros']
[0.175s] Level 1:colcon.colcon_core.package_identification:_identify(src/robot_description) by extension 'ros'
[0.177s] DEBUG:colcon.colcon_core.package_identification:Package 'src/robot_description' with type 'ros.ament_cmake' and name 'robot_description'
[0.177s] Level 1:colcon.colcon_core.package_identification:_identify(src/robotik_bringup) by extensions ['ignore', 'ignore_ament_install']
[0.177s] Level 1:colcon.colcon_core.package_identification:_identify(src/robotik_bringup) by extension 'ignore'
[0.177s] Level 1:colcon.colcon_core.package_identification:_identify(src/robotik_bringup) by extension 'ignore_ament_install'
[0.177s] Level 1:colcon.colcon_core.package_identification:_identify(src/robotik_bringup) by extensions ['colcon_pkg']
[0.177s] Level 1:colcon.colcon_core.package_identification:_identify(src/robotik_bringup) by extension 'colcon_pkg'
[0.177s] Level 1:colcon.colcon_core.package_identification:_identify(src/robotik_bringup) by extensions ['colcon_meta']
[0.177s] Level 1:colcon.colcon_core.package_identification:_identify(src/robotik_bringup) by extension 'colcon_meta'
[0.177s] Level 1:colcon.colcon_core.package_identification:_identify(src/robotik_bringup) by extensions ['ros']
[0.177s] Level 1:colcon.colcon_core.package_identification:_identify(src/robotik_bringup) by extension 'ros'
[0.177s] DEBUG:colcon.colcon_core.package_identification:Package 'src/robotik_bringup' with type 'ros.ament_python' and name 'robotik_bringup'
[0.177s] Level 1:colcon.colcon_core.package_identification:_identify(src/robotik_control) by extensions ['ignore', 'ignore_ament_install']
[0.177s] Level 1:colcon.colcon_core.package_identification:_identify(src/robotik_control) by extension 'ignore'
[0.177s] Level 1:colcon.colcon_core.package_identification:_identify(src/robotik_control) by extension 'ignore_ament_install'
[0.177s] Level 1:colcon.colcon_core.package_identification:_identify(src/robotik_control) by extensions ['colcon_pkg']
[0.178s] Level 1:colcon.colcon_core.package_identification:_identify(src/robotik_control) by extension 'colcon_pkg'
[0.178s] Level 1:colcon.colcon_core.package_identification:_identify(src/robotik_control) by extensions ['colcon_meta']
[0.178s] Level 1:colcon.colcon_core.package_identification:_identify(src/robotik_control) by extension 'colcon_meta'
[0.178s] Level 1:colcon.colcon_core.package_identification:_identify(src/robotik_control) by extensions ['ros']
[0.178s] Level 1:colcon.colcon_core.package_identification:_identify(src/robotik_control) by extension 'ros'
[0.178s] DEBUG:colcon.colcon_core.package_identification:Package 'src/robotik_control' with type 'ros.ament_python' and name 'robotik_control'
[0.178s] Level 1:colcon.colcon_core.package_identification:_identify(src/robotik_description) by extensions ['ignore', 'ignore_ament_install']
[0.178s] Level 1:colcon.colcon_core.package_identification:_identify(src/robotik_description) by extension 'ignore'
[0.178s] Level 1:colcon.colcon_core.package_identification:_identify(src/robotik_description) by extension 'ignore_ament_install'
[0.178s] Level 1:colcon.colcon_core.package_identification:_identify(src/robotik_description) by extensions ['colcon_pkg']
[0.178s] Level 1:colcon.colcon_core.package_identification:_identify(src/robotik_description) by extension 'colcon_pkg'
[0.178s] Level 1:colcon.colcon_core.package_identification:_identify(src/robotik_description) by extensions ['colcon_meta']
[0.178s] Level 1:colcon.colcon_core.package_identification:_identify(src/robotik_description) by extension 'colcon_meta'
[0.178s] Level 1:colcon.colcon_core.package_identification:_identify(src/robotik_description) by extensions ['ros']
[0.178s] Level 1:colcon.colcon_core.package_identification:_identify(src/robotik_description) by extension 'ros'
[0.179s] DEBUG:colcon.colcon_core.package_identification:Package 'src/robotik_description' with type 'ros.ament_cmake' and name 'robotik_description'
[0.179s] Level 1:colcon.colcon_core.package_identification:_identify(src/robotik_gazebo) by extensions ['ignore', 'ignore_ament_install']
[0.179s] Level 1:colcon.colcon_core.package_identification:_identify(src/robotik_gazebo) by extension 'ignore'
[0.179s] Level 1:colcon.colcon_core.package_identification:_identify(src/robotik_gazebo) by extension 'ignore_ament_install'
[0.179s] Level 1:colcon.colcon_core.package_identification:_identify(src/robotik_gazebo) by extensions ['colcon_pkg']
[0.179s] Level 1:colcon.colcon_core.package_identification:_identify(src/robotik_gazebo) by extension 'colcon_pkg'
[0.179s] Level 1:colcon.colcon_core.package_identification:_identify(src/robotik_gazebo) by extensions ['colcon_meta']
[0.179s] Level 1:colcon.colcon_core.package_identification:_identify(src/robotik_gazebo) by extension 'colcon_meta'
[0.179s] Level 1:colcon.colcon_core.package_identification:_identify(src/robotik_gazebo) by extensions ['ros']
[0.179s] Level 1:colcon.colcon_core.package_identification:_identify(src/robotik_gazebo) by extension 'ros'
[0.179s] DEBUG:colcon.colcon_core.package_identification:Package 'src/robotik_gazebo' with type 'ros.ament_python' and name 'robotik_gazebo'
[0.179s] Level 1:colcon.colcon_core.package_identification:_identify(src/robotik_sorting) by extensions ['ignore', 'ignore_ament_install']
[0.179s] Level 1:colcon.colcon_core.package_identification:_identify(src/robotik_sorting) by extension 'ignore'
[0.179s] Level 1:colcon.colcon_core.package_identification:_identify(src/robotik_sorting) by extension 'ignore_ament_install'
[0.179s] Level 1:colcon.colcon_core.package_identification:_identify(src/robotik_sorting) by extensions ['colcon_pkg']
[0.179s] Level 1:colcon.colcon_core.package_identification:_identify(src/robotik_sorting) by extension 'colcon_pkg'
[0.179s] Level 1:colcon.colcon_core.package_identification:_identify(src/robotik_sorting) by extensions ['colcon_meta']
[0.179s] Level 1:colcon.colcon_core.package_identification:_identify(src/robotik_sorting) by extension 'colcon_meta'
[0.179s] Level 1:colcon.colcon_core.package_identification:_identify(src/robotik_sorting) by extensions ['ros']
[0.179s] Level 1:colcon.colcon_core.package_identification:_identify(src/robotik_sorting) by extension 'ros'
[0.180s] DEBUG:colcon.colcon_core.package_identification:Package 'src/robotik_sorting' with type 'ros.ament_python' and name 'robotik_sorting'
[0.180s] Level 1:colcon.colcon_core.package_identification:_identify(src/robotik_vision) by extensions ['ignore', 'ignore_ament_install']
[0.180s] Level 1:colcon.colcon_core.package_identification:_identify(src/robotik_vision) by extension 'ignore'
[0.180s] Level 1:colcon.colcon_core.package_identification:_identify(src/robotik_vision) by extension 'ignore_ament_install'
[0.180s] Level 1:colcon.colcon_core.package_identification:_identify(src/robotik_vision) by extensions ['colcon_pkg']
[0.180s] Level 1:colcon.colcon_core.package_identification:_identify(src/robotik_vision) by extension 'colcon_pkg'
[0.180s] Level 1:colcon.colcon_core.package_identification:_identify(src/robotik_vision) by extensions ['colcon_meta']
[0.180s] Level 1:colcon.colcon_core.package_identification:_identify(src/robotik_vision) by extension 'colcon_meta'
[0.180s] Level 1:colcon.colcon_core.package_identification:_identify(src/robotik_vision) by extensions ['ros']
[0.180s] Level 1:colcon.colcon_core.package_identification:_identify(src/robotik_vision) by extension 'ros'
[0.180s] DEBUG:colcon.colcon_core.package_identification:Package 'src/robotik_vision' with type 'ros.ament_python' and name 'robotik_vision'
[0.180s] Level 1:colcon.colcon_core.package_identification:_identify(src/yolo_ros) by extensions ['ignore', 'ignore_ament_install']
[0.180s] Level 1:colcon.colcon_core.package_identification:_identify(src/yolo_ros) by extension 'ignore'
[0.180s] Level 1:colcon.colcon_core.package_identification:_identify(src/yolo_ros) by extension 'ignore_ament_install'
[0.181s] Level 1:colcon.colcon_core.package_identification:_identify(src/yolo_ros) by extensions ['colcon_pkg']
[0.181s] Level 1:colcon.colcon_core.package_identification:_identify(src/yolo_ros) by extension 'colcon_pkg'
[0.181s] Level 1:colcon.colcon_core.package_identification:_identify(src/yolo_ros) by extensions ['colcon_meta']
[0.181s] Level 1:colcon.colcon_core.package_identification:_identify(src/yolo_ros) by extension 'colcon_meta'
[0.181s] Level 1:colcon.colcon_core.package_identification:_identify(src/yolo_ros) by extensions ['ros']
[0.181s] Level 1:colcon.colcon_core.package_identification:_identify(src/yolo_ros) by extension 'ros'
[0.181s] Level 1:colcon.colcon_core.package_identification:_identify(src/yolo_ros) by extensions ['cmake', 'python']
[0.181s] Level 1:colcon.colcon_core.package_identification:_identify(src/yolo_ros) by extension 'cmake'
[0.181s] Level 1:colcon.colcon_core.package_identification:_identify(src/yolo_ros) by extension 'python'
[0.181s] Level 1:colcon.colcon_core.package_identification:_identify(src/yolo_ros) by extensions ['python_setup_py']
[0.181s] Level 1:colcon.colcon_core.package_identification:_identify(src/yolo_ros) by extension 'python_setup_py'
[0.181s] Level 1:colcon.colcon_core.package_identification:_identify(src/yolo_ros/docs) by extensions ['ignore', 'ignore_ament_install']
[0.181s] Level 1:colcon.colcon_core.package_identification:_identify(src/yolo_ros/docs) by extension 'ignore'
[0.181s] Level 1:colcon.colcon_core.package_identification:_identify(src/yolo_ros/docs) by extension 'ignore_ament_install'
[0.181s] Level 1:colcon.colcon_core.package_identification:_identify(src/yolo_ros/docs) by extensions ['colcon_pkg']
[0.181s] Level 1:colcon.colcon_core.package_identification:_identify(src/yolo_ros/docs) by extension 'colcon_pkg'
[0.181s] Level 1:colcon.colcon_core.package_identification:_identify(src/yolo_ros/docs) by extensions ['colcon_meta']
[0.181s] Level 1:colcon.colcon_core.package_identification:_identify(src/yolo_ros/docs) by extension 'colcon_meta'
[0.181s] Level 1:colcon.colcon_core.package_identification:_identify(src/yolo_ros/docs) by extensions ['ros']
[0.181s] Level 1:colcon.colcon_core.package_identification:_identify(src/yolo_ros/docs) by extension 'ros'
[0.181s] Level 1:colcon.colcon_core.package_identification:_identify(src/yolo_ros/docs) by extensions ['cmake', 'python']
[0.181s] Level 1:colcon.colcon_core.package_identification:_identify(src/yolo_ros/docs) by extension 'cmake'
[0.181s] Level 1:colcon.colcon_core.package_identification:_identify(src/yolo_ros/docs) by extension 'python'
[0.181s] Level 1:colcon.colcon_core.package_identification:_identify(src/yolo_ros/docs) by extensions ['python_setup_py']
[0.181s] Level 1:colcon.colcon_core.package_identification:_identify(src/yolo_ros/docs) by extension 'python_setup_py'
[0.181s] Level 1:colcon.colcon_core.package_identification:_identify(src/yolo_ros/yolo_bringup) by extensions ['ignore', 'ignore_ament_install']
[0.181s] Level 1:colcon.colcon_core.package_identification:_identify(src/yolo_ros/yolo_bringup) by extension 'ignore'
[0.181s] Level 1:colcon.colcon_core.package_identification:_identify(src/yolo_ros/yolo_bringup) by extension 'ignore_ament_install'
[0.181s] Level 1:colcon.colcon_core.package_identification:_identify(src/yolo_ros/yolo_bringup) by extensions ['colcon_pkg']
[0.181s] Level 1:colcon.colcon_core.package_identification:_identify(src/yolo_ros/yolo_bringup) by extension 'colcon_pkg'
[0.181s] Level 1:colcon.colcon_core.package_identification:_identify(src/yolo_ros/yolo_bringup) by extensions ['colcon_meta']
[0.181s] Level 1:colcon.colcon_core.package_identification:_identify(src/yolo_ros/yolo_bringup) by extension 'colcon_meta'
[0.181s] Level 1:colcon.colcon_core.package_identification:_identify(src/yolo_ros/yolo_bringup) by extensions ['ros']
[0.181s] Level 1:colcon.colcon_core.package_identification:_identify(src/yolo_ros/yolo_bringup) by extension 'ros'
[0.182s] DEBUG:colcon.colcon_core.package_identification:Package 'src/yolo_ros/yolo_bringup' with type 'ros.ament_cmake' and name 'yolo_bringup'
[0.182s] Level 1:colcon.colcon_core.package_identification:_identify(src/yolo_ros/yolo_msgs) by extensions ['ignore', 'ignore_ament_install']
[0.182s] Level 1:colcon.colcon_core.package_identification:_identify(src/yolo_ros/yolo_msgs) by extension 'ignore'
[0.182s] Level 1:colcon.colcon_core.package_identification:_identify(src/yolo_ros/yolo_msgs) by extension 'ignore_ament_install'
[0.182s] Level 1:colcon.colcon_core.package_identification:_identify(src/yolo_ros/yolo_msgs) by extensions ['colcon_pkg']
[0.182s] Level 1:colcon.colcon_core.package_identification:_identify(src/yolo_ros/yolo_msgs) by extension 'colcon_pkg'
[0.182s] Level 1:colcon.colcon_core.package_identification:_identify(src/yolo_ros/yolo_msgs) by extensions ['colcon_meta']
[0.182s] Level 1:colcon.colcon_core.package_identification:_identify(src/yolo_ros/yolo_msgs) by extension 'colcon_meta'
[0.182s] Level 1:colcon.colcon_core.package_identification:_identify(src/yolo_ros/yolo_msgs) by extensions ['ros']
[0.182s] Level 1:colcon.colcon_core.package_identification:_identify(src/yolo_ros/yolo_msgs) by extension 'ros'
[0.184s] DEBUG:colcon.colcon_core.package_identification:Package 'src/yolo_ros/yolo_msgs' with type 'ros.ament_cmake' and name 'yolo_msgs'
[0.184s] Level 1:colcon.colcon_core.package_identification:_identify(src/yolo_ros/yolo_ros) by extensions ['ignore', 'ignore_ament_install']
[0.184s] Level 1:colcon.colcon_core.package_identification:_identify(src/yolo_ros/yolo_ros) by extension 'ignore'
[0.184s] Level 1:colcon.colcon_core.package_identification:_identify(src/yolo_ros/yolo_ros) by extension 'ignore_ament_install'
[0.184s] Level 1:colcon.colcon_core.package_identification:_identify(src/yolo_ros/yolo_ros) by extensions ['colcon_pkg']
[0.184s] Level 1:colcon.colcon_core.package_identification:_identify(src/yolo_ros/yolo_ros) by extension 'colcon_pkg'
[0.184s] Level 1:colcon.colcon_core.package_identification:_identify(src/yolo_ros/yolo_ros) by extensions ['colcon_meta']
[0.184s] Level 1:colcon.colcon_core.package_identification:_identify(src/yolo_ros/yolo_ros) by extension 'colcon_meta'
[0.184s] Level 1:colcon.colcon_core.package_identification:_identify(src/yolo_ros/yolo_ros) by extensions ['ros']
[0.184s] Level 1:colcon.colcon_core.package_identification:_identify(src/yolo_ros/yolo_ros) by extension 'ros'
[0.184s] DEBUG:colcon.colcon_core.package_identification:Package 'src/yolo_ros/yolo_ros' with type 'ros.ament_python' and name 'yolo_ros'
[0.184s] Level 1:colcon.colcon_core.package_discovery:discover_packages(recursive) using defaults
[0.184s] Level 1:colcon.colcon_core.package_discovery:discover_packages(ignore) discover
[0.184s] Level 1:colcon.colcon_core.package_discovery:discover_packages(ignore) using defaults
[0.185s] Level 1:colcon.colcon_core.package_discovery:discover_packages(path) discover
[0.185s] Level 1:colcon.colcon_core.package_discovery:discover_packages(path) using defaults
[0.213s] Level 1:colcon.colcon_core.package_discovery:discover_packages(prefix_path) check parameters
[0.213s] Level 1:colcon.colcon_core.package_discovery:discover_packages(prefix_path) discover
[0.216s] DEBUG:colcon.colcon_installed_package_information.package_discovery:Found 10 installed packages in /home/maksmykha/Documents/RobotikProject/install
[0.217s] DEBUG:colcon.colcon_installed_package_information.package_discovery:Found 428 installed packages in /opt/ros/jazzy
[0.218s] Level 1:colcon.colcon_core.package_discovery:discover_packages(prefix_path) using defaults
[0.271s] Level 5:colcon.colcon_core.verb:set package 'robot_description' build argument 'cmake_args' from command line to 'None'
[0.271s] Level 5:colcon.colcon_core.verb:set package 'robot_description' build argument 'cmake_target' from command line to 'None'
[0.271s] Level 5:colcon.colcon_core.verb:set package 'robot_description' build argument 'cmake_target_skip_unavailable' from command line to 'False'
[0.271s] Level 5:colcon.colcon_core.verb:set package 'robot_description' build argument 'cmake_clean_cache' from command line to 'False'
[0.271s] Level 5:colcon.colcon_core.verb:set package 'robot_description' build argument 'cmake_clean_first' from command line to 'False'
[0.271s] Level 5:colcon.colcon_core.verb:set package 'robot_description' build argument 'cmake_force_configure' from command line to 'False'
[0.271s] Level 5:colcon.colcon_core.verb:set package 'robot_description' build argument 'ament_cmake_args' from command line to 'None'
[0.271s] Level 5:colcon.colcon_core.verb:set package 'robot_description' build argument 'catkin_cmake_args' from command line to 'None'
[0.271s] Level 5:colcon.colcon_core.verb:set package 'robot_description' build argument 'catkin_skip_building_tests' from command line to 'False'
[0.271s] DEBUG:colcon.colcon_core.verb:Building package 'robot_description' with the following arguments: {'ament_cmake_args': None, 'build_base': '/home/maksmykha/Documents/RobotikProject/build/robot_description', 'catkin_cmake_args': None, 'catkin_skip_building_tests': False, 'cmake_args': None, 'cmake_clean_cache': False, 'cmake_clean_first': False, 'cmake_force_configure': False, 'cmake_target': None, 'cmake_target_skip_unavailable': False, 'install_base': '/home/maksmykha/Documents/RobotikProject/install/robot_description', 'merge_install': False, 'path': '/home/maksmykha/Documents/RobotikProject/src/robot_description', 'symlink_install': True, 'test_result_base': None}
[0.271s] Level 5:colcon.colcon_core.verb:set package 'robotik_bringup' build argument 'cmake_args' from command line to 'None'
[0.271s] Level 5:colcon.colcon_core.verb:set package 'robotik_bringup' build argument 'cmake_target' from command line to 'None'
[0.271s] Level 5:colcon.colcon_core.verb:set package 'robotik_bringup' build argument 'cmake_target_skip_unavailable' from command line to 'False'
[0.271s] Level 5:colcon.colcon_core.verb:set package 'robotik_bringup' build argument 'cmake_clean_cache' from command line to 'False'
[0.271s] Level 5:colcon.colcon_core.verb:set package 'robotik_bringup' build argument 'cmake_clean_first' from command line to 'False'
[0.271s] Level 5:colcon.colcon_core.verb:set package 'robotik_bringup' build argument 'cmake_force_configure' from command line to 'False'
[0.271s] Level 5:colcon.colcon_core.verb:set package 'robotik_bringup' build argument 'ament_cmake_args' from command line to 'None'
[0.271s] Level 5:colcon.colcon_core.verb:set package 'robotik_bringup' build argument 'catkin_cmake_args' from command line to 'None'
[0.271s] Level 5:colcon.colcon_core.verb:set package 'robotik_bringup' build argument 'catkin_skip_building_tests' from command line to 'False'
[0.271s] DEBUG:colcon.colcon_core.verb:Building package 'robotik_bringup' with the following arguments: {'ament_cmake_args': None, 'build_base': '/home/maksmykha/Documents/RobotikProject/build/robotik_bringup', 'catkin_cmake_args': None, 'catkin_skip_building_tests': False, 'cmake_args': None, 'cmake_clean_cache': False, 'cmake_clean_first': False, 'cmake_force_configure': False, 'cmake_target': None, 'cmake_target_skip_unavailable': False, 'install_base': '/home/maksmykha/Documents/RobotikProject/install/robotik_bringup', 'merge_install': False, 'path': '/home/maksmykha/Documents/RobotikProject/src/robotik_bringup', 'symlink_install': True, 'test_result_base': None}
[0.271s] Level 5:colcon.colcon_core.verb:set package 'robotik_control' build argument 'cmake_args' from command line to 'None'
[0.271s] Level 5:colcon.colcon_core.verb:set package 'robotik_control' build argument 'cmake_target' from command line to 'None'
[0.271s] Level 5:colcon.colcon_core.verb:set package 'robotik_control' build argument 'cmake_target_skip_unavailable' from command line to 'False'
[0.271s] Level 5:colcon.colcon_core.verb:set package 'robotik_control' build argument 'cmake_clean_cache' from command line to 'False'
[0.271s] Level 5:colcon.colcon_core.verb:set package 'robotik_control' build argument 'cmake_clean_first' from command line to 'False'
[0.271s] Level 5:colcon.colcon_core.verb:set package 'robotik_control' build argument 'cmake_force_configure' from command line to 'False'
[0.271s] Level 5:colcon.colcon_core.verb:set package 'robotik_control' build argument 'ament_cmake_args' from command line to 'None'
[0.271s] Level 5:colcon.colcon_core.verb:set package 'robotik_control' build argument 'catkin_cmake_args' from command line to 'None'
[0.271s] Level 5:colcon.colcon_core.verb:set package 'robotik_control' build argument 'catkin_skip_building_tests' from command line to 'False'
[0.271s] DEBUG:colcon.colcon_core.verb:Building package 'robotik_control' with the following arguments: {'ament_cmake_args': None, 'build_base': '/home/maksmykha/Documents/RobotikProject/build/robotik_control', 'catkin_cmake_args': None, 'catkin_skip_building_tests': False, 'cmake_args': None, 'cmake_clean_cache': False, 'cmake_clean_first': False, 'cmake_force_configure': False, 'cmake_target': None, 'cmake_target_skip_unavailable': False, 'install_base': '/home/maksmykha/Documents/RobotikProject/install/robotik_control', 'merge_install': False, 'path': '/home/maksmykha/Documents/RobotikProject/src/robotik_control', 'symlink_install': True, 'test_result_base': None}
[0.272s] Level 5:colcon.colcon_core.verb:set package 'robotik_description' build argument 'cmake_args' from command line to 'None'
[0.272s] Level 5:colcon.colcon_core.verb:set package 'robotik_description' build argument 'cmake_target' from command line to 'None'
[0.272s] Level 5:colcon.colcon_core.verb:set package 'robotik_description' build argument 'cmake_target_skip_unavailable' from command line to 'False'
[0.272s] Level 5:colcon.colcon_core.verb:set package 'robotik_description' build argument 'cmake_clean_cache' from command line to 'False'
[0.272s] Level 5:colcon.colcon_core.verb:set package 'robotik_description' build argument 'cmake_clean_first' from command line to 'False'
[0.272s] Level 5:colcon.colcon_core.verb:set package 'robotik_description' build argument 'cmake_force_configure' from command line to 'False'
[0.272s] Level 5:colcon.colcon_core.verb:set package 'robotik_description' build argument 'ament_cmake_args' from command line to 'None'
[0.272s] Level 5:colcon.colcon_core.verb:set package 'robotik_description' build argument 'catkin_cmake_args' from command line to 'None'
[0.272s] Level 5:colcon.colcon_core.verb:set package 'robotik_description' build argument 'catkin_skip_building_tests' from command line to 'False'
[0.272s] DEBUG:colcon.colcon_core.verb:Building package 'robotik_description' with the following arguments: {'ament_cmake_args': None, 'build_base': '/home/maksmykha/Documents/RobotikProject/build/robotik_description', 'catkin_cmake_args': None, 'catkin_skip_building_tests': False, 'cmake_args': None, 'cmake_clean_cache': False, 'cmake_clean_first': False, 'cmake_force_configure': False, 'cmake_target': None, 'cmake_target_skip_unavailable': False, 'install_base': '/home/maksmykha/Documents/RobotikProject/install/robotik_description', 'merge_install': False, 'path': '/home/maksmykha/Documents/RobotikProject/src/robotik_description', 'symlink_install': True, 'test_result_base': None}
[0.272s] Level 5:colcon.colcon_core.verb:set package 'robotik_gazebo' build argument 'cmake_args' from command line to 'None'
[0.272s] Level 5:colcon.colcon_core.verb:set package 'robotik_gazebo' build argument 'cmake_target' from command line to 'None'
[0.272s] Level 5:colcon.colcon_core.verb:set package 'robotik_gazebo' build argument 'cmake_target_skip_unavailable' from command line to 'False'
[0.272s] Level 5:colcon.colcon_core.verb:set package 'robotik_gazebo' build argument 'cmake_clean_cache' from command line to 'False'
[0.272s] Level 5:colcon.colcon_core.verb:set package 'robotik_gazebo' build argument 'cmake_clean_first' from command line to 'False'
[0.272s] Level 5:colcon.colcon_core.verb:set package 'robotik_gazebo' build argument 'cmake_force_configure' from command line to 'False'
[0.272s] Level 5:colcon.colcon_core.verb:set package 'robotik_gazebo' build argument 'ament_cmake_args' from command line to 'None'
[0.272s] Level 5:colcon.colcon_core.verb:set package 'robotik_gazebo' build argument 'catkin_cmake_args' from command line to 'None'
[0.272s] Level 5:colcon.colcon_core.verb:set package 'robotik_gazebo' build argument 'catkin_skip_building_tests' from command line to 'False'
[0.272s] DEBUG:colcon.colcon_core.verb:Building package 'robotik_gazebo' with the following arguments: {'ament_cmake_args': None, 'build_base': '/home/maksmykha/Documents/RobotikProject/build/robotik_gazebo', 'catkin_cmake_args': None, 'catkin_skip_building_tests': False, 'cmake_args': None, 'cmake_clean_cache': False, 'cmake_clean_first': False, 'cmake_force_configure': False, 'cmake_target': None, 'cmake_target_skip_unavailable': False, 'install_base': '/home/maksmykha/Documents/RobotikProject/install/robotik_gazebo', 'merge_install': False, 'path': '/home/maksmykha/Documents/RobotikProject/src/robotik_gazebo', 'symlink_install': True, 'test_result_base': None}
[0.272s] Level 5:colcon.colcon_core.verb:set package 'robotik_sorting' build argument 'cmake_args' from command line to 'None'
[0.272s] Level 5:colcon.colcon_core.verb:set package 'robotik_sorting' build argument 'cmake_target' from command line to 'None'
[0.272s] Level 5:colcon.colcon_core.verb:set package 'robotik_sorting' build argument 'cmake_target_skip_unavailable' from command line to 'False'
[0.272s] Level 5:colcon.colcon_core.verb:set package 'robotik_sorting' build argument 'cmake_clean_cache' from command line to 'False'
[0.272s] Level 5:colcon.colcon_core.verb:set package 'robotik_sorting' build argument 'cmake_clean_first' from command line to 'False'
[0.272s] Level 5:colcon.colcon_core.verb:set package 'robotik_sorting' build argument 'cmake_force_configure' from command line to 'False'
[0.272s] Level 5:colcon.colcon_core.verb:set package 'robotik_sorting' build argument 'ament_cmake_args' from command line to 'None'
[0.272s] Level 5:colcon.colcon_core.verb:set package 'robotik_sorting' build argument 'catkin_cmake_args' from command line to 'None'
[0.272s] Level 5:colcon.colcon_core.verb:set package 'robotik_sorting' build argument 'catkin_skip_building_tests' from command line to 'False'
[0.273s] DEBUG:colcon.colcon_core.verb:Building package 'robotik_sorting' with the following arguments: {'ament_cmake_args': None, 'build_base': '/home/maksmykha/Documents/RobotikProject/build/robotik_sorting', 'catkin_cmake_args': None, 'catkin_skip_building_tests': False, 'cmake_args': None, 'cmake_clean_cache': False, 'cmake_clean_first': False, 'cmake_force_configure': False, 'cmake_target': None, 'cmake_target_skip_unavailable': False, 'install_base': '/home/maksmykha/Documents/RobotikProject/install/robotik_sorting', 'merge_install': False, 'path': '/home/maksmykha/Documents/RobotikProject/src/robotik_sorting', 'symlink_install': True, 'test_result_base': None}
[0.273s] Level 5:colcon.colcon_core.verb:set package 'robotik_vision' build argument 'cmake_args' from command line to 'None'
[0.273s] Level 5:colcon.colcon_core.verb:set package 'robotik_vision' build argument 'cmake_target' from command line to 'None'
[0.273s] Level 5:colcon.colcon_core.verb:set package 'robotik_vision' build argument 'cmake_target_skip_unavailable' from command line to 'False'
[0.273s] Level 5:colcon.colcon_core.verb:set package 'robotik_vision' build argument 'cmake_clean_cache' from command line to 'False'
[0.273s] Level 5:colcon.colcon_core.verb:set package 'robotik_vision' build argument 'cmake_clean_first' from command line to 'False'
[0.273s] Level 5:colcon.colcon_core.verb:set package 'robotik_vision' build argument 'cmake_force_configure' from command line to 'False'
[0.273s] Level 5:colcon.colcon_core.verb:set package 'robotik_vision' build argument 'ament_cmake_args' from command line to 'None'
[0.273s] Level 5:colcon.colcon_core.verb:set package 'robotik_vision' build argument 'catkin_cmake_args' from command line to 'None'
[0.273s] Level 5:colcon.colcon_core.verb:set package 'robotik_vision' build argument 'catkin_skip_building_tests' from command line to 'False'
[0.273s] DEBUG:colcon.colcon_core.verb:Building package 'robotik_vision' with the following arguments: {'ament_cmake_args': None, 'build_base': '/home/maksmykha/Documents/RobotikProject/build/robotik_vision', 'catkin_cmake_args': None, 'catkin_skip_building_tests': False, 'cmake_args': None, 'cmake_clean_cache': False, 'cmake_clean_first': False, 'cmake_force_configure': False, 'cmake_target': None, 'cmake_target_skip_unavailable': False, 'install_base': '/home/maksmykha/Documents/RobotikProject/install/robotik_vision', 'merge_install': False, 'path': '/home/maksmykha/Documents/RobotikProject/src/robotik_vision', 'symlink_install': True, 'test_result_base': None}
[0.273s] Level 5:colcon.colcon_core.verb:set package 'yolo_msgs' build argument 'cmake_args' from command line to 'None'
[0.273s] Level 5:colcon.colcon_core.verb:set package 'yolo_msgs' build argument 'cmake_target' from command line to 'None'
[0.273s] Level 5:colcon.colcon_core.verb:set package 'yolo_msgs' build argument 'cmake_target_skip_unavailable' from command line to 'False'
[0.273s] Level 5:colcon.colcon_core.verb:set package 'yolo_msgs' build argument 'cmake_clean_cache' from command line to 'False'
[0.273s] Level 5:colcon.colcon_core.verb:set package 'yolo_msgs' build argument 'cmake_clean_first' from command line to 'False'
[0.273s] Level 5:colcon.colcon_core.verb:set package 'yolo_msgs' build argument 'cmake_force_configure' from command line to 'False'
[0.273s] Level 5:colcon.colcon_core.verb:set package 'yolo_msgs' build argument 'ament_cmake_args' from command line to 'None'
[0.273s] Level 5:colcon.colcon_core.verb:set package 'yolo_msgs' build argument 'catkin_cmake_args' from command line to 'None'
[0.273s] Level 5:colcon.colcon_core.verb:set package 'yolo_msgs' build argument 'catkin_skip_building_tests' from command line to 'False'
[0.273s] DEBUG:colcon.colcon_core.verb:Building package 'yolo_msgs' with the following arguments: {'ament_cmake_args': None, 'build_base': '/home/maksmykha/Documents/RobotikProject/build/yolo_msgs', 'catkin_cmake_args': None, 'catkin_skip_building_tests': False, 'cmake_args': None, 'cmake_clean_cache': False, 'cmake_clean_first': False, 'cmake_force_configure': False, 'cmake_target': None, 'cmake_target_skip_unavailable': False, 'install_base': '/home/maksmykha/Documents/RobotikProject/install/yolo_msgs', 'merge_install': False, 'path': '/home/maksmykha/Documents/RobotikProject/src/yolo_ros/yolo_msgs', 'symlink_install': True, 'test_result_base': None}
[0.273s] Level 5:colcon.colcon_core.verb:set package 'yolo_ros' build argument 'cmake_args' from command line to 'None'
[0.273s] Level 5:colcon.colcon_core.verb:set package 'yolo_ros' build argument 'cmake_target' from command line to 'None'
[0.273s] Level 5:colcon.colcon_core.verb:set package 'yolo_ros' build argument 'cmake_target_skip_unavailable' from command line to 'False'
[0.273s] Level 5:colcon.colcon_core.verb:set package 'yolo_ros' build argument 'cmake_clean_cache' from command line to 'False'
[0.273s] Level 5:colcon.colcon_core.verb:set package 'yolo_ros' build argument 'cmake_clean_first' from command line to 'False'
[0.273s] Level 5:colcon.colcon_core.verb:set package 'yolo_ros' build argument 'cmake_force_configure' from command line to 'False'
[0.273s] Level 5:colcon.colcon_core.verb:set package 'yolo_ros' build argument 'ament_cmake_args' from command line to 'None'
[0.273s] Level 5:colcon.colcon_core.verb:set package 'yolo_ros' build argument 'catkin_cmake_args' from command line to 'None'
[0.273s] Level 5:colcon.colcon_core.verb:set package 'yolo_ros' build argument 'catkin_skip_building_tests' from command line to 'False'
[0.273s] DEBUG:colcon.colcon_core.verb:Building package 'yolo_ros' with the following arguments: {'ament_cmake_args': None, 'build_base': '/home/maksmykha/Documents/RobotikProject/build/yolo_ros', 'catkin_cmake_args': None, 'catkin_skip_building_tests': False, 'cmake_args': None, 'cmake_clean_cache': False, 'cmake_clean_first': False, 'cmake_force_configure': False, 'cmake_target': None, 'cmake_target_skip_unavailable': False, 'install_base': '/home/maksmykha/Documents/RobotikProject/install/yolo_ros', 'merge_install': False, 'path': '/home/maksmykha/Documents/RobotikProject/src/yolo_ros/yolo_ros', 'symlink_install': True, 'test_result_base': None}
[0.273s] Level 5:colcon.colcon_core.verb:set package 'yolo_bringup' build argument 'cmake_args' from command line to 'None'
[0.273s] Level 5:colcon.colcon_core.verb:set package 'yolo_bringup' build argument 'cmake_target' from command line to 'None'
[0.273s] Level 5:colcon.colcon_core.verb:set package 'yolo_bringup' build argument 'cmake_target_skip_unavailable' from command line to 'False'
[0.273s] Level 5:colcon.colcon_core.verb:set package 'yolo_bringup' build argument 'cmake_clean_cache' from command line to 'False'
[0.273s] Level 5:colcon.colcon_core.verb:set package 'yolo_bringup' build argument 'cmake_clean_first' from command line to 'False'
[0.273s] Level 5:colcon.colcon_core.verb:set package 'yolo_bringup' build argument 'cmake_force_configure' from command line to 'False'
[0.273s] Level 5:colcon.colcon_core.verb:set package 'yolo_bringup' build argument 'ament_cmake_args' from command line to 'None'
[0.273s] Level 5:colcon.colcon_core.verb:set package 'yolo_bringup' build argument 'catkin_cmake_args' from command line to 'None'
[0.273s] Level 5:colcon.colcon_core.verb:set package 'yolo_bringup' build argument 'catkin_skip_building_tests' from command line to 'False'
[0.273s] DEBUG:colcon.colcon_core.verb:Building package 'yolo_bringup' with the following arguments: {'ament_cmake_args': None, 'build_base': '/home/maksmykha/Documents/RobotikProject/build/yolo_bringup', 'catkin_cmake_args': None, 'catkin_skip_building_tests': False, 'cmake_args': None, 'cmake_clean_cache': False, 'cmake_clean_first': False, 'cmake_force_configure': False, 'cmake_target': None, 'cmake_target_skip_unavailable': False, 'install_base': '/home/maksmykha/Documents/RobotikProject/install/yolo_bringup', 'merge_install': False, 'path': '/home/maksmykha/Documents/RobotikProject/src/yolo_ros/yolo_bringup', 'symlink_install': True, 'test_result_base': None}
[0.274s] INFO:colcon.colcon_core.executor:Executing jobs using 'parallel' executor
[0.279s] DEBUG:colcon.colcon_parallel_executor.executor.parallel:run_until_complete
[0.280s] INFO:colcon.colcon_ros.task.ament_cmake.build:Building ROS package in '/home/maksmykha/Documents/RobotikProject/src/yolo_ros/yolo_msgs' with build type 'ament_cmake'
[0.280s] INFO:colcon.colcon_cmake.task.cmake.build:Building CMake package in '/home/maksmykha/Documents/RobotikProject/src/yolo_ros/yolo_msgs'
[0.281s] INFO:colcon.colcon_core.plugin_system:Skipping extension 'colcon_core.shell.bat': Not used on non-Windows systems
[0.283s] INFO:colcon.colcon_core.shell:Skip shell extension 'powershell' for command environment: Not usable outside of PowerShell
[0.283s] DEBUG:colcon.colcon_core.shell:Skip shell extension 'dsv' for command environment
[0.289s] INFO:colcon.colcon_ros.task.ament_cmake.build:Building ROS package in '/home/maksmykha/Documents/RobotikProject/src/robot_description' with build type 'ament_cmake'
[0.289s] INFO:colcon.colcon_cmake.task.cmake.build:Building CMake package in '/home/maksmykha/Documents/RobotikProject/src/robot_description'
[0.289s] INFO:colcon.colcon_core.shell:Skip shell extension 'powershell' for command environment: Not usable outside of PowerShell
[0.289s] DEBUG:colcon.colcon_core.shell:Skip shell extension 'dsv' for command environment
[0.294s] INFO:colcon.colcon_ros.task.ament_python.build:Building ROS package in '/home/maksmykha/Documents/RobotikProject/src/robotik_bringup' with build type 'ament_python'
[0.294s] Level 1:colcon.colcon_core.shell:create_environment_hook('robotik_bringup', 'ament_prefix_path')
[0.295s] INFO:colcon.colcon_core.shell:Creating environment hook '/home/maksmykha/Documents/RobotikProject/install/robotik_bringup/share/robotik_bringup/hook/ament_prefix_path.ps1'
[0.295s] INFO:colcon.colcon_core.shell:Creating environment descriptor '/home/maksmykha/Documents/RobotikProject/install/robotik_bringup/share/robotik_bringup/hook/ament_prefix_path.dsv'
[0.296s] INFO:colcon.colcon_core.shell:Creating environment hook '/home/maksmykha/Documents/RobotikProject/install/robotik_bringup/share/robotik_bringup/hook/ament_prefix_path.sh'
[0.297s] INFO:colcon.colcon_core.shell:Skip shell extension 'powershell' for command environment: Not usable outside of PowerShell
[0.297s] DEBUG:colcon.colcon_core.shell:Skip shell extension 'dsv' for command environment
[0.302s] INFO:colcon.colcon_ros.task.ament_python.build:Building ROS package in '/home/maksmykha/Documents/RobotikProject/src/robotik_control' with build type 'ament_python'
[0.302s] Level 1:colcon.colcon_core.shell:create_environment_hook('robotik_control', 'ament_prefix_path')
[0.303s] INFO:colcon.colcon_core.shell:Creating environment hook '/home/maksmykha/Documents/RobotikProject/install/robotik_control/share/robotik_control/hook/ament_prefix_path.ps1'
[0.303s] INFO:colcon.colcon_core.shell:Creating environment descriptor '/home/maksmykha/Documents/RobotikProject/install/robotik_control/share/robotik_control/hook/ament_prefix_path.dsv'
[0.304s] INFO:colcon.colcon_core.shell:Creating environment hook '/home/maksmykha/Documents/RobotikProject/install/robotik_control/share/robotik_control/hook/ament_prefix_path.sh'
[0.305s] INFO:colcon.colcon_core.shell:Skip shell extension 'powershell' for command environment: Not usable outside of PowerShell
[0.305s] DEBUG:colcon.colcon_core.shell:Skip shell extension 'dsv' for command environment
[0.310s] INFO:colcon.colcon_ros.task.ament_cmake.build:Building ROS package in '/home/maksmykha/Documents/RobotikProject/src/robotik_description' with build type 'ament_cmake'
[0.310s] INFO:colcon.colcon_cmake.task.cmake.build:Building CMake package in '/home/maksmykha/Documents/RobotikProject/src/robotik_description'
[0.310s] INFO:colcon.colcon_core.shell:Skip shell extension 'powershell' for command environment: Not usable outside of PowerShell
[0.310s] DEBUG:colcon.colcon_core.shell:Skip shell extension 'dsv' for command environment
[0.314s] INFO:colcon.colcon_ros.task.ament_python.build:Building ROS package in '/home/maksmykha/Documents/RobotikProject/src/robotik_gazebo' with build type 'ament_python'
[0.314s] Level 1:colcon.colcon_core.shell:create_environment_hook('robotik_gazebo', 'ament_prefix_path')
[0.314s] INFO:colcon.colcon_core.shell:Creating environment hook '/home/maksmykha/Documents/RobotikProject/install/robotik_gazebo/share/robotik_gazebo/hook/ament_prefix_path.ps1'
[0.315s] INFO:colcon.colcon_core.shell:Creating environment descriptor '/home/maksmykha/Documents/RobotikProject/install/robotik_gazebo/share/robotik_gazebo/hook/ament_prefix_path.dsv'
[0.315s] INFO:colcon.colcon_core.shell:Creating environment hook '/home/maksmykha/Documents/RobotikProject/install/robotik_gazebo/share/robotik_gazebo/hook/ament_prefix_path.sh'
[0.316s] INFO:colcon.colcon_core.shell:Skip shell extension 'powershell' for command environment: Not usable outside of PowerShell
[0.316s] DEBUG:colcon.colcon_core.shell:Skip shell extension 'dsv' for command environment
[0.320s] INFO:colcon.colcon_ros.task.ament_python.build:Building ROS package in '/home/maksmykha/Documents/RobotikProject/src/robotik_sorting' with build type 'ament_python'
[0.320s] Level 1:colcon.colcon_core.shell:create_environment_hook('robotik_sorting', 'ament_prefix_path')
[0.320s] INFO:colcon.colcon_core.shell:Creating environment hook '/home/maksmykha/Documents/RobotikProject/install/robotik_sorting/share/robotik_sorting/hook/ament_prefix_path.ps1'
[0.320s] INFO:colcon.colcon_core.shell:Creating environment descriptor '/home/maksmykha/Documents/RobotikProject/install/robotik_sorting/share/robotik_sorting/hook/ament_prefix_path.dsv'
[0.321s] INFO:colcon.colcon_core.shell:Creating environment hook '/home/maksmykha/Documents/RobotikProject/install/robotik_sorting/share/robotik_sorting/hook/ament_prefix_path.sh'
[0.321s] INFO:colcon.colcon_core.shell:Skip shell extension 'powershell' for command environment: Not usable outside of PowerShell
[0.321s] DEBUG:colcon.colcon_core.shell:Skip shell extension 'dsv' for command environment
[0.326s] INFO:colcon.colcon_ros.task.ament_python.build:Building ROS package in '/home/maksmykha/Documents/RobotikProject/src/robotik_vision' with build type 'ament_python'
[0.326s] Level 1:colcon.colcon_core.shell:create_environment_hook('robotik_vision', 'ament_prefix_path')
[0.326s] INFO:colcon.colcon_core.shell:Creating environment hook '/home/maksmykha/Documents/RobotikProject/install/robotik_vision/share/robotik_vision/hook/ament_prefix_path.ps1'
[0.328s] INFO:colcon.colcon_core.shell:Creating environment descriptor '/home/maksmykha/Documents/RobotikProject/install/robotik_vision/share/robotik_vision/hook/ament_prefix_path.dsv'
[0.329s] INFO:colcon.colcon_core.shell:Creating environment hook '/home/maksmykha/Documents/RobotikProject/install/robotik_vision/share/robotik_vision/hook/ament_prefix_path.sh'
[0.329s] INFO:colcon.colcon_core.shell:Skip shell extension 'powershell' for command environment: Not usable outside of PowerShell
[0.329s] DEBUG:colcon.colcon_core.shell:Skip shell extension 'dsv' for command environment
[0.344s] DEBUG:colcon.colcon_core.event_handler.log_command:Invoking command in '/home/maksmykha/Documents/RobotikProject/build/yolo_msgs': CMAKE_PREFIX_PATH=${CMAKE_PREFIX_PATH}:/home/maksmykha/Documents/RobotikProject/install/yolo_ros:/home/maksmykha/Documents/RobotikProject/install/robotik_vision:/home/maksmykha/Documents/RobotikProject/install/robotik_sorting:/home/maksmykha/Documents/RobotikProject/install/robotik_gazebo:/home/maksmykha/Documents/RobotikProject/install/robotik_control:/home/maksmykha/Documents/RobotikProject/install/robotik_bringup:/opt/ros/jazzy DEBUGINFOD_URLS=https://debuginfod.ubuntu.com /usr/bin/cmake --build /home/maksmykha/Documents/RobotikProject/build/yolo_msgs -- -j8 -l8
[0.354s] DEBUG:colcon.colcon_core.event_handler.log_command:Invoking command in '/home/maksmykha/Documents/RobotikProject/build/robot_description': CMAKE_PREFIX_PATH=${CMAKE_PREFIX_PATH}:/home/maksmykha/Documents/RobotikProject/install/yolo_ros:/home/maksmykha/Documents/RobotikProject/install/robotik_vision:/home/maksmykha/Documents/RobotikProject/install/robotik_sorting:/home/maksmykha/Documents/RobotikProject/install/robotik_gazebo:/home/maksmykha/Documents/RobotikProject/install/robotik_control:/home/maksmykha/Documents/RobotikProject/install/robotik_bringup:/opt/ros/jazzy DEBUGINFOD_URLS=https://debuginfod.ubuntu.com /usr/bin/cmake --build /home/maksmykha/Documents/RobotikProject/build/robot_description -- -j8 -l8
[0.607s] INFO:colcon.colcon_core.task.python.build:Building Python package in '/home/maksmykha/Documents/RobotikProject/src/robotik_bringup'
[0.607s] INFO:colcon.colcon_core.shell:Skip shell extension 'powershell' for command environment: Not usable outside of PowerShell
[0.607s] DEBUG:colcon.colcon_core.shell:Skip shell extension 'dsv' for command environment
[0.851s] INFO:colcon.colcon_core.task.python.build:Building Python package in '/home/maksmykha/Documents/RobotikProject/src/robotik_control'
[0.852s] INFO:colcon.colcon_core.shell:Skip shell extension 'powershell' for command environment: Not usable outside of PowerShell
[0.852s] DEBUG:colcon.colcon_core.shell:Skip shell extension 'dsv' for command environment
[0.860s] DEBUG:colcon.colcon_core.event_handler.log_command:Invoking command in '/home/maksmykha/Documents/RobotikProject/build/robotik_description': CMAKE_PREFIX_PATH=${CMAKE_PREFIX_PATH}:/home/maksmykha/Documents/RobotikProject/install/yolo_ros:/home/maksmykha/Documents/RobotikProject/install/robotik_vision:/home/maksmykha/Documents/RobotikProject/install/robotik_sorting:/home/maksmykha/Documents/RobotikProject/install/robotik_gazebo:/home/maksmykha/Documents/RobotikProject/install/robotik_control:/home/maksmykha/Documents/RobotikProject/install/robotik_bringup:/opt/ros/jazzy DEBUGINFOD_URLS=https://debuginfod.ubuntu.com /usr/bin/cmake --build /home/maksmykha/Documents/RobotikProject/build/robotik_description -- -j8 -l8
[1.125s] INFO:colcon.colcon_core.task.python.build:Building Python package in '/home/maksmykha/Documents/RobotikProject/src/robotik_gazebo'
[1.125s] INFO:colcon.colcon_core.shell:Skip shell extension 'powershell' for command environment: Not usable outside of PowerShell
[1.125s] DEBUG:colcon.colcon_core.shell:Skip shell extension 'dsv' for command environment
[1.380s] INFO:colcon.colcon_core.task.python.build:Building Python package in '/home/maksmykha/Documents/RobotikProject/src/robotik_sorting'
[1.380s] INFO:colcon.colcon_core.shell:Skip shell extension 'powershell' for command environment: Not usable outside of PowerShell
[1.380s] DEBUG:colcon.colcon_core.shell:Skip shell extension 'dsv' for command environment
[1.398s] DEBUG:colcon.colcon_core.event_handler.log_command:Invoked command in '/home/maksmykha/Documents/RobotikProject/build/robot_description' returned '0': CMAKE_PREFIX_PATH=${CMAKE_PREFIX_PATH}:/home/maksmykha/Documents/RobotikProject/install/yolo_ros:/home/maksmykha/Documents/RobotikProject/install/robotik_vision:/home/maksmykha/Documents/RobotikProject/install/robotik_sorting:/home/maksmykha/Documents/RobotikProject/install/robotik_gazebo:/home/maksmykha/Documents/RobotikProject/install/robotik_control:/home/maksmykha/Documents/RobotikProject/install/robotik_bringup:/opt/ros/jazzy DEBUGINFOD_URLS=https://debuginfod.ubuntu.com /usr/bin/cmake --build /home/maksmykha/Documents/RobotikProject/build/robot_description -- -j8 -l8
[1.414s] DEBUG:colcon.colcon_core.event_handler.log_command:Invoking command in '/home/maksmykha/Documents/RobotikProject/build/robot_description': CMAKE_PREFIX_PATH=${CMAKE_PREFIX_PATH}:/home/maksmykha/Documents/RobotikProject/install/yolo_ros:/home/maksmykha/Documents/RobotikProject/install/robotik_vision:/home/maksmykha/Documents/RobotikProject/install/robotik_sorting:/home/maksmykha/Documents/RobotikProject/install/robotik_gazebo:/home/maksmykha/Documents/RobotikProject/install/robotik_control:/home/maksmykha/Documents/RobotikProject/install/robotik_bringup:/opt/ros/jazzy DEBUGINFOD_URLS=https://debuginfod.ubuntu.com /usr/bin/cmake --install /home/maksmykha/Documents/RobotikProject/build/robot_description
[1.666s] INFO:colcon.colcon_core.task.python.build:Building Python package in '/home/maksmykha/Documents/RobotikProject/src/robotik_vision'
[1.667s] INFO:colcon.colcon_core.shell:Skip shell extension 'powershell' for command environment: Not usable outside of PowerShell
[1.667s] DEBUG:colcon.colcon_core.shell:Skip shell extension 'dsv' for command environment
[1.675s] DEBUG:colcon.colcon_core.event_handler.log_command:Invoked command in '/home/maksmykha/Documents/RobotikProject/build/robotik_description' returned '0': CMAKE_PREFIX_PATH=${CMAKE_PREFIX_PATH}:/home/maksmykha/Documents/RobotikProject/install/yolo_ros:/home/maksmykha/Documents/RobotikProject/install/robotik_vision:/home/maksmykha/Documents/RobotikProject/install/robotik_sorting:/home/maksmykha/Documents/RobotikProject/install/robotik_gazebo:/home/maksmykha/Documents/RobotikProject/install/robotik_control:/home/maksmykha/Documents/RobotikProject/install/robotik_bringup:/opt/ros/jazzy DEBUGINFOD_URLS=https://debuginfod.ubuntu.com /usr/bin/cmake --build /home/maksmykha/Documents/RobotikProject/build/robotik_description -- -j8 -l8
[1.676s] DEBUG:colcon.colcon_core.event_handler.log_command:Invoking command in '/home/maksmykha/Documents/RobotikProject/build/robotik_description': CMAKE_PREFIX_PATH=${CMAKE_PREFIX_PATH}:/home/maksmykha/Documents/RobotikProject/install/yolo_ros:/home/maksmykha/Documents/RobotikProject/install/robotik_vision:/home/maksmykha/Documents/RobotikProject/install/robotik_sorting:/home/maksmykha/Documents/RobotikProject/install/robotik_gazebo:/home/maksmykha/Documents/RobotikProject/install/robotik_control:/home/maksmykha/Documents/RobotikProject/install/robotik_bringup:/opt/ros/jazzy DEBUGINFOD_URLS=https://debuginfod.ubuntu.com /usr/bin/cmake --install /home/maksmykha/Documents/RobotikProject/build/robotik_description
[1.705s] Level 1:colcon.colcon_core.environment:create_environment_scripts_only(robot_description)
[1.708s] DEBUG:colcon.colcon_core.event_handler.log_command:Invoked command in '/home/maksmykha/Documents/RobotikProject/build/robot_description' returned '0': CMAKE_PREFIX_PATH=${CMAKE_PREFIX_PATH}:/home/maksmykha/Documents/RobotikProject/install/yolo_ros:/home/maksmykha/Documents/RobotikProject/install/robotik_vision:/home/maksmykha/Documents/RobotikProject/install/robotik_sorting:/home/maksmykha/Documents/RobotikProject/install/robotik_gazebo:/home/maksmykha/Documents/RobotikProject/install/robotik_control:/home/maksmykha/Documents/RobotikProject/install/robotik_bringup:/opt/ros/jazzy DEBUGINFOD_URLS=https://debuginfod.ubuntu.com /usr/bin/cmake --install /home/maksmykha/Documents/RobotikProject/build/robot_description
[1.714s] Level 1:colcon.colcon_core.environment:checking '/home/maksmykha/Documents/RobotikProject/install/robot_description' for CMake module files
[1.714s] Level 1:colcon.colcon_core.environment:checking '/home/maksmykha/Documents/RobotikProject/install/robot_description' for CMake config files
[1.714s] Level 1:colcon.colcon_core.shell:create_environment_hook('robot_description', 'cmake_prefix_path')
[1.716s] INFO:colcon.colcon_core.shell:Creating environment hook '/home/maksmykha/Documents/RobotikProject/install/robot_description/share/robot_description/hook/cmake_prefix_path.ps1'
[1.717s] INFO:colcon.colcon_core.shell:Creating environment descriptor '/home/maksmykha/Documents/RobotikProject/install/robot_description/share/robot_description/hook/cmake_prefix_path.dsv'
[1.717s] INFO:colcon.colcon_core.shell:Creating environment hook '/home/maksmykha/Documents/RobotikProject/install/robot_description/share/robot_description/hook/cmake_prefix_path.sh'
[1.719s] Level 1:colcon.colcon_core.environment:checking '/home/maksmykha/Documents/RobotikProject/install/robot_description/bin'
[1.719s] Level 1:colcon.colcon_core.environment:checking '/home/maksmykha/Documents/RobotikProject/install/robot_description/lib/pkgconfig/robot_description.pc'
[1.719s] Level 1:colcon.colcon_core.environment:checking '/home/maksmykha/Documents/RobotikProject/install/robot_description/lib/python3.12/site-packages'
[1.721s] Level 1:colcon.colcon_core.environment:checking '/home/maksmykha/Documents/RobotikProject/install/robot_description/bin'
[1.722s] INFO:colcon.colcon_core.shell:Creating package script '/home/maksmykha/Documents/RobotikProject/install/robot_description/share/robot_description/package.ps1'
[1.725s] INFO:colcon.colcon_core.shell:Creating package descriptor '/home/maksmykha/Documents/RobotikProject/install/robot_description/share/robot_description/package.dsv'
[1.728s] INFO:colcon.colcon_core.shell:Creating package script '/home/maksmykha/Documents/RobotikProject/install/robot_description/share/robot_description/package.sh'
[1.729s] INFO:colcon.colcon_core.shell:Creating package script '/home/maksmykha/Documents/RobotikProject/install/robot_description/share/robot_description/package.bash'
[1.729s] INFO:colcon.colcon_core.shell:Creating package script '/home/maksmykha/Documents/RobotikProject/install/robot_description/share/robot_description/package.zsh'
[1.730s] Level 1:colcon.colcon_core.environment:create_file_with_runtime_dependencies(/home/maksmykha/Documents/RobotikProject/install/robot_description/share/colcon-core/packages/robot_description)
[1.731s] Level 1:colcon.colcon_core.environment:create_environment_scripts_only(robot_description)
[1.731s] Level 1:colcon.colcon_core.environment:checking '/home/maksmykha/Documents/RobotikProject/install/robot_description' for CMake module files
[1.731s] Level 1:colcon.colcon_core.environment:checking '/home/maksmykha/Documents/RobotikProject/install/robot_description' for CMake config files
[1.731s] Level 1:colcon.colcon_core.shell:create_environment_hook('robot_description', 'cmake_prefix_path')
[1.731s] INFO:colcon.colcon_core.shell:Creating environment hook '/home/maksmykha/Documents/RobotikProject/install/robot_description/share/robot_description/hook/cmake_prefix_path.ps1'
[1.732s] INFO:colcon.colcon_core.shell:Creating environment descriptor '/home/maksmykha/Documents/RobotikProject/install/robot_description/share/robot_description/hook/cmake_prefix_path.dsv'
[1.732s] INFO:colcon.colcon_core.shell:Creating environment hook '/home/maksmykha/Documents/RobotikProject/install/robot_description/share/robot_description/hook/cmake_prefix_path.sh'
[1.732s] Level 1:colcon.colcon_core.environment:checking '/home/maksmykha/Documents/RobotikProject/install/robot_description/bin'
[1.732s] Level 1:colcon.colcon_core.environment:checking '/home/maksmykha/Documents/RobotikProject/install/robot_description/lib/pkgconfig/robot_description.pc'
[1.732s] Level 1:colcon.colcon_core.environment:checking '/home/maksmykha/Documents/RobotikProject/install/robot_description/lib/python3.12/site-packages'
[1.733s] Level 1:colcon.colcon_core.environment:checking '/home/maksmykha/Documents/RobotikProject/install/robot_description/bin'
[1.733s] INFO:colcon.colcon_core.shell:Creating package script '/home/maksmykha/Documents/RobotikProject/install/robot_description/share/robot_description/package.ps1'
[1.734s] INFO:colcon.colcon_core.shell:Creating package descriptor '/home/maksmykha/Documents/RobotikProject/install/robot_description/share/robot_description/package.dsv'
[1.734s] INFO:colcon.colcon_core.shell:Creating package script '/home/maksmykha/Documents/RobotikProject/install/robot_description/share/robot_description/package.sh'
[1.734s] INFO:colcon.colcon_core.shell:Creating package script '/home/maksmykha/Documents/RobotikProject/install/robot_description/share/robot_description/package.bash'
[1.734s] INFO:colcon.colcon_core.shell:Creating package script '/home/maksmykha/Documents/RobotikProject/install/robot_description/share/robot_description/package.zsh'
[1.734s] Level 1:colcon.colcon_core.environment:create_file_with_runtime_dependencies(/home/maksmykha/Documents/RobotikProject/install/robot_description/share/colcon-core/packages/robot_description)
[1.737s] DEBUG:colcon.colcon_core.event_handler.log_command:Invoked command in '/home/maksmykha/Documents/RobotikProject/build/yolo_msgs' returned '0': CMAKE_PREFIX_PATH=${CMAKE_PREFIX_PATH}:/home/maksmykha/Documents/RobotikProject/install/yolo_ros:/home/maksmykha/Documents/RobotikProject/install/robotik_vision:/home/maksmykha/Documents/RobotikProject/install/robotik_sorting:/home/maksmykha/Documents/RobotikProject/install/robotik_gazebo:/home/maksmykha/Documents/RobotikProject/install/robotik_control:/home/maksmykha/Documents/RobotikProject/install/robotik_bringup:/opt/ros/jazzy DEBUGINFOD_URLS=https://debuginfod.ubuntu.com /usr/bin/cmake --build /home/maksmykha/Documents/RobotikProject/build/yolo_msgs -- -j8 -l8
[1.742s] DEBUG:colcon.colcon_core.event_handler.log_command:Invoking command in '/home/maksmykha/Documents/RobotikProject/build/yolo_msgs': CMAKE_PREFIX_PATH=${CMAKE_PREFIX_PATH}:/home/maksmykha/Documents/RobotikProject/install/yolo_ros:/home/maksmykha/Documents/RobotikProject/install/robotik_vision:/home/maksmykha/Documents/RobotikProject/install/robotik_sorting:/home/maksmykha/Documents/RobotikProject/install/robotik_gazebo:/home/maksmykha/Documents/RobotikProject/install/robotik_control:/home/maksmykha/Documents/RobotikProject/install/robotik_bringup:/opt/ros/jazzy DEBUGINFOD_URLS=https://debuginfod.ubuntu.com /usr/bin/cmake --install /home/maksmykha/Documents/RobotikProject/build/yolo_msgs
[1.748s] Level 1:colcon.colcon_core.environment:create_environment_scripts_only(robotik_description)
[1.748s] Level 1:colcon.colcon_core.environment:checking '/home/maksmykha/Documents/RobotikProject/install/robotik_description' for CMake module files
[1.748s] Level 1:colcon.colcon_core.environment:checking '/home/maksmykha/Documents/RobotikProject/install/robotik_description' for CMake config files
[1.750s] Level 1:colcon.colcon_core.shell:create_environment_hook('robotik_description', 'cmake_prefix_path')
[1.751s] INFO:colcon.colcon_core.shell:Creating environment hook '/home/maksmykha/Documents/RobotikProject/install/robotik_description/share/robotik_description/hook/cmake_prefix_path.ps1'
[1.751s] INFO:colcon.colcon_core.shell:Creating environment descriptor '/home/maksmykha/Documents/RobotikProject/install/robotik_description/share/robotik_description/hook/cmake_prefix_path.dsv'
[1.751s] INFO:colcon.colcon_core.shell:Creating environment hook '/home/maksmykha/Documents/RobotikProject/install/robotik_description/share/robotik_description/hook/cmake_prefix_path.sh'
[1.753s] DEBUG:colcon.colcon_core.event_handler.log_command:Invoked command in '/home/maksmykha/Documents/RobotikProject/build/robotik_description' returned '0': CMAKE_PREFIX_PATH=${CMAKE_PREFIX_PATH}:/home/maksmykha/Documents/RobotikProject/install/yolo_ros:/home/maksmykha/Documents/RobotikProject/install/robotik_vision:/home/maksmykha/Documents/RobotikProject/install/robotik_sorting:/home/maksmykha/Documents/RobotikProject/install/robotik_gazebo:/home/maksmykha/Documents/RobotikProject/install/robotik_control:/home/maksmykha/Documents/RobotikProject/install/robotik_bringup:/opt/ros/jazzy DEBUGINFOD_URLS=https://debuginfod.ubuntu.com /usr/bin/cmake --install /home/maksmykha/Documents/RobotikProject/build/robotik_description
[1.753s] Level 1:colcon.colcon_core.environment:checking '/home/maksmykha/Documents/RobotikProject/install/robotik_description/bin'
[1.754s] Level 1:colcon.colcon_core.environment:checking '/home/maksmykha/Documents/RobotikProject/install/robotik_description/lib/pkgconfig/robotik_description.pc'
[1.754s] Level 1:colcon.colcon_core.environment:checking '/home/maksmykha/Documents/RobotikProject/install/robotik_description/lib/python3.12/site-packages'
[1.754s] Level 1:colcon.colcon_core.environment:checking '/home/maksmykha/Documents/RobotikProject/install/robotik_description/bin'
[1.754s] INFO:colcon.colcon_core.shell:Creating package script '/home/maksmykha/Documents/RobotikProject/install/robotik_description/share/robotik_description/package.ps1'
[1.759s] INFO:colcon.colcon_core.shell:Creating package descriptor '/home/maksmykha/Documents/RobotikProject/install/robotik_description/share/robotik_description/package.dsv'
[1.762s] INFO:colcon.colcon_core.shell:Creating package script '/home/maksmykha/Documents/RobotikProject/install/robotik_description/share/robotik_description/package.sh'
[1.763s] INFO:colcon.colcon_core.shell:Creating package script '/home/maksmykha/Documents/RobotikProject/install/robotik_description/share/robotik_description/package.bash'
[1.763s] INFO:colcon.colcon_core.shell:Creating package script '/home/maksmykha/Documents/RobotikProject/install/robotik_description/share/robotik_description/package.zsh'
[1.767s] Level 1:colcon.colcon_core.environment:create_file_with_runtime_dependencies(/home/maksmykha/Documents/RobotikProject/install/robotik_description/share/colcon-core/packages/robotik_description)
[1.771s] Level 1:colcon.colcon_core.environment:create_environment_scripts_only(robotik_description)
[1.772s] Level 1:colcon.colcon_core.environment:checking '/home/maksmykha/Documents/RobotikProject/install/robotik_description' for CMake module files
[1.772s] Level 1:colcon.colcon_core.environment:checking '/home/maksmykha/Documents/RobotikProject/install/robotik_description' for CMake config files
[1.772s] Level 1:colcon.colcon_core.shell:create_environment_hook('robotik_description', 'cmake_prefix_path')
[1.772s] INFO:colcon.colcon_core.shell:Creating environment hook '/home/maksmykha/Documents/RobotikProject/install/robotik_description/share/robotik_description/hook/cmake_prefix_path.ps1'
[1.781s] INFO:colcon.colcon_core.shell:Creating environment descriptor '/home/maksmykha/Documents/RobotikProject/install/robotik_description/share/robotik_description/hook/cmake_prefix_path.dsv'
[1.781s] INFO:colcon.colcon_core.shell:Creating environment hook '/home/maksmykha/Documents/RobotikProject/install/robotik_description/share/robotik_description/hook/cmake_prefix_path.sh'
[1.783s] Level 1:colcon.colcon_core.environment:checking '/home/maksmykha/Documents/RobotikProject/install/robotik_description/bin'
[1.783s] Level 1:colcon.colcon_core.environment:checking '/home/maksmykha/Documents/RobotikProject/install/robotik_description/lib/pkgconfig/robotik_description.pc'
[1.787s] Level 1:colcon.colcon_core.environment:checking '/home/maksmykha/Documents/RobotikProject/install/robotik_description/lib/python3.12/site-packages'
[1.793s] Level 1:colcon.colcon_core.environment:checking '/home/maksmykha/Documents/RobotikProject/install/robotik_description/bin'
[1.793s] INFO:colcon.colcon_core.shell:Creating package script '/home/maksmykha/Documents/RobotikProject/install/robotik_description/share/robotik_description/package.ps1'
[1.798s] INFO:colcon.colcon_core.shell:Creating package descriptor '/home/maksmykha/Documents/RobotikProject/install/robotik_description/share/robotik_description/package.dsv'
[1.817s] INFO:colcon.colcon_core.shell:Creating package script '/home/maksmykha/Documents/RobotikProject/install/robotik_description/share/robotik_description/package.sh'
[1.817s] INFO:colcon.colcon_core.shell:Creating package script '/home/maksmykha/Documents/RobotikProject/install/robotik_description/share/robotik_description/package.bash'
[1.818s] INFO:colcon.colcon_core.shell:Creating package script '/home/maksmykha/Documents/RobotikProject/install/robotik_description/share/robotik_description/package.zsh'
[1.818s] Level 1:colcon.colcon_core.environment:create_file_with_runtime_dependencies(/home/maksmykha/Documents/RobotikProject/install/robotik_description/share/colcon-core/packages/robotik_description)
[1.982s] Level 1:colcon.colcon_core.environment:create_environment_scripts_only(yolo_msgs)
[1.982s] Level 1:colcon.colcon_core.environment:checking '/home/maksmykha/Documents/RobotikProject/install/yolo_msgs' for CMake module files
[1.983s] Level 1:colcon.colcon_core.environment:checking '/home/maksmykha/Documents/RobotikProject/install/yolo_msgs' for CMake config files
[1.983s] Level 1:colcon.colcon_core.shell:create_environment_hook('yolo_msgs', 'cmake_prefix_path')
[1.983s] INFO:colcon.colcon_core.shell:Creating environment hook '/home/maksmykha/Documents/RobotikProject/install/yolo_msgs/share/yolo_msgs/hook/cmake_prefix_path.ps1'
[1.984s] INFO:colcon.colcon_core.shell:Creating environment descriptor '/home/maksmykha/Documents/RobotikProject/install/yolo_msgs/share/yolo_msgs/hook/cmake_prefix_path.dsv'
[1.986s] DEBUG:colcon.colcon_core.event_handler.log_command:Invoked command in '/home/maksmykha/Documents/RobotikProject/build/yolo_msgs' returned '0': CMAKE_PREFIX_PATH=${CMAKE_PREFIX_PATH}:/home/maksmykha/Documents/RobotikProject/install/yolo_ros:/home/maksmykha/Documents/RobotikProject/install/robotik_vision:/home/maksmykha/Documents/RobotikProject/install/robotik_sorting:/home/maksmykha/Documents/RobotikProject/install/robotik_gazebo:/home/maksmykha/Documents/RobotikProject/install/robotik_control:/home/maksmykha/Documents/RobotikProject/install/robotik_bringup:/opt/ros/jazzy DEBUGINFOD_URLS=https://debuginfod.ubuntu.com /usr/bin/cmake --install /home/maksmykha/Documents/RobotikProject/build/yolo_msgs
[1.990s] INFO:colcon.colcon_core.shell:Creating environment hook '/home/maksmykha/Documents/RobotikProject/install/yolo_msgs/share/yolo_msgs/hook/cmake_prefix_path.sh'
[1.990s] Level 1:colcon.colcon_core.environment:checking '/home/maksmykha/Documents/RobotikProject/install/yolo_msgs/lib'
[1.991s] Level 1:colcon.colcon_core.shell:create_environment_hook('yolo_msgs', 'ld_library_path_lib')
[1.991s] INFO:colcon.colcon_core.shell:Creating environment hook '/home/maksmykha/Documents/RobotikProject/install/yolo_msgs/share/yolo_msgs/hook/ld_library_path_lib.ps1'
[1.992s] INFO:colcon.colcon_core.shell:Creating environment descriptor '/home/maksmykha/Documents/RobotikProject/install/yolo_msgs/share/yolo_msgs/hook/ld_library_path_lib.dsv'
[1.992s] INFO:colcon.colcon_core.shell:Creating environment hook '/home/maksmykha/Documents/RobotikProject/install/yolo_msgs/share/yolo_msgs/hook/ld_library_path_lib.sh'
[1.992s] Level 1:colcon.colcon_core.environment:checking '/home/maksmykha/Documents/RobotikProject/install/yolo_msgs/bin'
[1.998s] Level 1:colcon.colcon_core.environment:checking '/home/maksmykha/Documents/RobotikProject/install/yolo_msgs/lib/pkgconfig/yolo_msgs.pc'
[1.998s] Level 1:colcon.colcon_core.environment:checking '/home/maksmykha/Documents/RobotikProject/install/yolo_msgs/lib/python3.12/site-packages'
[1.998s] Level 1:colcon.colcon_core.shell:create_environment_hook('yolo_msgs', 'pythonpath')
[1.998s] INFO:colcon.colcon_core.shell:Creating environment hook '/home/maksmykha/Documents/RobotikProject/install/yolo_msgs/share/yolo_msgs/hook/pythonpath.ps1'
[1.999s] INFO:colcon.colcon_core.shell:Creating environment descriptor '/home/maksmykha/Documents/RobotikProject/install/yolo_msgs/share/yolo_msgs/hook/pythonpath.dsv'
[1.999s] INFO:colcon.colcon_core.shell:Creating environment hook '/home/maksmykha/Documents/RobotikProject/install/yolo_msgs/share/yolo_msgs/hook/pythonpath.sh'
[2.003s] Level 1:colcon.colcon_core.environment:checking '/home/maksmykha/Documents/RobotikProject/install/yolo_msgs/bin'
[2.004s] INFO:colcon.colcon_core.shell:Creating package script '/home/maksmykha/Documents/RobotikProject/install/yolo_msgs/share/yolo_msgs/package.ps1'
[2.004s] INFO:colcon.colcon_core.shell:Creating package descriptor '/home/maksmykha/Documents/RobotikProject/install/yolo_msgs/share/yolo_msgs/package.dsv'
[2.004s] INFO:colcon.colcon_core.shell:Creating package script '/home/maksmykha/Documents/RobotikProject/install/yolo_msgs/share/yolo_msgs/package.sh'
[2.005s] INFO:colcon.colcon_core.shell:Creating package script '/home/maksmykha/Documents/RobotikProject/install/yolo_msgs/share/yolo_msgs/package.bash'
[2.006s] INFO:colcon.colcon_core.shell:Creating package script '/home/maksmykha/Documents/RobotikProject/install/yolo_msgs/share/yolo_msgs/package.zsh'
[2.006s] Level 1:colcon.colcon_core.environment:create_file_with_runtime_dependencies(/home/maksmykha/Documents/RobotikProject/install/yolo_msgs/share/colcon-core/packages/yolo_msgs)
[2.010s] Level 1:colcon.colcon_core.environment:create_environment_scripts_only(yolo_msgs)
[2.011s] Level 1:colcon.colcon_core.environment:checking '/home/maksmykha/Documents/RobotikProject/install/yolo_msgs' for CMake module files
[2.011s] Level 1:colcon.colcon_core.environment:checking '/home/maksmykha/Documents/RobotikProject/install/yolo_msgs' for CMake config files
[2.012s] Level 1:colcon.colcon_core.shell:create_environment_hook('yolo_msgs', 'cmake_prefix_path')
[2.015s] INFO:colcon.colcon_core.shell:Creating environment hook '/home/maksmykha/Documents/RobotikProject/install/yolo_msgs/share/yolo_msgs/hook/cmake_prefix_path.ps1'
[2.015s] INFO:colcon.colcon_core.shell:Creating environment descriptor '/home/maksmykha/Documents/RobotikProject/install/yolo_msgs/share/yolo_msgs/hook/cmake_prefix_path.dsv'
[2.017s] INFO:colcon.colcon_core.shell:Creating environment hook '/home/maksmykha/Documents/RobotikProject/install/yolo_msgs/share/yolo_msgs/hook/cmake_prefix_path.sh'
[2.018s] Level 1:colcon.colcon_core.environment:checking '/home/maksmykha/Documents/RobotikProject/install/yolo_msgs/lib'
[2.019s] Level 1:colcon.colcon_core.shell:create_environment_hook('yolo_msgs', 'ld_library_path_lib')
[2.019s] INFO:colcon.colcon_core.shell:Creating environment hook '/home/maksmykha/Documents/RobotikProject/install/yolo_msgs/share/yolo_msgs/hook/ld_library_path_lib.ps1'
[2.020s] INFO:colcon.colcon_core.shell:Creating environment descriptor '/home/maksmykha/Documents/RobotikProject/install/yolo_msgs/share/yolo_msgs/hook/ld_library_path_lib.dsv'
[2.022s] INFO:colcon.colcon_core.shell:Creating environment hook '/home/maksmykha/Documents/RobotikProject/install/yolo_msgs/share/yolo_msgs/hook/ld_library_path_lib.sh'
[2.024s] Level 1:colcon.colcon_core.environment:checking '/home/maksmykha/Documents/RobotikProject/install/yolo_msgs/bin'
[2.024s] Level 1:colcon.colcon_core.environment:checking '/home/maksmykha/Documents/RobotikProject/install/yolo_msgs/lib/pkgconfig/yolo_msgs.pc'
[2.025s] Level 1:colcon.colcon_core.environment:checking '/home/maksmykha/Documents/RobotikProject/install/yolo_msgs/lib/python3.12/site-packages'
[2.025s] Level 1:colcon.colcon_core.shell:create_environment_hook('yolo_msgs', 'pythonpath')
[2.025s] INFO:colcon.colcon_core.shell:Creating environment hook '/home/maksmykha/Documents/RobotikProject/install/yolo_msgs/share/yolo_msgs/hook/pythonpath.ps1'
[2.034s] INFO:colcon.colcon_core.shell:Creating environment descriptor '/home/maksmykha/Documents/RobotikProject/install/yolo_msgs/share/yolo_msgs/hook/pythonpath.dsv'
[2.035s] INFO:colcon.colcon_core.shell:Creating environment hook '/home/maksmykha/Documents/RobotikProject/install/yolo_msgs/share/yolo_msgs/hook/pythonpath.sh'
[2.035s] Level 1:colcon.colcon_core.environment:checking '/home/maksmykha/Documents/RobotikProject/install/yolo_msgs/bin'
[2.038s] INFO:colcon.colcon_core.shell:Creating package script '/home/maksmykha/Documents/RobotikProject/install/yolo_msgs/share/yolo_msgs/package.ps1'
[2.039s] INFO:colcon.colcon_core.shell:Creating package descriptor '/home/maksmykha/Documents/RobotikProject/install/yolo_msgs/share/yolo_msgs/package.dsv'
[2.039s] INFO:colcon.colcon_core.shell:Creating package script '/home/maksmykha/Documents/RobotikProject/install/yolo_msgs/share/yolo_msgs/package.sh'
[2.040s] INFO:colcon.colcon_core.shell:Creating package script '/home/maksmykha/Documents/RobotikProject/install/yolo_msgs/share/yolo_msgs/package.bash'
[2.040s] INFO:colcon.colcon_core.shell:Creating package script '/home/maksmykha/Documents/RobotikProject/install/yolo_msgs/share/yolo_msgs/package.zsh'
[2.040s] Level 1:colcon.colcon_core.environment:create_file_with_runtime_dependencies(/home/maksmykha/Documents/RobotikProject/install/yolo_msgs/share/colcon-core/packages/yolo_msgs)
[2.041s] INFO:colcon.colcon_ros.task.ament_python.build:Building ROS package in '/home/maksmykha/Documents/RobotikProject/src/yolo_ros/yolo_ros' with build type 'ament_python'
[2.041s] Level 1:colcon.colcon_core.shell:create_environment_hook('yolo_ros', 'ament_prefix_path')
[2.041s] INFO:colcon.colcon_core.shell:Creating environment hook '/home/maksmykha/Documents/RobotikProject/install/yolo_ros/share/yolo_ros/hook/ament_prefix_path.ps1'
[2.041s] INFO:colcon.colcon_core.shell:Creating environment descriptor '/home/maksmykha/Documents/RobotikProject/install/yolo_ros/share/yolo_ros/hook/ament_prefix_path.dsv'
[2.041s] INFO:colcon.colcon_core.shell:Creating environment hook '/home/maksmykha/Documents/RobotikProject/install/yolo_ros/share/yolo_ros/hook/ament_prefix_path.sh'
[2.043s] INFO:colcon.colcon_core.shell:Skip shell extension 'powershell' for command environment: Not usable outside of PowerShell
[2.043s] DEBUG:colcon.colcon_core.shell:Skip shell extension 'dsv' for command environment
[2.414s] INFO:colcon.colcon_core.task.python.build:Building Python package in '/home/maksmykha/Documents/RobotikProject/src/yolo_ros/yolo_ros'
[2.415s] INFO:colcon.colcon_core.shell:Skip shell extension 'powershell' for command environment: Not usable outside of PowerShell
[2.415s] DEBUG:colcon.colcon_core.shell:Skip shell extension 'dsv' for command environment
[2.427s] DEBUG:colcon.colcon_core.event_handler.log_command:Invoking command in '/home/maksmykha/Documents/RobotikProject/build/robotik_control': DEBUGINFOD_URLS=https://debuginfod.ubuntu.com PYTHONPATH=/home/maksmykha/Documents/RobotikProject/build/robotik_control/prefix_override:/usr/lib/python3/dist-packages/colcon_core/task/python/colcon_distutils_commands:/home/maksmykha/Documents/RobotikProject/install/robotik_control/lib/python3.12/site-packages:${PYTHONPATH} /usr/bin/python3 -W ignore:setup.py install is deprecated -W ignore:easy_install command is deprecated setup.py develop --editable --build-directory /home/maksmykha/Documents/RobotikProject/build/robotik_control/build --no-deps symlink_data
[2.521s] DEBUG:colcon.colcon_core.event_handler.log_command:Invoking command in '/home/maksmykha/Documents/RobotikProject/build/robotik_vision': DEBUGINFOD_URLS=https://debuginfod.ubuntu.com PYTHONPATH=/home/maksmykha/Documents/RobotikProject/build/robotik_vision/prefix_override:/usr/lib/python3/dist-packages/colcon_core/task/python/colcon_distutils_commands:/home/maksmykha/Documents/RobotikProject/install/robotik_vision/lib/python3.12/site-packages:${PYTHONPATH} /usr/bin/python3 -W ignore:setup.py install is deprecated -W ignore:easy_install command is deprecated setup.py develop --editable --build-directory /home/maksmykha/Documents/RobotikProject/build/robotik_vision/build --no-deps symlink_data
[2.555s] DEBUG:colcon.colcon_core.event_handler.log_command:Invoking command in '/home/maksmykha/Documents/RobotikProject/build/robotik_sorting': DEBUGINFOD_URLS=https://debuginfod.ubuntu.com PYTHONPATH=/home/maksmykha/Documents/RobotikProject/build/robotik_sorting/prefix_override:/usr/lib/python3/dist-packages/colcon_core/task/python/colcon_distutils_commands:/home/maksmykha/Documents/RobotikProject/install/robotik_sorting/lib/python3.12/site-packages:${PYTHONPATH} /usr/bin/python3 -W ignore:setup.py install is deprecated -W ignore:easy_install command is deprecated setup.py develop --editable --build-directory /home/maksmykha/Documents/RobotikProject/build/robotik_sorting/build --no-deps symlink_data
[2.587s] DEBUG:colcon.colcon_core.event_handler.log_command:Invoking command in '/home/maksmykha/Documents/RobotikProject/build/robotik_bringup': DEBUGINFOD_URLS=https://debuginfod.ubuntu.com PYTHONPATH=/home/maksmykha/Documents/RobotikProject/build/robotik_bringup/prefix_override:/usr/lib/python3/dist-packages/colcon_core/task/python/colcon_distutils_commands:/home/maksmykha/Documents/RobotikProject/install/robotik_bringup/lib/python3.12/site-packages:${PYTHONPATH} /usr/bin/python3 -W ignore:setup.py install is deprecated -W ignore:easy_install command is deprecated setup.py develop --editable --build-directory /home/maksmykha/Documents/RobotikProject/build/robotik_bringup/build --no-deps symlink_data
[2.704s] DEBUG:colcon.colcon_core.event_handler.log_command:Invoking command in '/home/maksmykha/Documents/RobotikProject/build/robotik_gazebo': DEBUGINFOD_URLS=https://debuginfod.ubuntu.com PYTHONPATH=/home/maksmykha/Documents/RobotikProject/build/robotik_gazebo/prefix_override:/usr/lib/python3/dist-packages/colcon_core/task/python/colcon_distutils_commands:/home/maksmykha/Documents/RobotikProject/install/robotik_gazebo/lib/python3.12/site-packages:${PYTHONPATH} /usr/bin/python3 -W ignore:setup.py install is deprecated -W ignore:easy_install command is deprecated setup.py develop --editable --build-directory /home/maksmykha/Documents/RobotikProject/build/robotik_gazebo/build --no-deps symlink_data
[3.277s] Level 1:colcon.colcon_core.shell:create_environment_hook('robotik_sorting', 'pythonpath_develop')
[3.277s] INFO:colcon.colcon_core.shell:Creating environment hook '/home/maksmykha/Documents/RobotikProject/build/robotik_sorting/share/robotik_sorting/hook/pythonpath_develop.ps1'
[3.278s] INFO:colcon.colcon_core.shell:Creating environment descriptor '/home/maksmykha/Documents/RobotikProject/build/robotik_sorting/share/robotik_sorting/hook/pythonpath_develop.dsv'
[3.278s] INFO:colcon.colcon_core.shell:Creating environment hook '/home/maksmykha/Documents/RobotikProject/build/robotik_sorting/share/robotik_sorting/hook/pythonpath_develop.sh'
[3.278s] Level 1:colcon.colcon_core.environment:checking '/home/maksmykha/Documents/RobotikProject/install/robotik_sorting' for CMake module files
[3.278s] Level 1:colcon.colcon_core.environment:checking '/home/maksmykha/Documents/RobotikProject/install/robotik_sorting' for CMake config files
[3.279s] Level 1:colcon.colcon_core.environment:checking '/home/maksmykha/Documents/RobotikProject/install/robotik_sorting/lib'
[3.279s] Level 1:colcon.colcon_core.environment:checking '/home/maksmykha/Documents/RobotikProject/install/robotik_sorting/bin'
[3.279s] Level 1:colcon.colcon_core.environment:checking '/home/maksmykha/Documents/RobotikProject/install/robotik_sorting/lib/pkgconfig/robotik_sorting.pc'
[3.279s] Level 1:colcon.colcon_core.environment:checking '/home/maksmykha/Documents/RobotikProject/install/robotik_sorting/lib/python3.12/site-packages'
[3.279s] Level 1:colcon.colcon_core.shell:create_environment_hook('robotik_sorting', 'pythonpath')
[3.279s] INFO:colcon.colcon_core.shell:Creating environment hook '/home/maksmykha/Documents/RobotikProject/install/robotik_sorting/share/robotik_sorting/hook/pythonpath.ps1'
[3.281s] DEBUG:colcon.colcon_core.event_handler.log_command:Invoked command in '/home/maksmykha/Documents/RobotikProject/build/robotik_sorting' returned '0': DEBUGINFOD_URLS=https://debuginfod.ubuntu.com PYTHONPATH=/home/maksmykha/Documents/RobotikProject/build/robotik_sorting/prefix_override:/usr/lib/python3/dist-packages/colcon_core/task/python/colcon_distutils_commands:/home/maksmykha/Documents/RobotikProject/install/robotik_sorting/lib/python3.12/site-packages:${PYTHONPATH} /usr/bin/python3 -W ignore:setup.py install is deprecated -W ignore:easy_install command is deprecated setup.py develop --editable --build-directory /home/maksmykha/Documents/RobotikProject/build/robotik_sorting/build --no-deps symlink_data
[3.281s] INFO:colcon.colcon_core.shell:Creating environment descriptor '/home/maksmykha/Documents/RobotikProject/install/robotik_sorting/share/robotik_sorting/hook/pythonpath.dsv'
[3.285s] INFO:colcon.colcon_core.shell:Creating environment hook '/home/maksmykha/Documents/RobotikProject/install/robotik_sorting/share/robotik_sorting/hook/pythonpath.sh'
[3.286s] Level 1:colcon.colcon_core.environment:checking '/home/maksmykha/Documents/RobotikProject/install/robotik_sorting/bin'
[3.286s] Level 1:colcon.colcon_core.environment:create_environment_scripts_only(robotik_sorting)
[3.286s] INFO:colcon.colcon_core.shell:Creating package script '/home/maksmykha/Documents/RobotikProject/install/robotik_sorting/share/robotik_sorting/package.ps1'
[3.287s] INFO:colcon.colcon_core.shell:Creating package descriptor '/home/maksmykha/Documents/RobotikProject/install/robotik_sorting/share/robotik_sorting/package.dsv'
[3.287s] INFO:colcon.colcon_core.shell:Creating package script '/home/maksmykha/Documents/RobotikProject/install/robotik_sorting/share/robotik_sorting/package.sh'
[3.295s] INFO:colcon.colcon_core.shell:Creating package script '/home/maksmykha/Documents/RobotikProject/install/robotik_sorting/share/robotik_sorting/package.bash'
[3.296s] INFO:colcon.colcon_core.shell:Creating package script '/home/maksmykha/Documents/RobotikProject/install/robotik_sorting/share/robotik_sorting/package.zsh'
[3.296s] Level 1:colcon.colcon_core.environment:create_file_with_runtime_dependencies(/home/maksmykha/Documents/RobotikProject/install/robotik_sorting/share/colcon-core/packages/robotik_sorting)
[3.356s] DEBUG:colcon.colcon_core.event_handler.log_command:Invoking command in '/home/maksmykha/Documents/RobotikProject/build/yolo_ros': CMAKE_PREFIX_PATH=/home/maksmykha/Documents/RobotikProject/install/yolo_msgs:/home/maksmykha/Documents/RobotikProject/install/yolo_bringup:/home/maksmykha/Documents/RobotikProject/install/robotik_description:/home/maksmykha/Documents/RobotikProject/install/robot_description:/opt/ros/jazzy/opt/gz_sim_vendor:/opt/ros/jazzy/opt/gz_sensors_vendor:/opt/ros/jazzy/opt/gz_physics_vendor:/opt/ros/jazzy/opt/sdformat_vendor:/opt/ros/jazzy/opt/gz_gui_vendor:/opt/ros/jazzy/opt/gz_transport_vendor:/opt/ros/jazzy/opt/gz_rendering_vendor:/opt/ros/jazzy/opt/gz_plugin_vendor:/opt/ros/jazzy/opt/gz_fuel_tools_vendor:/opt/ros/jazzy/opt/gz_msgs_vendor:/opt/ros/jazzy/opt/gz_common_vendor:/opt/ros/jazzy/opt/gz_math_vendor:/opt/ros/jazzy/opt/gz_utils_vendor:/opt/ros/jazzy/opt/gz_tools_vendor:/opt/ros/jazzy/opt/gz_ogre_next_vendor:/opt/ros/jazzy/opt/gz_dartsim_vendor:/opt/ros/jazzy/opt/gz_cmake_vendor DEBUGINFOD_URLS=https://debuginfod.ubuntu.com PYTHONPATH=/home/maksmykha/Documents/RobotikProject/build/yolo_ros/prefix_override:/usr/lib/python3/dist-packages/colcon_core/task/python/colcon_distutils_commands:/home/maksmykha/Documents/RobotikProject/install/yolo_ros/lib/python3.12/site-packages:/home/maksmykha/Documents/RobotikProject/install/yolo_msgs/lib/python3.12/site-packages:/home/maksmykha/Documents/RobotikProject/build/yolo_ros:/home/maksmykha/Documents/RobotikProject/install/yolo_ros/lib/python3.12/site-packages:/home/maksmykha/Documents/RobotikProject/build/robotik_vision:/home/maksmykha/Documents/RobotikProject/install/robotik_vision/lib/python3.12/site-packages:/home/maksmykha/Documents/RobotikProject/build/robotik_sorting:/home/maksmykha/Documents/RobotikProject/install/robotik_sorting/lib/python3.12/site-packages:/home/maksmykha/Documents/RobotikProject/build/robotik_gazebo:/home/maksmykha/Documents/RobotikProject/install/robotik_gazebo/lib/python3.12/site-packages:/home/maksmykha/Documents/RobotikProject/build/robotik_control:/home/maksmykha/Documents/RobotikProject/install/robotik_control/lib/python3.12/site-packages:/home/maksmykha/Documents/RobotikProject/build/robotik_bringup:/home/maksmykha/Documents/RobotikProject/install/robotik_bringup/lib/python3.12/site-packages:/opt/ros/jazzy/lib/python3.12/site-packages /usr/bin/python3 -W ignore:setup.py install is deprecated -W ignore:easy_install command is deprecated setup.py develop --editable --build-directory /home/maksmykha/Documents/RobotikProject/build/yolo_ros/build --no-deps symlink_data
[3.373s] Level 1:colcon.colcon_core.shell:create_environment_hook('robotik_control', 'pythonpath_develop')
[3.373s] INFO:colcon.colcon_core.shell:Creating environment hook '/home/maksmykha/Documents/RobotikProject/build/robotik_control/share/robotik_control/hook/pythonpath_develop.ps1'
[3.380s] INFO:colcon.colcon_core.shell:Creating environment descriptor '/home/maksmykha/Documents/RobotikProject/build/robotik_control/share/robotik_control/hook/pythonpath_develop.dsv'
[3.380s] INFO:colcon.colcon_core.shell:Creating environment hook '/home/maksmykha/Documents/RobotikProject/build/robotik_control/share/robotik_control/hook/pythonpath_develop.sh'
[3.381s] Level 1:colcon.colcon_core.environment:checking '/home/maksmykha/Documents/RobotikProject/install/robotik_control' for CMake module files
[3.381s] Level 1:colcon.colcon_core.environment:checking '/home/maksmykha/Documents/RobotikProject/install/robotik_control' for CMake config files
[3.381s] Level 1:colcon.colcon_core.environment:checking '/home/maksmykha/Documents/RobotikProject/install/robotik_control/lib'
[3.381s] Level 1:colcon.colcon_core.environment:checking '/home/maksmykha/Documents/RobotikProject/install/robotik_control/bin'
[3.381s] Level 1:colcon.colcon_core.environment:checking '/home/maksmykha/Documents/RobotikProject/install/robotik_control/lib/pkgconfig/robotik_control.pc'
[3.382s] Level 1:colcon.colcon_core.environment:checking '/home/maksmykha/Documents/RobotikProject/install/robotik_control/lib/python3.12/site-packages'
[3.382s] Level 1:colcon.colcon_core.shell:create_environment_hook('robotik_control', 'pythonpath')
[3.382s] INFO:colcon.colcon_core.shell:Creating environment hook '/home/maksmykha/Documents/RobotikProject/install/robotik_control/share/robotik_control/hook/pythonpath.ps1'
[3.385s] DEBUG:colcon.colcon_core.event_handler.log_command:Invoked command in '/home/maksmykha/Documents/RobotikProject/build/robotik_control' returned '0': DEBUGINFOD_URLS=https://debuginfod.ubuntu.com PYTHONPATH=/home/maksmykha/Documents/RobotikProject/build/robotik_control/prefix_override:/usr/lib/python3/dist-packages/colcon_core/task/python/colcon_distutils_commands:/home/maksmykha/Documents/RobotikProject/install/robotik_control/lib/python3.12/site-packages:${PYTHONPATH} /usr/bin/python3 -W ignore:setup.py install is deprecated -W ignore:easy_install command is deprecated setup.py develop --editable --build-directory /home/maksmykha/Documents/RobotikProject/build/robotik_control/build --no-deps symlink_data
[3.387s] INFO:colcon.colcon_core.shell:Creating environment descriptor '/home/maksmykha/Documents/RobotikProject/install/robotik_control/share/robotik_control/hook/pythonpath.dsv'
[3.388s] INFO:colcon.colcon_core.shell:Creating environment hook '/home/maksmykha/Documents/RobotikProject/install/robotik_control/share/robotik_control/hook/pythonpath.sh'
[3.388s] Level 1:colcon.colcon_core.environment:checking '/home/maksmykha/Documents/RobotikProject/install/robotik_control/bin'
[3.388s] Level 1:colcon.colcon_core.environment:create_environment_scripts_only(robotik_control)
[3.388s] INFO:colcon.colcon_core.shell:Creating package script '/home/maksmykha/Documents/RobotikProject/install/robotik_control/share/robotik_control/package.ps1'
[3.394s] INFO:colcon.colcon_core.shell:Creating package descriptor '/home/maksmykha/Documents/RobotikProject/install/robotik_control/share/robotik_control/package.dsv'
[3.394s] INFO:colcon.colcon_core.shell:Creating package script '/home/maksmykha/Documents/RobotikProject/install/robotik_control/share/robotik_control/package.sh'
[3.395s] INFO:colcon.colcon_core.shell:Creating package script '/home/maksmykha/Documents/RobotikProject/install/robotik_control/share/robotik_control/package.bash'
[3.400s] INFO:colcon.colcon_core.shell:Creating package script '/home/maksmykha/Documents/RobotikProject/install/robotik_control/share/robotik_control/package.zsh'
[3.400s] Level 1:colcon.colcon_core.environment:create_file_with_runtime_dependencies(/home/maksmykha/Documents/RobotikProject/install/robotik_control/share/colcon-core/packages/robotik_control)
[3.442s] Level 1:colcon.colcon_core.shell:create_environment_hook('robotik_vision', 'pythonpath_develop')
[3.442s] DEBUG:colcon.colcon_core.event_handler.log_command:Invoked command in '/home/maksmykha/Documents/RobotikProject/build/robotik_vision' returned '0': DEBUGINFOD_URLS=https://debuginfod.ubuntu.com PYTHONPATH=/home/maksmykha/Documents/RobotikProject/build/robotik_vision/prefix_override:/usr/lib/python3/dist-packages/colcon_core/task/python/colcon_distutils_commands:/home/maksmykha/Documents/RobotikProject/install/robotik_vision/lib/python3.12/site-packages:${PYTHONPATH} /usr/bin/python3 -W ignore:setup.py install is deprecated -W ignore:easy_install command is deprecated setup.py develop --editable --build-directory /home/maksmykha/Documents/RobotikProject/build/robotik_vision/build --no-deps symlink_data
[3.442s] INFO:colcon.colcon_core.shell:Creating environment hook '/home/maksmykha/Documents/RobotikProject/build/robotik_vision/share/robotik_vision/hook/pythonpath_develop.ps1'
[3.443s] INFO:colcon.colcon_core.shell:Creating environment descriptor '/home/maksmykha/Documents/RobotikProject/build/robotik_vision/share/robotik_vision/hook/pythonpath_develop.dsv'
[3.443s] INFO:colcon.colcon_core.shell:Creating environment hook '/home/maksmykha/Documents/RobotikProject/build/robotik_vision/share/robotik_vision/hook/pythonpath_develop.sh'
[3.444s] Level 1:colcon.colcon_core.environment:checking '/home/maksmykha/Documents/RobotikProject/install/robotik_vision' for CMake module files
[3.449s] Level 1:colcon.colcon_core.environment:checking '/home/maksmykha/Documents/RobotikProject/install/robotik_vision' for CMake config files
[3.450s] Level 1:colcon.colcon_core.environment:checking '/home/maksmykha/Documents/RobotikProject/install/robotik_vision/lib'
[3.450s] Level 1:colcon.colcon_core.environment:checking '/home/maksmykha/Documents/RobotikProject/install/robotik_vision/bin'
[3.450s] Level 1:colcon.colcon_core.environment:checking '/home/maksmykha/Documents/RobotikProject/install/robotik_vision/lib/pkgconfig/robotik_vision.pc'
[3.451s] Level 1:colcon.colcon_core.environment:checking '/home/maksmykha/Documents/RobotikProject/install/robotik_vision/lib/python3.12/site-packages'
[3.451s] Level 1:colcon.colcon_core.shell:create_environment_hook('robotik_vision', 'pythonpath')
[3.451s] INFO:colcon.colcon_core.shell:Creating environment hook '/home/maksmykha/Documents/RobotikProject/install/robotik_vision/share/robotik_vision/hook/pythonpath.ps1'
[3.451s] INFO:colcon.colcon_core.shell:Creating environment descriptor '/home/maksmykha/Documents/RobotikProject/install/robotik_vision/share/robotik_vision/hook/pythonpath.dsv'
[3.452s] INFO:colcon.colcon_core.shell:Creating environment hook '/home/maksmykha/Documents/RobotikProject/install/robotik_vision/share/robotik_vision/hook/pythonpath.sh'
[3.452s] Level 1:colcon.colcon_core.environment:checking '/home/maksmykha/Documents/RobotikProject/install/robotik_vision/bin'
[3.452s] Level 1:colcon.colcon_core.environment:create_environment_scripts_only(robotik_vision)
[3.452s] INFO:colcon.colcon_core.shell:Creating package script '/home/maksmykha/Documents/RobotikProject/install/robotik_vision/share/robotik_vision/package.ps1'
[3.453s] INFO:colcon.colcon_core.shell:Creating package descriptor '/home/maksmykha/Documents/RobotikProject/install/robotik_vision/share/robotik_vision/package.dsv'
[3.454s] INFO:colcon.colcon_core.shell:Creating package script '/home/maksmykha/Documents/RobotikProject/install/robotik_vision/share/robotik_vision/package.sh'
[3.465s] INFO:colcon.colcon_core.shell:Creating package script '/home/maksmykha/Documents/RobotikProject/install/robotik_vision/share/robotik_vision/package.bash'
[3.465s] INFO:colcon.colcon_core.shell:Creating package script '/home/maksmykha/Documents/RobotikProject/install/robotik_vision/share/robotik_vision/package.zsh'
[3.465s] Level 1:colcon.colcon_core.environment:create_file_with_runtime_dependencies(/home/maksmykha/Documents/RobotikProject/install/robotik_vision/share/colcon-core/packages/robotik_vision)
[3.565s] Level 1:colcon.colcon_core.shell:create_environment_hook('robotik_bringup', 'pythonpath_develop')
[3.566s] DEBUG:colcon.colcon_core.event_handler.log_command:Invoked command in '/home/maksmykha/Documents/RobotikProject/build/robotik_bringup' returned '0': DEBUGINFOD_URLS=https://debuginfod.ubuntu.com PYTHONPATH=/home/maksmykha/Documents/RobotikProject/build/robotik_bringup/prefix_override:/usr/lib/python3/dist-packages/colcon_core/task/python/colcon_distutils_commands:/home/maksmykha/Documents/RobotikProject/install/robotik_bringup/lib/python3.12/site-packages:${PYTHONPATH} /usr/bin/python3 -W ignore:setup.py install is deprecated -W ignore:easy_install command is deprecated setup.py develop --editable --build-directory /home/maksmykha/Documents/RobotikProject/build/robotik_bringup/build --no-deps symlink_data
[3.566s] INFO:colcon.colcon_core.shell:Creating environment hook '/home/maksmykha/Documents/RobotikProject/build/robotik_bringup/share/robotik_bringup/hook/pythonpath_develop.ps1'
[3.566s] INFO:colcon.colcon_core.shell:Creating environment descriptor '/home/maksmykha/Documents/RobotikProject/build/robotik_bringup/share/robotik_bringup/hook/pythonpath_develop.dsv'
[3.567s] INFO:colcon.colcon_core.shell:Creating environment hook '/home/maksmykha/Documents/RobotikProject/build/robotik_bringup/share/robotik_bringup/hook/pythonpath_develop.sh'
[3.567s] Level 1:colcon.colcon_core.environment:checking '/home/maksmykha/Documents/RobotikProject/install/robotik_bringup' for CMake module files
[3.568s] Level 1:colcon.colcon_core.environment:checking '/home/maksmykha/Documents/RobotikProject/install/robotik_bringup' for CMake config files
[3.568s] Level 1:colcon.colcon_core.environment:checking '/home/maksmykha/Documents/RobotikProject/install/robotik_bringup/lib'
[3.568s] Level 1:colcon.colcon_core.environment:checking '/home/maksmykha/Documents/RobotikProject/install/robotik_bringup/bin'
[3.568s] Level 1:colcon.colcon_core.environment:checking '/home/maksmykha/Documents/RobotikProject/install/robotik_bringup/lib/pkgconfig/robotik_bringup.pc'
[3.568s] Level 1:colcon.colcon_core.environment:checking '/home/maksmykha/Documents/RobotikProject/install/robotik_bringup/lib/python3.12/site-packages'
[3.568s] Level 1:colcon.colcon_core.shell:create_environment_hook('robotik_bringup', 'pythonpath')
[3.568s] INFO:colcon.colcon_core.shell:Creating environment hook '/home/maksmykha/Documents/RobotikProject/install/robotik_bringup/share/robotik_bringup/hook/pythonpath.ps1'
[3.569s] INFO:colcon.colcon_core.shell:Creating environment descriptor '/home/maksmykha/Documents/RobotikProject/install/robotik_bringup/share/robotik_bringup/hook/pythonpath.dsv'
[3.569s] INFO:colcon.colcon_core.shell:Creating environment hook '/home/maksmykha/Documents/RobotikProject/install/robotik_bringup/share/robotik_bringup/hook/pythonpath.sh'
[3.570s] Level 1:colcon.colcon_core.environment:checking '/home/maksmykha/Documents/RobotikProject/install/robotik_bringup/bin'
[3.570s] Level 1:colcon.colcon_core.environment:create_environment_scripts_only(robotik_bringup)
[3.571s] INFO:colcon.colcon_core.shell:Creating package script '/home/maksmykha/Documents/RobotikProject/install/robotik_bringup/share/robotik_bringup/package.ps1'
[3.571s] INFO:colcon.colcon_core.shell:Creating package descriptor '/home/maksmykha/Documents/RobotikProject/install/robotik_bringup/share/robotik_bringup/package.dsv'
[3.574s] INFO:colcon.colcon_core.shell:Creating package script '/home/maksmykha/Documents/RobotikProject/install/robotik_bringup/share/robotik_bringup/package.sh'
[3.574s] INFO:colcon.colcon_core.shell:Creating package script '/home/maksmykha/Documents/RobotikProject/install/robotik_bringup/share/robotik_bringup/package.bash'
[3.575s] INFO:colcon.colcon_core.shell:Creating package script '/home/maksmykha/Documents/RobotikProject/install/robotik_bringup/share/robotik_bringup/package.zsh'
[3.576s] Level 1:colcon.colcon_core.environment:create_file_with_runtime_dependencies(/home/maksmykha/Documents/RobotikProject/install/robotik_bringup/share/colcon-core/packages/robotik_bringup)
[3.816s] Level 1:colcon.colcon_core.shell:create_environment_hook('robotik_gazebo', 'pythonpath_develop')
[3.816s] INFO:colcon.colcon_core.shell:Creating environment hook '/home/maksmykha/Documents/RobotikProject/build/robotik_gazebo/share/robotik_gazebo/hook/pythonpath_develop.ps1'
[3.817s] INFO:colcon.colcon_core.shell:Creating environment descriptor '/home/maksmykha/Documents/RobotikProject/build/robotik_gazebo/share/robotik_gazebo/hook/pythonpath_develop.dsv'
[3.817s] INFO:colcon.colcon_core.shell:Creating environment hook '/home/maksmykha/Documents/RobotikProject/build/robotik_gazebo/share/robotik_gazebo/hook/pythonpath_develop.sh'
[3.817s] Level 1:colcon.colcon_core.environment:checking '/home/maksmykha/Documents/RobotikProject/install/robotik_gazebo' for CMake module files
[3.818s] Level 1:colcon.colcon_core.environment:checking '/home/maksmykha/Documents/RobotikProject/install/robotik_gazebo' for CMake config files
[3.818s] Level 1:colcon.colcon_core.environment:checking '/home/maksmykha/Documents/RobotikProject/install/robotik_gazebo/lib'
[3.818s] Level 1:colcon.colcon_core.environment:checking '/home/maksmykha/Documents/RobotikProject/install/robotik_gazebo/bin'
[3.818s] Level 1:colcon.colcon_core.environment:checking '/home/maksmykha/Documents/RobotikProject/install/robotik_gazebo/lib/pkgconfig/robotik_gazebo.pc'
[3.818s] Level 1:colcon.colcon_core.environment:checking '/home/maksmykha/Documents/RobotikProject/install/robotik_gazebo/lib/python3.12/site-packages'
[3.820s] Level 1:colcon.colcon_core.shell:create_environment_hook('robotik_gazebo', 'pythonpath')
[3.820s] DEBUG:colcon.colcon_core.event_handler.log_command:Invoked command in '/home/maksmykha/Documents/RobotikProject/build/robotik_gazebo' returned '0': DEBUGINFOD_URLS=https://debuginfod.ubuntu.com PYTHONPATH=/home/maksmykha/Documents/RobotikProject/build/robotik_gazebo/prefix_override:/usr/lib/python3/dist-packages/colcon_core/task/python/colcon_distutils_commands:/home/maksmykha/Documents/RobotikProject/install/robotik_gazebo/lib/python3.12/site-packages:${PYTHONPATH} /usr/bin/python3 -W ignore:setup.py install is deprecated -W ignore:easy_install command is deprecated setup.py develop --editable --build-directory /home/maksmykha/Documents/RobotikProject/build/robotik_gazebo/build --no-deps symlink_data
[3.820s] INFO:colcon.colcon_core.shell:Creating environment hook '/home/maksmykha/Documents/RobotikProject/install/robotik_gazebo/share/robotik_gazebo/hook/pythonpath.ps1'
[3.822s] INFO:colcon.colcon_core.shell:Creating environment descriptor '/home/maksmykha/Documents/RobotikProject/install/robotik_gazebo/share/robotik_gazebo/hook/pythonpath.dsv'
[3.822s] INFO:colcon.colcon_core.shell:Creating environment hook '/home/maksmykha/Documents/RobotikProject/install/robotik_gazebo/share/robotik_gazebo/hook/pythonpath.sh'
[3.822s] Level 1:colcon.colcon_core.environment:checking '/home/maksmykha/Documents/RobotikProject/install/robotik_gazebo/bin'
[3.822s] Level 1:colcon.colcon_core.environment:create_environment_scripts_only(robotik_gazebo)
[3.823s] INFO:colcon.colcon_core.shell:Creating package script '/home/maksmykha/Documents/RobotikProject/install/robotik_gazebo/share/robotik_gazebo/package.ps1'
[3.823s] INFO:colcon.colcon_core.shell:Creating package descriptor '/home/maksmykha/Documents/RobotikProject/install/robotik_gazebo/share/robotik_gazebo/package.dsv'
[3.823s] INFO:colcon.colcon_core.shell:Creating package script '/home/maksmykha/Documents/RobotikProject/install/robotik_gazebo/share/robotik_gazebo/package.sh'
[3.824s] INFO:colcon.colcon_core.shell:Creating package script '/home/maksmykha/Documents/RobotikProject/install/robotik_gazebo/share/robotik_gazebo/package.bash'
[3.824s] INFO:colcon.colcon_core.shell:Creating package script '/home/maksmykha/Documents/RobotikProject/install/robotik_gazebo/share/robotik_gazebo/package.zsh'
[3.824s] Level 1:colcon.colcon_core.environment:create_file_with_runtime_dependencies(/home/maksmykha/Documents/RobotikProject/install/robotik_gazebo/share/colcon-core/packages/robotik_gazebo)
[4.130s] Level 1:colcon.colcon_core.shell:create_environment_hook('yolo_ros', 'pythonpath_develop')
[4.131s] INFO:colcon.colcon_core.shell:Creating environment hook '/home/maksmykha/Documents/RobotikProject/build/yolo_ros/share/yolo_ros/hook/pythonpath_develop.ps1'
[4.131s] DEBUG:colcon.colcon_core.event_handler.log_command:Invoked command in '/home/maksmykha/Documents/RobotikProject/build/yolo_ros' returned '0': CMAKE_PREFIX_PATH=/home/maksmykha/Documents/RobotikProject/install/yolo_msgs:/home/maksmykha/Documents/RobotikProject/install/yolo_bringup:/home/maksmykha/Documents/RobotikProject/install/robotik_description:/home/maksmykha/Documents/RobotikProject/install/robot_description:/opt/ros/jazzy/opt/gz_sim_vendor:/opt/ros/jazzy/opt/gz_sensors_vendor:/opt/ros/jazzy/opt/gz_physics_vendor:/opt/ros/jazzy/opt/sdformat_vendor:/opt/ros/jazzy/opt/gz_gui_vendor:/opt/ros/jazzy/opt/gz_transport_vendor:/opt/ros/jazzy/opt/gz_rendering_vendor:/opt/ros/jazzy/opt/gz_plugin_vendor:/opt/ros/jazzy/opt/gz_fuel_tools_vendor:/opt/ros/jazzy/opt/gz_msgs_vendor:/opt/ros/jazzy/opt/gz_common_vendor:/opt/ros/jazzy/opt/gz_math_vendor:/opt/ros/jazzy/opt/gz_utils_vendor:/opt/ros/jazzy/opt/gz_tools_vendor:/opt/ros/jazzy/opt/gz_ogre_next_vendor:/opt/ros/jazzy/opt/gz_dartsim_vendor:/opt/ros/jazzy/opt/gz_cmake_vendor DEBUGINFOD_URLS=https://debuginfod.ubuntu.com PYTHONPATH=/home/maksmykha/Documents/RobotikProject/build/yolo_ros/prefix_override:/usr/lib/python3/dist-packages/colcon_core/task/python/colcon_distutils_commands:/home/maksmykha/Documents/RobotikProject/install/yolo_ros/lib/python3.12/site-packages:/home/maksmykha/Documents/RobotikProject/install/yolo_msgs/lib/python3.12/site-packages:/home/maksmykha/Documents/RobotikProject/build/yolo_ros:/home/maksmykha/Documents/RobotikProject/install/yolo_ros/lib/python3.12/site-packages:/home/maksmykha/Documents/RobotikProject/build/robotik_vision:/home/maksmykha/Documents/RobotikProject/install/robotik_vision/lib/python3.12/site-packages:/home/maksmykha/Documents/RobotikProject/build/robotik_sorting:/home/maksmykha/Documents/RobotikProject/install/robotik_sorting/lib/python3.12/site-packages:/home/maksmykha/Documents/RobotikProject/build/robotik_gazebo:/home/maksmykha/Documents/RobotikProject/install/robotik_gazebo/lib/python3.12/site-packages:/home/maksmykha/Documents/RobotikProject/build/robotik_control:/home/maksmykha/Documents/RobotikProject/install/robotik_control/lib/python3.12/site-packages:/home/maksmykha/Documents/RobotikProject/build/robotik_bringup:/home/maksmykha/Documents/RobotikProject/install/robotik_bringup/lib/python3.12/site-packages:/opt/ros/jazzy/lib/python3.12/site-packages /usr/bin/python3 -W ignore:setup.py install is deprecated -W ignore:easy_install command is deprecated setup.py develop --editable --build-directory /home/maksmykha/Documents/RobotikProject/build/yolo_ros/build --no-deps symlink_data
[4.131s] INFO:colcon.colcon_core.shell:Creating environment descriptor '/home/maksmykha/Documents/RobotikProject/build/yolo_ros/share/yolo_ros/hook/pythonpath_develop.dsv'
[4.132s] INFO:colcon.colcon_core.shell:Creating environment hook '/home/maksmykha/Documents/RobotikProject/build/yolo_ros/share/yolo_ros/hook/pythonpath_develop.sh'
[4.132s] Level 1:colcon.colcon_core.environment:checking '/home/maksmykha/Documents/RobotikProject/install/yolo_ros' for CMake module files
[4.133s] Level 1:colcon.colcon_core.environment:checking '/home/maksmykha/Documents/RobotikProject/install/yolo_ros' for CMake config files
[4.134s] Level 1:colcon.colcon_core.environment:checking '/home/maksmykha/Documents/RobotikProject/install/yolo_ros/lib'
[4.134s] Level 1:colcon.colcon_core.environment:checking '/home/maksmykha/Documents/RobotikProject/install/yolo_ros/bin'
[4.134s] Level 1:colcon.colcon_core.environment:checking '/home/maksmykha/Documents/RobotikProject/install/yolo_ros/lib/pkgconfig/yolo_ros.pc'
[4.134s] Level 1:colcon.colcon_core.environment:checking '/home/maksmykha/Documents/RobotikProject/install/yolo_ros/lib/python3.12/site-packages'
[4.134s] Level 1:colcon.colcon_core.shell:create_environment_hook('yolo_ros', 'pythonpath')
[4.134s] INFO:colcon.colcon_core.shell:Creating environment hook '/home/maksmykha/Documents/RobotikProject/install/yolo_ros/share/yolo_ros/hook/pythonpath.ps1'
[4.134s] INFO:colcon.colcon_core.shell:Creating environment descriptor '/home/maksmykha/Documents/RobotikProject/install/yolo_ros/share/yolo_ros/hook/pythonpath.dsv'
[4.135s] INFO:colcon.colcon_core.shell:Creating environment hook '/home/maksmykha/Documents/RobotikProject/install/yolo_ros/share/yolo_ros/hook/pythonpath.sh'
[4.137s] Level 1:colcon.colcon_core.environment:checking '/home/maksmykha/Documents/RobotikProject/install/yolo_ros/bin'
[4.140s] Level 1:colcon.colcon_core.environment:create_environment_scripts_only(yolo_ros)
[4.140s] INFO:colcon.colcon_core.shell:Creating package script '/home/maksmykha/Documents/RobotikProject/install/yolo_ros/share/yolo_ros/package.ps1'
[4.142s] INFO:colcon.colcon_core.shell:Creating package descriptor '/home/maksmykha/Documents/RobotikProject/install/yolo_ros/share/yolo_ros/package.dsv'
[4.142s] INFO:colcon.colcon_core.shell:Creating package script '/home/maksmykha/Documents/RobotikProject/install/yolo_ros/share/yolo_ros/package.sh'
[4.143s] INFO:colcon.colcon_core.shell:Creating package script '/home/maksmykha/Documents/RobotikProject/install/yolo_ros/share/yolo_ros/package.bash'
[4.143s] INFO:colcon.colcon_core.shell:Creating package script '/home/maksmykha/Documents/RobotikProject/install/yolo_ros/share/yolo_ros/package.zsh'
[4.143s] Level 1:colcon.colcon_core.environment:create_file_with_runtime_dependencies(/home/maksmykha/Documents/RobotikProject/install/yolo_ros/share/colcon-core/packages/yolo_ros)
[4.144s] INFO:colcon.colcon_ros.task.ament_cmake.build:Building ROS package in '/home/maksmykha/Documents/RobotikProject/src/yolo_ros/yolo_bringup' with build type 'ament_cmake'
[4.144s] INFO:colcon.colcon_cmake.task.cmake.build:Building CMake package in '/home/maksmykha/Documents/RobotikProject/src/yolo_ros/yolo_bringup'
[4.144s] INFO:colcon.colcon_core.shell:Skip shell extension 'powershell' for command environment: Not usable outside of PowerShell
[4.144s] DEBUG:colcon.colcon_core.shell:Skip shell extension 'dsv' for command environment
[4.167s] DEBUG:colcon.colcon_core.event_handler.log_command:Invoking command in '/home/maksmykha/Documents/RobotikProject/build/yolo_bringup': AMENT_PREFIX_PATH=/home/maksmykha/Documents/RobotikProject/install/yolo_ros:/home/maksmykha/Documents/RobotikProject/install/yolo_bringup:/home/maksmykha/Documents/RobotikProject/install/yolo_msgs:/home/maksmykha/Documents/RobotikProject/install/robotik_vision:/home/maksmykha/Documents/RobotikProject/install/robotik_sorting:/home/maksmykha/Documents/RobotikProject/install/robotik_gazebo:/home/maksmykha/Documents/RobotikProject/install/robotik_description:/home/maksmykha/Documents/RobotikProject/install/robotik_control:/home/maksmykha/Documents/RobotikProject/install/robotik_bringup:/home/maksmykha/Documents/RobotikProject/install/robot_description:/opt/ros/jazzy CMAKE_PREFIX_PATH=/home/maksmykha/Documents/RobotikProject/install/yolo_msgs:/home/maksmykha/Documents/RobotikProject/install/yolo_bringup:/home/maksmykha/Documents/RobotikProject/install/robotik_description:/home/maksmykha/Documents/RobotikProject/install/robot_description:/opt/ros/jazzy/opt/gz_sim_vendor:/opt/ros/jazzy/opt/gz_sensors_vendor:/opt/ros/jazzy/opt/gz_physics_vendor:/opt/ros/jazzy/opt/sdformat_vendor:/opt/ros/jazzy/opt/gz_gui_vendor:/opt/ros/jazzy/opt/gz_transport_vendor:/opt/ros/jazzy/opt/gz_rendering_vendor:/opt/ros/jazzy/opt/gz_plugin_vendor:/opt/ros/jazzy/opt/gz_fuel_tools_vendor:/opt/ros/jazzy/opt/gz_msgs_vendor:/opt/ros/jazzy/opt/gz_common_vendor:/opt/ros/jazzy/opt/gz_math_vendor:/opt/ros/jazzy/opt/gz_utils_vendor:/opt/ros/jazzy/opt/gz_tools_vendor:/opt/ros/jazzy/opt/gz_ogre_next_vendor:/opt/ros/jazzy/opt/gz_dartsim_vendor:/opt/ros/jazzy/opt/gz_cmake_vendor:/home/maksmykha/Documents/RobotikProject/install/yolo_ros:/home/maksmykha/Documents/RobotikProject/install/robotik_vision:/home/maksmykha/Documents/RobotikProject/install/robotik_sorting:/home/maksmykha/Documents/RobotikProject/install/robotik_gazebo:/home/maksmykha/Documents/RobotikProject/install/robotik_control:/home/maksmykha/Documents/RobotikProject/install/robotik_bringup:/opt/ros/jazzy DEBUGINFOD_URLS=https://debuginfod.ubuntu.com /usr/bin/cmake --build /home/maksmykha/Documents/RobotikProject/build/yolo_bringup -- -j8 -l8
[4.225s] DEBUG:colcon.colcon_core.event_handler.log_command:Invoked command in '/home/maksmykha/Documents/RobotikProject/build/yolo_bringup' returned '0': AMENT_PREFIX_PATH=/home/maksmykha/Documents/RobotikProject/install/yolo_ros:/home/maksmykha/Documents/RobotikProject/install/yolo_bringup:/home/maksmykha/Documents/RobotikProject/install/yolo_msgs:/home/maksmykha/Documents/RobotikProject/install/robotik_vision:/home/maksmykha/Documents/RobotikProject/install/robotik_sorting:/home/maksmykha/Documents/RobotikProject/install/robotik_gazebo:/home/maksmykha/Documents/RobotikProject/install/robotik_description:/home/maksmykha/Documents/RobotikProject/install/robotik_control:/home/maksmykha/Documents/RobotikProject/install/robotik_bringup:/home/maksmykha/Documents/RobotikProject/install/robot_description:/opt/ros/jazzy CMAKE_PREFIX_PATH=/home/maksmykha/Documents/RobotikProject/install/yolo_msgs:/home/maksmykha/Documents/RobotikProject/install/yolo_bringup:/home/maksmykha/Documents/RobotikProject/install/robotik_description:/home/maksmykha/Documents/RobotikProject/install/robot_description:/opt/ros/jazzy/opt/gz_sim_vendor:/opt/ros/jazzy/opt/gz_sensors_vendor:/opt/ros/jazzy/opt/gz_physics_vendor:/opt/ros/jazzy/opt/sdformat_vendor:/opt/ros/jazzy/opt/gz_gui_vendor:/opt/ros/jazzy/opt/gz_transport_vendor:/opt/ros/jazzy/opt/gz_rendering_vendor:/opt/ros/jazzy/opt/gz_plugin_vendor:/opt/ros/jazzy/opt/gz_fuel_tools_vendor:/opt/ros/jazzy/opt/gz_msgs_vendor:/opt/ros/jazzy/opt/gz_common_vendor:/opt/ros/jazzy/opt/gz_math_vendor:/opt/ros/jazzy/opt/gz_utils_vendor:/opt/ros/jazzy/opt/gz_tools_vendor:/opt/ros/jazzy/opt/gz_ogre_next_vendor:/opt/ros/jazzy/opt/gz_dartsim_vendor:/opt/ros/jazzy/opt/gz_cmake_vendor:/home/maksmykha/Documents/RobotikProject/install/yolo_ros:/home/maksmykha/Documents/RobotikProject/install/robotik_vision:/home/maksmykha/Documents/RobotikProject/install/robotik_sorting:/home/maksmykha/Documents/RobotikProject/install/robotik_gazebo:/home/maksmykha/Documents/RobotikProject/install/robotik_control:/home/maksmykha/Documents/RobotikProject/install/robotik_bringup:/opt/ros/jazzy DEBUGINFOD_URLS=https://debuginfod.ubuntu.com /usr/bin/cmake --build /home/maksmykha/Documents/RobotikProject/build/yolo_bringup -- -j8 -l8
[4.228s] DEBUG:colcon.colcon_core.event_handler.log_command:Invoking command in '/home/maksmykha/Documents/RobotikProject/build/yolo_bringup': AMENT_PREFIX_PATH=/home/maksmykha/Documents/RobotikProject/install/yolo_ros:/home/maksmykha/Documents/RobotikProject/install/yolo_bringup:/home/maksmykha/Documents/RobotikProject/install/yolo_msgs:/home/maksmykha/Documents/RobotikProject/install/robotik_vision:/home/maksmykha/Documents/RobotikProject/install/robotik_sorting:/home/maksmykha/Documents/RobotikProject/install/robotik_gazebo:/home/maksmykha/Documents/RobotikProject/install/robotik_description:/home/maksmykha/Documents/RobotikProject/install/robotik_control:/home/maksmykha/Documents/RobotikProject/install/robotik_bringup:/home/maksmykha/Documents/RobotikProject/install/robot_description:/opt/ros/jazzy CMAKE_PREFIX_PATH=/home/maksmykha/Documents/RobotikProject/install/yolo_msgs:/home/maksmykha/Documents/RobotikProject/install/yolo_bringup:/home/maksmykha/Documents/RobotikProject/install/robotik_description:/home/maksmykha/Documents/RobotikProject/install/robot_description:/opt/ros/jazzy/opt/gz_sim_vendor:/opt/ros/jazzy/opt/gz_sensors_vendor:/opt/ros/jazzy/opt/gz_physics_vendor:/opt/ros/jazzy/opt/sdformat_vendor:/opt/ros/jazzy/opt/gz_gui_vendor:/opt/ros/jazzy/opt/gz_transport_vendor:/opt/ros/jazzy/opt/gz_rendering_vendor:/opt/ros/jazzy/opt/gz_plugin_vendor:/opt/ros/jazzy/opt/gz_fuel_tools_vendor:/opt/ros/jazzy/opt/gz_msgs_vendor:/opt/ros/jazzy/opt/gz_common_vendor:/opt/ros/jazzy/opt/gz_math_vendor:/opt/ros/jazzy/opt/gz_utils_vendor:/opt/ros/jazzy/opt/gz_tools_vendor:/opt/ros/jazzy/opt/gz_ogre_next_vendor:/opt/ros/jazzy/opt/gz_dartsim_vendor:/opt/ros/jazzy/opt/gz_cmake_vendor:/home/maksmykha/Documents/RobotikProject/install/yolo_ros:/home/maksmykha/Documents/RobotikProject/install/robotik_vision:/home/maksmykha/Documents/RobotikProject/install/robotik_sorting:/home/maksmykha/Documents/RobotikProject/install/robotik_gazebo:/home/maksmykha/Documents/RobotikProject/install/robotik_control:/home/maksmykha/Documents/RobotikProject/install/robotik_bringup:/opt/ros/jazzy DEBUGINFOD_URLS=https://debuginfod.ubuntu.com /usr/bin/cmake --install /home/maksmykha/Documents/RobotikProject/build/yolo_bringup
[4.255s] Level 1:colcon.colcon_core.environment:create_environment_scripts_only(yolo_bringup)
[4.255s] Level 1:colcon.colcon_core.environment:checking '/home/maksmykha/Documents/RobotikProject/install/yolo_bringup' for CMake module files
[4.257s] Level 1:colcon.colcon_core.environment:checking '/home/maksmykha/Documents/RobotikProject/install/yolo_bringup' for CMake config files
[4.257s] Level 1:colcon.colcon_core.shell:create_environment_hook('yolo_bringup', 'cmake_prefix_path')
[4.257s] INFO:colcon.colcon_core.shell:Creating environment hook '/home/maksmykha/Documents/RobotikProject/install/yolo_bringup/share/yolo_bringup/hook/cmake_prefix_path.ps1'
[4.259s] INFO:colcon.colcon_core.shell:Creating environment descriptor '/home/maksmykha/Documents/RobotikProject/install/yolo_bringup/share/yolo_bringup/hook/cmake_prefix_path.dsv'
[4.259s] INFO:colcon.colcon_core.shell:Creating environment hook '/home/maksmykha/Documents/RobotikProject/install/yolo_bringup/share/yolo_bringup/hook/cmake_prefix_path.sh'
[4.259s] Level 1:colcon.colcon_core.environment:checking '/home/maksmykha/Documents/RobotikProject/install/yolo_bringup/bin'
[4.259s] Level 1:colcon.colcon_core.environment:checking '/home/maksmykha/Documents/RobotikProject/install/yolo_bringup/lib/pkgconfig/yolo_bringup.pc'
[4.260s] Level 1:colcon.colcon_core.environment:checking '/home/maksmykha/Documents/RobotikProject/install/yolo_bringup/lib/python3.12/site-packages'
[4.260s] Level 1:colcon.colcon_core.environment:checking '/home/maksmykha/Documents/RobotikProject/install/yolo_bringup/bin'
[4.260s] INFO:colcon.colcon_core.shell:Creating package script '/home/maksmykha/Documents/RobotikProject/install/yolo_bringup/share/yolo_bringup/package.ps1'
[4.261s] DEBUG:colcon.colcon_core.event_handler.log_command:Invoked command in '/home/maksmykha/Documents/RobotikProject/build/yolo_bringup' returned '0': AMENT_PREFIX_PATH=/home/maksmykha/Documents/RobotikProject/install/yolo_ros:/home/maksmykha/Documents/RobotikProject/install/yolo_bringup:/home/maksmykha/Documents/RobotikProject/install/yolo_msgs:/home/maksmykha/Documents/RobotikProject/install/robotik_vision:/home/maksmykha/Documents/RobotikProject/install/robotik_sorting:/home/maksmykha/Documents/RobotikProject/install/robotik_gazebo:/home/maksmykha/Documents/RobotikProject/install/robotik_description:/home/maksmykha/Documents/RobotikProject/install/robotik_control:/home/maksmykha/Documents/RobotikProject/install/robotik_bringup:/home/maksmykha/Documents/RobotikProject/install/robot_description:/opt/ros/jazzy CMAKE_PREFIX_PATH=/home/maksmykha/Documents/RobotikProject/install/yolo_msgs:/home/maksmykha/Documents/RobotikProject/install/yolo_bringup:/home/maksmykha/Documents/RobotikProject/install/robotik_description:/home/maksmykha/Documents/RobotikProject/install/robot_description:/opt/ros/jazzy/opt/gz_sim_vendor:/opt/ros/jazzy/opt/gz_sensors_vendor:/opt/ros/jazzy/opt/gz_physics_vendor:/opt/ros/jazzy/opt/sdformat_vendor:/opt/ros/jazzy/opt/gz_gui_vendor:/opt/ros/jazzy/opt/gz_transport_vendor:/opt/ros/jazzy/opt/gz_rendering_vendor:/opt/ros/jazzy/opt/gz_plugin_vendor:/opt/ros/jazzy/opt/gz_fuel_tools_vendor:/opt/ros/jazzy/opt/gz_msgs_vendor:/opt/ros/jazzy/opt/gz_common_vendor:/opt/ros/jazzy/opt/gz_math_vendor:/opt/ros/jazzy/opt/gz_utils_vendor:/opt/ros/jazzy/opt/gz_tools_vendor:/opt/ros/jazzy/opt/gz_ogre_next_vendor:/opt/ros/jazzy/opt/gz_dartsim_vendor:/opt/ros/jazzy/opt/gz_cmake_vendor:/home/maksmykha/Documents/RobotikProject/install/yolo_ros:/home/maksmykha/Documents/RobotikProject/install/robotik_vision:/home/maksmykha/Documents/RobotikProject/install/robotik_sorting:/home/maksmykha/Documents/RobotikProject/install/robotik_gazebo:/home/maksmykha/Documents/RobotikProject/install/robotik_control:/home/maksmykha/Documents/RobotikProject/install/robotik_bringup:/opt/ros/jazzy DEBUGINFOD_URLS=https://debuginfod.ubuntu.com /usr/bin/cmake --install /home/maksmykha/Documents/RobotikProject/build/yolo_bringup
[4.261s] INFO:colcon.colcon_core.shell:Creating package descriptor '/home/maksmykha/Documents/RobotikProject/install/yolo_bringup/share/yolo_bringup/package.dsv'
[4.262s] INFO:colcon.colcon_core.shell:Creating package script '/home/maksmykha/Documents/RobotikProject/install/yolo_bringup/share/yolo_bringup/package.sh'
[4.262s] INFO:colcon.colcon_core.shell:Creating package script '/home/maksmykha/Documents/RobotikProject/install/yolo_bringup/share/yolo_bringup/package.bash'
[4.262s] INFO:colcon.colcon_core.shell:Creating package script '/home/maksmykha/Documents/RobotikProject/install/yolo_bringup/share/yolo_bringup/package.zsh'
[4.262s] Level 1:colcon.colcon_core.environment:create_file_with_runtime_dependencies(/home/maksmykha/Documents/RobotikProject/install/yolo_bringup/share/colcon-core/packages/yolo_bringup)
[4.263s] Level 1:colcon.colcon_core.environment:create_environment_scripts_only(yolo_bringup)
[4.263s] Level 1:colcon.colcon_core.environment:checking '/home/maksmykha/Documents/RobotikProject/install/yolo_bringup' for CMake module files
[4.263s] Level 1:colcon.colcon_core.environment:checking '/home/maksmykha/Documents/RobotikProject/install/yolo_bringup' for CMake config files
[4.266s] Level 1:colcon.colcon_core.shell:create_environment_hook('yolo_bringup', 'cmake_prefix_path')
[4.266s] INFO:colcon.colcon_core.shell:Creating environment hook '/home/maksmykha/Documents/RobotikProject/install/yolo_bringup/share/yolo_bringup/hook/cmake_prefix_path.ps1'
[4.267s] INFO:colcon.colcon_core.shell:Creating environment descriptor '/home/maksmykha/Documents/RobotikProject/install/yolo_bringup/share/yolo_bringup/hook/cmake_prefix_path.dsv'
[4.267s] INFO:colcon.colcon_core.shell:Creating environment hook '/home/maksmykha/Documents/RobotikProject/install/yolo_bringup/share/yolo_bringup/hook/cmake_prefix_path.sh'
[4.267s] Level 1:colcon.colcon_core.environment:checking '/home/maksmykha/Documents/RobotikProject/install/yolo_bringup/bin'
[4.267s] Level 1:colcon.colcon_core.environment:checking '/home/maksmykha/Documents/RobotikProject/install/yolo_bringup/lib/pkgconfig/yolo_bringup.pc'
[4.267s] Level 1:colcon.colcon_core.environment:checking '/home/maksmykha/Documents/RobotikProject/install/yolo_bringup/lib/python3.12/site-packages'
[4.268s] Level 1:colcon.colcon_core.environment:checking '/home/maksmykha/Documents/RobotikProject/install/yolo_bringup/bin'
[4.268s] INFO:colcon.colcon_core.shell:Creating package script '/home/maksmykha/Documents/RobotikProject/install/yolo_bringup/share/yolo_bringup/package.ps1'
[4.268s] INFO:colcon.colcon_core.shell:Creating package descriptor '/home/maksmykha/Documents/RobotikProject/install/yolo_bringup/share/yolo_bringup/package.dsv'
[4.268s] INFO:colcon.colcon_core.shell:Creating package script '/home/maksmykha/Documents/RobotikProject/install/yolo_bringup/share/yolo_bringup/package.sh'
[4.269s] INFO:colcon.colcon_core.shell:Creating package script '/home/maksmykha/Documents/RobotikProject/install/yolo_bringup/share/yolo_bringup/package.bash'
[4.269s] INFO:colcon.colcon_core.shell:Creating package script '/home/maksmykha/Documents/RobotikProject/install/yolo_bringup/share/yolo_bringup/package.zsh'
[4.269s] Level 1:colcon.colcon_core.environment:create_file_with_runtime_dependencies(/home/maksmykha/Documents/RobotikProject/install/yolo_bringup/share/colcon-core/packages/yolo_bringup)
[4.270s] DEBUG:colcon.colcon_parallel_executor.executor.parallel:closing loop
[4.270s] DEBUG:colcon.colcon_parallel_executor.executor.parallel:loop closed
[4.270s] DEBUG:colcon.colcon_parallel_executor.executor.parallel:run_until_complete finished with '0'
[4.270s] DEBUG:colcon.colcon_core.event_reactor:joining thread
[4.276s] INFO:colcon.colcon_core.plugin_system:Skipping extension 'colcon_notification.desktop_notification.terminal_notifier': Not used on non-Darwin systems
[4.277s] INFO:colcon.colcon_core.plugin_system:Skipping extension 'colcon_notification.desktop_notification.win32': Not used on non-Windows systems
[4.277s] INFO:colcon.colcon_notification.desktop_notification:Sending desktop notification using 'notify2'
[4.322s] DEBUG:colcon.colcon_core.event_reactor:joined thread
[4.323s] INFO:colcon.colcon_core.shell:Creating prefix script '/home/maksmykha/Documents/RobotikProject/install/local_setup.ps1'
[4.323s] INFO:colcon.colcon_core.shell:Creating prefix util module '/home/maksmykha/Documents/RobotikProject/install/_local_setup_util_ps1.py'
[4.324s] INFO:colcon.colcon_core.shell:Creating prefix chain script '/home/maksmykha/Documents/RobotikProject/install/setup.ps1'
[4.326s] INFO:colcon.colcon_core.shell:Creating prefix script '/home/maksmykha/Documents/RobotikProject/install/local_setup.sh'
[4.326s] INFO:colcon.colcon_core.shell:Creating prefix util module '/home/maksmykha/Documents/RobotikProject/install/_local_setup_util_sh.py'
[4.327s] INFO:colcon.colcon_core.shell:Creating prefix chain script '/home/maksmykha/Documents/RobotikProject/install/setup.sh'
[4.328s] INFO:colcon.colcon_core.shell:Creating prefix script '/home/maksmykha/Documents/RobotikProject/install/local_setup.bash'
[4.329s] INFO:colcon.colcon_core.shell:Creating prefix chain script '/home/maksmykha/Documents/RobotikProject/install/setup.bash'
[4.330s] INFO:colcon.colcon_core.shell:Creating prefix script '/home/maksmykha/Documents/RobotikProject/install/local_setup.zsh'
[4.330s] INFO:colcon.colcon_core.shell:Creating prefix chain script '/home/maksmykha/Documents/RobotikProject/install/setup.zsh'
